Ped,Bike,Bike Loop,School Area,1st St,E 2nd St,5th St,8th St,B St,F St,J St N,North Sycamore,North Anderson,North Anderson,East Covell,Olive Drive,Pole Line,West Russell,Russell,Downtown,University Rice,Old North,Old East,A St,DATE,TIME,REPORT,STREET 1,STREET 2,DISTANCE,DIRECTION,PRIMARY CAUSE,COLLISION TYPE,INJURY,Bike,5 Year Bike,5 Year  Ped,Ped,FATAL,TYPE OF COLLISION,VEHICLE 1,VEHICLE 2,INVOLVED WITH,OBJECT HIT,PEDESTRIAN ACTION,TRAFFIC CONTROL DEVICES,NOTES
,,,1,,,,,,,,,,,1,,,,,,,,,,5/20/2004,4:35 PM,04-2996,W Covell Blvd,F Street,40',East,VC 22107,Sideswipe,,,,,,,,Passenger Car,Passenger Car,Other Motor Vehicle,,No Pedestrian Involved,,
,,,,,,,,,,,,,,,,,,,,,,,,5/21/2004,6:15 PM,04-3063,Portola Street,Rio Grande Street,30',North,VC 22350,Sideswipe,1,,,,,,,Motorcycle,Passenger Car,Parked Motor Vehicle,,No Pedestrian Involved,,
,,,,,,,,,,,1,,,,,,,,,,,,,5/22/2004,7:00 PM,04-3081,W Covell Blvd,Sycamore Lane,20',East,VC 22350,Rear-End,,,,,,,,Passenger Car,Passenger Car,Other Motor Vehicle,,No Pedestrian Involved,,
,1,,,,,,,,,,,,,,,,,, ,1,,,,5/25/2004,10:28 AM,04-3124,Third Street,University Avenue,0',In Int.,VC 22517,Other,1,1.0,,,,,,Passenger Car,Bicycle,Bicycle,,No Pedestrian Involved,,
,,,,,2,,,,,, ,,,,,,,,,,,,,5/25/2004,1:00 PM,04-3125,Mace Blvd,Second Street,0',In Int.,VC 22350,Rear-End,,,,,,,,Passenger Car,Pickup Truck,Other Motor Vehicle,,No Pedestrian Involved,,
,,,,1,,,,,,,,,,,,,,,1,,,,,5/25/2004,1:26 PM,04-3126,First Street,F Street,50',East,VC 22350,Sideswipe,,,,,,,,Passenger Car With Trailer,Pickup Truck,Parked Motor Vehicle,,No Pedestrian Involved,,
,,,,,,,,,,,,,,,,,,,,,,,,5/25/2004,4:04 PM,04-3134,W Covell Blvd,Sycamore Lane,350',West,VC 22350,Rear-End,1,,,,,,,Passenger Car,Passenger Car,Other Motor Vehicle,,No Pedestrian Involved,,
,,,,,,,1,,,,,,,,,,,,1,,,,,5/25/2004,9:45 PM,04-3144,E Eighth Street,H Street,0',In Int.,VC 21801.A,Broadside,,,,,,,,Passenger Car,Passenger Car,Other Motor Vehicle,,No Pedestrian Involved,,
,,,,,,,,1,,,,,,,,,,,1,,,,,5/26/2004,1:30 PM,04-3166,Second Street,B Street,0',In Int.,VC 22106,Broadside,,,,,,,,Passenger Car,Passenger Car,Other Motor Vehicle,,No Pedestrian Involved,,
,,,,,1,,,,,,,,,,,,,,,,,,,5/24/2004,11:00 AM,04-3172,Second Street,Pena Drive,0',In Int.,VC .,Other,,,,,,,,Passenger Car,Truck With Trailer,Other Motor Vehicle,,No Pedestrian Involved,,
,,,,,,,,,,,,,,,,,,,,,,,,5/27/2004,10:30 AM,04-3189,1270 Farragut Cir,Null,0',In Int.,VC ,Broadside,,,,,,,,Other,Passenger Car,Other Motor Vehicle,,No Pedestrian Involved,,
,,,,,,,,,,,,,,,,,,,,,,,,5/28/2004,2:30 PM,04-3214,Cowell Blvd,Drew Avenue,0',In Int.,VC 21460.5C,Broadside,,,,,,,,Passenger Car,Passenger Car,Other Motor Vehicle,,No Pedestrian Involved,,
,,,,,,,,,,,,,,,,,,,,,,,,5/28/2004,9:42 AM,04-3228,1411 W Covell,"""""",0',In Int.,VC ,Broadside,,,,,,,,Passenger Car,Passenger Car,Other Motor Vehicle,,No Pedestrian Involved,,
,,,,,,,,,,,,,,,,,,,,,,,,5/29/2004,1:14 PM,04-3235,1771 Research Park Drive,Null,0',In Int.,VC 20002.A,Other,,,,,,,,Pickup Truck,,Parked Motor Vehicle,,No Pedestrian Involved,,
,,,,,,,,,,,,,,,,,,,,,,,,5/29/2004,8:15 PM,04-3239,Mace Blvd,Interstate 80 Wb,0',In Int.,VC 22107,Overturned,2,,,,,,,Passenger Car,Other Bus,Other Motor Vehicle,,No Pedestrian Involved,,
,,,,,,,,,,, ,,,,,,,,,,,,,5/30/2004,5:00 AM,04-3243,Drake Drive,Sycamore Lane (N),0',In Int.,VC 22350,Sideswipe,,,,,,,,Passenger Car,Pickup Truck,Parked Motor Vehicle,,No Pedestrian Involved,,
,,,,,,,,,,,,,1,,,,,,,,,,,5/31/2004,1:29 PM,04-3264,Anderson Road,Russell Blvd,150',North,VC 21755,Sideswipe,2,,,,,,,Passenger Car,Motorcycle,Other Motor Vehicle,,No Pedestrian Involved,,
,,,,,,,,,,,,,,,,,,,1,,,,,5/31/2004,5:35 PM,04-3269,E Street,Second Street,100',North,VC .,Rear-End,,,,,,,,Passenger Car,Other,Parked Motor Vehicle,,No Pedestrian Involved,,
,,,,,,1,,,,,,,,,,,,,1,,1,,,6/3/2004,10:20 AM,04-3344,505 5th St,Null,0',In Int.,VC ,Rear-End,,,,,,,,Passenger Car,Passenger Car,Other Motor Vehicle,,No Pedestrian Involved,,
,,,,,,,,,,,,,,,,,,,,,,,,6/3/2004,10:50 PM,04-3347,825 Russell Blvd,Null,0',In Int.,VC 20002.A,Other,,,,,,,,Passenger Car,Passenger Car,Parked Motor Vehicle,,No Pedestrian Involved,,
,1,1,1,,,,,,,,,,,,,,,,,,,,,6/4/2004,2:55 PM,04-3359,W Fourteenth Street,Eureka Avenue,223',East,VC 21650,Other,1,1.0,,,,,,Bicycle,Passenger Car,Bicycle,,No Pedestrian Involved,,
,,,,,,,,,,,,,,,,1,,,,,,,,6/4/2004,5:40 PM,04-3364,Pole Line Road,Fifth Street,0',In Int.,VC 21804.A,Broadside,,,,,,,,Passenger Car,Pickup Truck,Other Motor Vehicle,,No Pedestrian Involved,,
,,,,,1,,,,,,,,,,,,,,,,,,,6/4/2004,6:48 PM,04-3367,Mace Blvd,Second Street,1040',South,VC 22350,Rear-End,2,,,,,,,Passenger Car,Pickup Truck,Other Motor Vehicle,,No Pedestrian Involved,,
,,,,,,,,,,,,,,,1,,,,,,,,,6/7/2004,2:04 PM,04-3407,Richards Blvd,Olive Drive,80',North,VC 22350,Rear-End,1,,,,,,,Passenger Car,Passenger Car,Other Motor Vehicle,,No Pedestrian Involved,,
,,,,,,,,,,,,,,,,,,,,,,,,6/1/2004,4:20 PM,04-3418,Russell Blvd,Highway 113 Nb,0',In Int.,VC .,Rear-End,,,,,,,,Passenger Car,Passenger Car,Other Motor Vehicle,,No Pedestrian Involved,,
1,,,,,,1,,1,,,,,,,,,,,1,1,1,,,6/7/2004,10:45 AM,04-3434,B Street,Fifth Street,0',In Int.,VC 21950.A,Vehicle - Pedestrian,1,,,,1.0,,,Pedestrian,Passenger Car,Pedestrian,,Crossing In Crosswalk At Intersection,,
,,,1,,,,,,1,,,,,1,,,,,,,,,,4/22/2004,5:30 PM,04-3463,F Street,W Covell Blvd,0',In Int.,VC ,Rear-End,,,,,,,,Passenger Car,Passenger Car,Other Motor Vehicle,,No Pedestrian Involved,,
,,,,,,,,,,,,,,,,,,,,,,,,6/8/2004,10:34 PM,04-3465,W Covell Blvd,Highway 113 Nb,0',In Int.,VC 21453.A,Head-On,,,,,,,,Passenger Car,Pickup Truck,Other Motor Vehicle,,No Pedestrian Involved,,
,,,,,,,,,,,,,,,,,,,,,,,,6/2/2004,4:00 PM,04-3488,1260 Lake Blvd,Null,0',In Int.,VC 20002.A,Sideswipe,,,,,,,,Other,,Parked Motor Vehicle,,No Pedestrian Involved,,
,,,,,,,,,,,,,,,,,,,,,,,,5/31/2004,10:40 AM,04-3489,Second Street,Kendall Way,0',In Int.,VC .,Rear-End,,,,,,,,Passenger Car,Passenger Car,Other Motor Vehicle,,No Pedestrian Involved,,
,,,,,,,,,,,,,,,,,,,,,,,,6/9/2004,8:11 PM,04-3493,Picasso Avenue,Cezanne Court,81',West,VC 22350,Rear-End,,,,,,,,Passenger Car,Passenger Car,Parked Motor Vehicle,,No Pedestrian Involved,,
,,,,,,1,,,1,,,,,,,,,,1,,1,,,6/10/2004,11:20 AM,04-3513,Fifth Street,F Street,0',In Int.,VC .,Hit Object,,,,,,,,Passenger Car,,Fixed Object,,No Pedestrian Involved,,
,,,1,,,,1,,,,,,,,,,,,,,,,,6/10/2004,11:37 AM,04-3515,L Street,E Eighth Street,0',In Int.,VC 21801.A,Head-On,1,,,,,,,Passenger Car,Passenger Car,Other Motor Vehicle,,No Pedestrian Involved,,
,,,,,,,,,,,,,,,,,,,,,,,,6/10/2004,1:20 PM,04-3519,Chiles Road,Mace Blvd,283',East,VC 21801.A,Broadside,2,,,,,,,Pickup Truck,Passenger Car,Other Motor Vehicle,,No Pedestrian Involved,,
,,,,,,,,,,,,,,1,,1,,,,,,,,6/10/2004,5:15 PM,04-3522,E Covell Blvd,Pole Line Road,25',East,VC 22107,Sideswipe,,,,,,,,Pickup Truck,Passenger Car,Other Motor Vehicle,,No Pedestrian Involved,,
,,,,,,,,,,,,,,,,,,,,,,,,6/10/2004,5:30 PM,04-3523,Wake Forest Drive,Oxford Circle,0',In Int.,VC 21801.A,Head-On,,,,,,,,Passenger Car,Pickup Truck,Other Motor Vehicle,,No Pedestrian Involved,,
,,,,,,,1,,,,,,,,,,,,,,,,1,5/26/2004,10:00 AM,04-3529,W Eighth Street,Miller Drive,0',In Int.,VC 22350,Rear-End,,,,,,,,Passenger Car,Passenger Car,Other Motor Vehicle,,No Pedestrian Involved,,
,,,,,,,,,1,,,,,,,,,,1,,,,,6/11/2004,6:45 AM,04-3538,F Street,Second Street,100',North,VC .,Sideswipe,,,,,,,,Truck,Passenger Car,Parked Motor Vehicle,,No Pedestrian Involved,,
,,1,,,,,,,,,,,,,,,,,,,,,,6/11/2004,4:23 PM,04-3546,Loyola Drive,Regis Drive (E),0',In Int.,VC 22350,Rear-End,1,,,,,,,Passenger Car,Passenger Car,Motor Vehicle on Other Roadway,,No Pedestrian Involved,,
,,,,,,,,,,,,,,,,,,,,,,,,6/11/2004,4:30 PM,04-3547,Montgomery Avenue,Rosario Street,528',West,VC 22350,Hit Object,,,,,,,,Passenger Car,,Fixed Object,,No Pedestrian Involved,,
,,,,,,,,,,,,1,1,,,,,,,,,,,6/14/2004,11:40 AM,04-3595,W Covell Blvd,Anderson Road,80',West,VC 21804.A,Broadside,,,,,,,,Passenger Car,Passenger Car,Other Motor Vehicle,,No Pedestrian Involved,,
,,,,,,1,,,,,,,,,,,,,1,,1,,,6/7/2004,1:00 PM,04-3609,Fifth Street,G Street,0',In Int.,VC 21453.A,Broadside,,,,,,,,Passenger Car,Passenger Car,Other Motor Vehicle,,No Pedestrian Involved,,
,,,,,,,,,,,,,,,,,,,1,,,,,6/13/2004,,04-3619,G Street,Second Street,100',North,VC 22106,Sideswipe,,,,,,,,Passenger Car,Passenger Car,Parked Motor Vehicle,,No Pedestrian Involved,,
,,,,,,1,,,,,,,,,,,,,1,,1,,,6/14/2004,11:20 PM,04-3653,Fifth Street,G Street,0',In Int.,VC .,Broadside,,,,,,,,Passenger Car,Passenger Car,Other Motor Vehicle,,No Pedestrian Involved,,
,,,,,,,,,,,,,,,,,,,,,,1,,6/17/2004,2:52 PM,04-3669,Fourth Street,I Street,150',West,VC .,Hit Object,,,,,,,,Truck With Trailer,,Other Object,,No Pedestrian Involved,,
,,,,,,,,,,,,,1,,,,,,,,,,,6/17/2004,4:15 PM,04-3672,Anderson Road,Russell Blvd,234',North,VC 22106,Broadside,,,,,,,,Passenger Car,Other Bus,Other Motor Vehicle,,No Pedestrian Involved,,
,,,,,,,,,,,,,,,,1,,,,,,,,6/17/2004,4:45 PM,04-3675,Pole Line Road,Fifth Street,216',South,VC 21804.A,Broadside,,,,,,,,Passenger Car,Passenger Car,Other Motor Vehicle,,No Pedestrian Involved,,
,,,,,,,,,,,,,,,,1,,,,,,,,6/17/2004,5:45 PM,04-3677,Pole Line Road,Fifth Street,50',South,VC 22350,Rear-End,,,,,,,,Passenger Car,Passenger Car,Other Motor Vehicle,,No Pedestrian Involved,,
,,,,,,,,,,,,,,,,1,,,,,,,,6/17/2004,4:37 PM,04-3678,Pole Line Road,Fifth Street,275',North,VC 21755,Broadside,,,,,,,,Pickup Truck,Passenger Car,Other Motor Vehicle,,No Pedestrian Involved,,
,,1,1,,,,,,,,,,,,,,,,,,,,,6/17/2004,6:05 PM,04-3679,Oak Avenue,W Fourteenth Street,75',South,VC 22350,Rear-End,,,,,,,,Passenger Car,Passenger Car,Other Motor Vehicle,,No Pedestrian Involved,,
,,,,,,,,,,,,,,,1,,,,,,,,,6/18/2004,2:00 PM,04-3699,1020 Olive Dr,Null,0',In Int.,VC 20002.A,Broadside,,,,,,,,Pickup Truck,Pickup Truck,Parked Motor Vehicle,,No Pedestrian Involved,,
,1,,,,,,1,,,,,,,,,,,,,,,,,6/17/2004,4:00 PM,04-3701,2215 E 8th St,Street,0',In Int.,VC .,Rear-End,,,,,,,,Passenger Car,Bicycle,Bicycle,,No Pedestrian Involved,,
,,,,1,,,,,,,,,,,,,,,1,,,,,6/19/2004,,04-3719,305 First St,"""""",',Not Stated,VC ,Broadside,,,,,,,,Other,Pickup Truck,Other Motor Vehicle,,No Pedestrian Involved,,
,,,,,1,,,,,,,,,,,,,,,,,,,6/19/2004,3:45 PM,04-3721,Mace Blvd,Second Street,0',In Int.,VC 21453.A,Broadside,1,,,,,,,Passenger Car,Passenger Car,Other Motor Vehicle,,No Pedestrian Involved,,
,,,1,,,,,,,,,,,,,,,,,,,,,6/21/2004,10:08 AM,04-3748,W Covell Blvd,Catalina Drive,0',In Int.,VC 22350,Rear-End,1,,,,,,,Passenger Car,Passenger Car,Other Motor Vehicle,,No Pedestrian Involved,,
,,,,,,,,,,,,,,,,,,,,,,,,6/21/2004,10:00 AM,04-3749,Malaga Avenue,Almeria Street,70',East,VC 22107,Sideswipe,,,,,,,,Other,Passenger Car,Parked Motor Vehicle,,No Pedestrian Involved,,
,,,,,,1,,,1,,,,,,,,,,1,,1,,,6/21/2004,4:51 PM,04-3768,Fifth Street,F Street,50',East,VC 22350,Rear-End,,,,,,,,Passenger Car,Passenger Car,Other Motor Vehicle,,No Pedestrian Involved,,
,,,,,,1,,,,,,,,,,,,,1,,1,,,6/21/2004,4:42 PM,04-3769,Fifth Street,G Street,60',West,VC 21804.A,Broadside,,,,,,,,Passenger Car,Passenger Car,Other Motor Vehicle,,No Pedestrian Involved,,
,,,,,2,,,,,,,,,,,,,,,,,,,6/21/2004,10:25 PM,04-3787,Second Street,Faraday Avenue (W),528',West,VC .,Hit Object,,,,,,,,Passenger Car,,Fixed Object,,No Pedestrian Involved,,
,1,,1,,,,,,1,,,,,1,,,,,,,,,,6/23/2004,12:40 PM,04-3821,F Street,W Covell Blvd,800',South,VC 22350,Other,1,1.0,,,,,,Bicycle,Passenger Car,Parked Motor Vehicle,,No Pedestrian Involved,,
,,,,,,,,,,,,,,,,,,,,,,,,6/8/2004,,04-3829,2121 Glacier Dr,Null,0',In Int.,VC .,Other,,,,,,,,Passenger Car,,Parked Motor Vehicle,,No Pedestrian Involved,,
,,,,,1,,,,,,,,,,,,,,,,,,,6/25/2004,10:35 AM,04-3862,Mace Blvd,County Road 32a,174',South,VC 22107,Rear-End,,,,,,,,Passenger Car,Pickup Truck,Other Motor Vehicle,,No Pedestrian Involved,,
,,,,,,1,,,1,,,,,,,,,,1,,1,,,6/25/2004,4:45 PM,04-3874,F Street,Fifth Street,0',In Int.,VC 22106,Head-On,,,,,,,,Pickup Truck,Passenger Car,Parked Motor Vehicle,,No Pedestrian Involved,,
,,,,,,,,,,,,,,,,1,,,,,,,,6/27/2004,1:05 AM,04-3891,Pole Line Road,Wahl Way,0',In Int.,VC 23152.A,Hit Object,,,,,,,,Pickup Truck,,Fixed Object,,No Pedestrian Involved,,
,1,,,,,1,,,,,,,,,,,,,,,,1,,6/28/2004,2:19 AM,04-3902,L Street,Fifth Street,400',North,VC 21200.5,Other,1,1.0,,,,,,Bicycle,,Fixed Object,,No Pedestrian Involved,,
,,,,,,,,,,,,,1,,,,,,,,,,,6/28/2004,7:20 AM,04-3906,757 Russell Blvd,Anderson Road,250',West,VC .,Rear-End,,,,,,,,Pickup Truck,Passenger Car,Parked Motor Vehicle,,No Pedestrian Involved,,
,,,,,,,,,,,,,,,,,,,,,,,,6/28/2004,4:01 PM,04-3917,Cowell Blvd,Drew Avenue,0',In Int.,VC 21460.5C,Sideswipe,,,,,,,,Passenger Car,Passenger Car,Other Motor Vehicle,,No Pedestrian Involved,,
,,,,,,,,,,,,,,,,,,,,,,,,6/29/2004,9:30 AM,04-3927,Richards Blvd,Research Park Drive,40',North,VC .,Sideswipe,,,,,,,,Passenger Car,Pickup Truck,Other Motor Vehicle,,No Pedestrian Involved,,
,1,1,,,,,,,,,,,,,,,,,,,,,,6/30/2004,3:55 PM,04-3949,Villanova Drive,Reed Drive,200',West,VC .,Other,1,1.0,,,,,,Bicycle,,Fixed Object,,No Pedestrian Involved,,
,1,,,,,,,,,,,,,,,,,,,,,,,6/30/2004,9:50 AM,04-3953,Elm Lane,Russell Blvd,0',In Int.,VC .,Broadside,1,1.0,,,,,,Bicycle,Passenger Car,Bicycle,,No Pedestrian Involved,,
,,,,,,,,,,,,,,,,,1,,,,,,,7/2/2004,2:10 PM,04-3987,Russell Blvd,Arlington Blvd,0',In Int.,VC 22107,Broadside,,,,,,,,Passenger Car,Passenger Car,Other Motor Vehicle,,No Pedestrian Involved,,
 ,1,1,,,,,,,,,,,,,,,,,,,,,,7/2/2004,5:20 PM,04-3992,Chestnut Lane,Drexel Drive,500',South,VC 22350,Other,,,,,,,,Passenger Car,Bicycle,Bicycle,,No Pedestrian Involved,,
,,,1,,,,,,1,,,,,,,,,,,,,,,7/3/2004,2:06 AM,04-4002,E Fourteenth Street,F Street,180',West,VC 22350,Hit Object,,,,,,,,Passenger Car,,Fixed Object,,No Pedestrian Involved,,
,,,1,,,,,,,,,,,,,,,,,,,,,7/4/2004,9:51 PM,04-4025,W Covell Blvd,513 Catalina Drive,513',East,VC 22350,Rear-End,,,,,,,,Pickup Truck,Passenger Car,Other Motor Vehicle,,No Pedestrian Involved,,
,,,,,,1,,,,,,,,,,,,,,,,1,,7/5/2004,12:35 AM,04-4027,Fifth Street,L Street,0',In Int.,VC 22100.A,Broadside,1,,,,,,,Passenger Car,Passenger Car,Other Motor Vehicle,,No Pedestrian Involved,,
,,,1,,,,,,,,,,,,,1,,,,,,,,7/6/2004,11:02 AM,04-4042,Pole Line Road,Cowell Blvd,450',North,VC 22350,Broadside,,,,,,,,Passenger Car,Passenger Car,Other Motor Vehicle,,No Pedestrian Involved,,
,1,,,,,,,,,,,,,,,,,, ,1,,,,7/6/2004,5:39 PM,04-4055,University Avenue,Third Street,0',In Int.,VC 22107,Other,1,1.0,,,,,,Bicycle,Passenger Car,Bicycle,,No Pedestrian Involved,,
,,,,,,,,,,,,,,,,,,,,,,,,7/6/2004,5:43 PM,04-4056,Lake Blvd,W Covell Blvd,200',South,VC 22106,Sideswipe,1,,,,,,,Passenger Car,Passenger Car,Other Motor Vehicle,,No Pedestrian Involved,,
,,,,,,1,,,1,,,,,,,,,,1,,1,,,7/7/2004,11:15 AM,04-4069,Fifth Street,F Street,0',In Int.,VC 21453.A,Broadside,,,,,,,,Pickup Truck,Passenger Car,Other Motor Vehicle,,No Pedestrian Involved,,
,,,,,,,1,,,,,,,,,,,,1,,,,,7/7/2004,12:25 PM,04-4070,E Eighth Street,H Street,0',In Int.,VC 21802.A,Broadside,,,,,,,,Passenger Car,Passenger Car,Other Motor Vehicle,,No Pedestrian Involved,,
,,,,,,,,,,,1,,,,,,,,,,,,,7/7/2004,12:50 PM,04-4071,W Covell Blvd,Sycamore Lane,10',West,VC 22350,Rear-End,,,,,,,,Passenger Car,Passenger Car,Other Motor Vehicle,,No Pedestrian Involved,,
,,,,,,,,,,,,,,,,,,,,,,,,7/7/2004,7:19 PM,04-4077,Alhambra Drive,Arroyo Avenue,250',East,VC .,Hit Object,,,,,,,,Passenger Car,,Fixed Object,,No Pedestrian Involved,,
,,,,,,,,,,,,,,,,,,,,,,,,7/8/2004,7:50 AM,04-4093,Mace Blvd,Interstate 80 Wb,0',In Int.,VC ,Not Stated,,,,,,,,Passenger Car,Passenger Car,Not Stated,,Not Stated,,
,1,,,,,,,,,,,,,,,1,,,,,,,,7/13/2004,5:50 PM,04-4162,Pole Line Road,Fifth Street,195',North,VC 22107,Other,1,1.0,,,,,,Passenger Car,Bicycle,Bicycle,,No Pedestrian Involved,,
,,,,,,,,,,,,,,,1,,,,,,,,,7/2/2004,11:30 PM,04-4183,1100 Olive Dr,Null,0',In Int.,VC .,Other,,,,,,,,Passenger Car,,Parked Motor Vehicle,,No Pedestrian Involved,,
,,1,1,,,,,,,,,,1,,,,,,,,,,,7/14/2004,5:58 PM,04-4185,Anderson Road,Villanova Drive,0',In Int.,VC 21453.A,Broadside,1,,,,,,,Passenger Car,Passenger Car,Other Motor Vehicle,,No Pedestrian Involved,,
,,,,,,,,,,,,,,,,,,,1,,,,,7/15/2004,2:38 PM,04-4198,D Street,Second Street,0',In Int.,VC 20002.A,Sideswipe,,,,,,,,Pickup Truck,Passenger Car,Other Motor Vehicle,,No Pedestrian Involved,,
1,,,,,,,,,,,,,,,,,,,,,,,,7/15/2004,7:18 PM,04-4204,Cowell Blvd,Drew Avenue,0',In Int.,VC 21950.A,Vehicle - Pedestrian,1,,,,1.0,,,Passenger Car,Pedestrian,Pedestrian,,Crossing In Crosswalk At Intersection,,
,,,,,,,,,,,,,,,,,,,,,,,,7/16/2004,1:35 PM,04-4212,W Covell Blvd,Sutter Place,0',In Int.,VC 21453.A,Broadside,1,,,,,,,Passenger Car,Passenger Car,Other Motor Vehicle,,No Pedestrian Involved,,
,1,,,,,1,,,,,,,,,,,,,,,,1,,7/16/2004,7:06 PM,04-4216,J Street,Fifth Street,0',In Int.,VC 21650.1,Other,1,1.0,,,,,,Bicycle,Passenger Car,Bicycle,,No Pedestrian Involved,,
,,,,,,,1,,,,,,,,,,,,,,,,,7/17/2004,11:01 PM,04-4234,Tulip Lane,E Eighth Street,50',North,VC 23152.A,Hit Object,,,,,,,,Pickup Truck,Not Stated,Fixed Object,,No Pedestrian Involved,,
,,,,,,,,,,,,,,,,,,,,,,,,7/18/2004,10:15 AM,04-4240,W Covell Blvd,Highway 113 Nb,0',In Int.,VC 21453.A,Broadside,2,,,,,,,Passenger Car,Passenger Car,Other Motor Vehicle,,No Pedestrian Involved,,
,,,,,,1,,,1,,,,,,,,,,1,,1,,,7/18/2004,12:35 PM,04-4244,Fifth Street,F Street,0',In Int.,VC 21801.A,Broadside,,,,,,,,Passenger Car,Passenger Car,Other Motor Vehicle,,Crossing In Crosswalk Not At Intersection,Was there a ped?,
,,,,,1,,,,,,,,,,,,,,,,,,,7/19/2004,12:49 AM,04-4253,L Street,Second Street,0',In Int.,VC 22350,Overturned,,,,,,,,Passenger Car,,Fixed Object,,No Pedestrian Involved,,
,,,,,,,,,,,,,,,,,,,,,,,,7/20/2004,9:45 AM,04-4275,Russell Blvd,Howard Way,30',West,VC 22350,Rear-End,1,,,,,,,Passenger Car,Passenger Car,Other Motor Vehicle,,Crossing In Crosswalk At Intersection,Ped?,
,,,1,,,,,,1,,,,,,,,,,,,,,,7/21/2004,2:20 AM,04-4281,F Street,E Fourteenth Street,54',South,VC 23152.A,Rear-End,,,,,,,,Passenger Car,Passenger Car,Parked Motor Vehicle,,No Pedestrian Involved,,
,,,1,,,,,,,,,,,,,,,,,,,,,7/21/2004,8:36 AM,04-4283,W Covell Blvd,Catalina Drive,18',West,VC 22350,Rear-End,2,,,,,,,Passenger Car,Pickup Truck,Other Motor Vehicle,,No Pedestrian Involved,,
,,,,,,1,,,,,,,,,,,,,,,,1,,7/16/2004,5:00 PM,04-4292,J Street,Fifth Street,0',In Int.,VC .,Broadside,,,,,,,,Passenger Car,Passenger Car,Other Motor Vehicle,,No Pedestrian Involved,,
,,,,,,,,,,,,,,,,,,,1,,,,,7/22/2004,10:05 AM,04-4297,D Street,Fourth Street,0',In Int.,VC 22102,Broadside,,,,,,,,Passenger Car,Passenger Car,Other Motor Vehicle,,No Pedestrian Involved,,
,,,,,,1,,,,,,,,,,,,,,,,1,,7/23/2004,7:50 AM,04-4312,Fifth Street,L Street,0',In Int.,VC 22107,Hit Object,,,,,,,,Pickup Truck,,Fixed Object,,No Pedestrian Involved,,
,,,,,,,,,,,,,,,,,,,,,,,,7/23/2004,1:00 PM,04-4318,Wake Forest Drive,Sycamore Lane,0',In Int.,VC 22106,Sideswipe,,,,,,,,Passenger Car,Passenger Car,Other Motor Vehicle,,No Pedestrian Involved,,
,,,,,,,,,,,,,,,,,,,,,,,,7/23/2004,3:15 PM,04-4320,W Covell Blvd,Shasta Drive,0',In Int.,VC 21453.C,Broadside,,,,,,,,Pickup Truck,Passenger Car,Other Motor Vehicle,,No Pedestrian Involved,,
,,,1,,,,1,,,,,,1,,,,,,,,,,,7/23/2004,4:10 PM,04-4321,Anderson Road,W Eighth Street,0',In Int.,VC 21453.A,Broadside,2,,,,,,,Passenger Car,Passenger Car,Other Motor Vehicle,,No Pedestrian Involved,,
,,,,,,,,,,,,,,,,,,,,,,,,7/25/2004,10:13 PM,04-4355,W Covell Blvd,Highway 113 Nb,0',In Int.,VC 21453.C,Broadside,,,,,,,,Passenger Car,Passenger Car,Other Motor Vehicle,,No Pedestrian Involved,,
,,,1,,,,,,,,,,,,,,,,,,,,,7/26/2004,7:50 AM,04-4361,Arlington Blvd,Calaveras Avenue,0',In Int.,VC 21801.A,Head-On,3,,,,,,,Pickup Truck,Passenger Car,Other Motor Vehicle,,No Pedestrian Involved,,
,,,,,,,,,1,,,,,,,,,,1,,,,,7/26/2004,12:45 PM,04-4366,Third Street,F Street,0',In Int.,VC 21453.A,Broadside,,,,,,,,Passenger Car,Passenger Car,Other Motor Vehicle,,No Pedestrian Involved,,
,,,,,,1,,,,,,,,,,,,,1,,1,,,7/29/2004,5:13 PM,04-4373,Fifth Street,G Street,0',In Int.,VC 21801.A,Broadside,2,,,,,,,Passenger Car,Passenger Car,Other Motor Vehicle,,No Pedestrian Involved,,
,,,,,,,,,,,,,,,,1,,,,,,,,7/26/2004,5:23 PM,04-4383,Fifth Street,Pole Line Road,0',In Int.,VC 23103.A,Sideswipe,1,,,,,,,Passenger Car,Passenger Car,Other Motor Vehicle,,No Pedestrian Involved,,
,,,,,,,,,,,,,,,,,,,,,,,,7/29/2004,1:05 PM,04-4436,Chiles Road,Ensenada Drive,210',East,VC 21804.A,Broadside,,,,,,,,Passenger Car,Passenger Car,Other Motor Vehicle,,No Pedestrian Involved,,
,,,,,,,,,,,,,,,,,,,,,,1,,7/29/2004,3:50 PM,04-4438,J Street,Yale Drive,0',In Int.,VC 21800.B1,Broadside,2,,,,,,,Pickup Truck,Pickup Truck,Other Motor Vehicle,,No Pedestrian Involved,,
,,,,,,,,1,,,,,,,,,,,1,1,,,,8/1/2004,4:24 AM,04-4552,B Street,Second Street,130',South,VC 22107,Hit Object,,,,,,,,Truck With Trailer,,Fixed Object,,No Pedestrian Involved,,
,,,,,,1,,1,,,,,,,,,,,1,1,1,,,8/1/2004,2:12 PM,04-4555,Fifth Street,B Street,0',In Int.,VC 21453.A,Broadside,,,,,,,,Passenger Car,Passenger Car,Other Motor Vehicle,,No Pedestrian Involved,,