Ped,Bike,Bike Loop,School Area,1st St,E 2nd St,5th St,8th St,B St,F St,J St N,North Sycamore,North Anderson,North Anderson,East Covell,Olive Drive,Pole Line,West Russell,Russell,Downtown,University Rice,Old North,Old East,A St,DATE,TIME,REPORT,STREET 1,STREET 2,DISTANCE,DIRECTION,PRIMARY CAUSE,COLLISION TYPE,INJURY,Bike,5 Year Bike,5 Year  Ped,Ped,FATAL,TYPE OF COLLISION,VEHICLE 1,VEHICLE 2,INVOLVED WITH,OBJECT HIT,PEDESTRIAN ACTION,TRAFFIC CONTROL DEVICES,NOTES
,,,,,,,,,,,,,,,,,,,1,,,,,7/22/2004,12:00 PM,04-4568,C Street,Second Street,0',In Int.,VC .,Not Stated,,,,,,,,Passenger Car,Not Stated,Not Stated,,Not Stated,,
,,,,,,,,,,,,,,,,,,,,,,1,,7/22/2004,6:00 AM,04-4656,315 I Street,Street,0',In Int.,VC .,Not Stated,,,,,,,,Passenger Car,Other,Not Stated,,Not Stated,,
,,1,1,,,,,,,,,,,,,,,,,,,,,8/7/2004,7:15 PM,04-4724,Sycamore Lane,Villanova Drive,0',In Int.,VC 21755,Sideswipe,,,,,,,,Passenger Car,Not Stated,Other Motor Vehicle,,No Pedestrian Involved,,
,,,,,,,1,,,,,,,,,1,,,,,,,,8/6/2004,8:40 PM,04-4732,E Eighth Street,Pole Line Road,5',West,VC 22350,Rear-End,,,,,,,,Passenger Car,Passenger Car,Other Motor Vehicle,,No Pedestrian Involved,,
,1,,,,,,,,,,,,,,,,,,,,,,,8/8/2004,3:15 AM,04-4739,Cypress Lane,Alice Street,50',South,VC 21200.5,Other,,,,,,,,Bicycle,Pickup Truck,Bicycle,,No Pedestrian Involved,,
,,,,,,1,,,,,,,,,,,,,1,,1,,,8/9/2004,12:20 PM,04-4756,Fifth Street,C Street,0',In Int.,VC 21802.A,Sideswipe,1,,,,,,,Passenger Car,Passenger Car,Other Motor Vehicle,,No Pedestrian Involved,,
,,,1,,,,1,,,,,,,,,,,,,,,,,7/31/2004,4:00 PM,04-4759,1615 E Eighth St,Street,0',In Int.,VC .,Head-On,,,,,,,,Not Stated,,Fixed Object,,No Pedestrian Involved,,
1,,,,,,,,1,,,,,,,,,,,1,,,,,8/10/2004,2:48 PM,04-4773,First Street,B Street,0',In Int.,VC 21950.A,Vehicle - Pedestrian,1,,,,1.0,,,Pickup Truck,Pedestrian,Pedestrian,,Crossing In Crosswalk At Intersection,,
,,,,,,,,,,,,,,,,1,,,,,,,,8/11/2004,11:45 AM,04-4795,Fifth Street,Pole Line Road,0',In Int.,VC .,Other,,,,,,,,Pickup Truck,Passenger Car,Other Motor Vehicle,,No Pedestrian Involved,,
,,,,,,,1,,,,,,,,,1,,,,,,,,8/11/2004,3:22 PM,04-4796,E Eighth Street,Pole Line Road,0',In Int.,VC 21804.A,Broadside,,,,,,,,Passenger Car,Passenger Car,Other Motor Vehicle,,No Pedestrian Involved,,
,,,,,,,,,,,,,,,,,,,1,,,,,8/2/2004,2:30 PM,04-4798,207 E Street,Second Street,0',In Int.,VC .,Sideswipe,,,,,,,,Other Bus,Passenger Car,Other Motor Vehicle,,No Pedestrian Involved,,
,,,,,,,,1,,,,,,,,,,,1,1,,,,8/12/2004,4:20 PM,04-4821,B Street,Rice Lane,0',In Int.,VC 22100.B,Sideswipe,,,,,,,,Pickup Truck,Passenger Car,Other Motor Vehicle,,No Pedestrian Involved,,
,,,,,,,,,,,,,,,,,,,,,,,,8/12/2004,11:18 PM,04-4825,Drew Circle,Cowell Blvd,1056',South,VC 22350,Hit Object,1,,,,,,,Passenger Car,Passenger Car,Fixed Object,,No Pedestrian Involved,,
,1,,,,,,,,,,,,,,,,,,,,,,,7/22/2004,7:30 AM,04-4835,Cowell Blvd,Mace Blvd,0',In Int.,VC .,Other,1,1.0,,,,,,Passenger Car,Bicycle,Bicycle,,No Pedestrian Involved,,
,1,,,,,,,,,,,,,,,,,,1,,1,,,8/13/2004,9:10 AM,04-4840,735 H St,Street,0',In Int.,VC .,Rear-End,,,,,,,,Passenger Car,Bicycle,Bicycle,,Not Stated,,
,1,,1,,,,,,,,,,,,,,,,1,,,,,8/13/2004,6:19 PM,04-4842,E Covell Blvd,Birch Lane,0',In Int.,VC 21451.A,Other,1,1.0,,,,,,Passenger Car,Bicycle,Bicycle,,No Pedestrian Involved,,
,,,,,,,,,,,,,,,,,,,1,,,,,8/14/2004,,04-4849,Second Street,E Street,40',East,VC .,Hit Object,,,,,,,,Not Stated,Passenger Car,Parked Motor Vehicle,,No Pedestrian Involved,,
,,,,,1,,,,,,,,,,,,,,,,,,,8/14/2004,10:54 PM,04-4855,Faraday Avenue,Second Street (W),0',In Int.,VC 22350,Hit Object,,,,,,,,Passenger Car,,Fixed Object,,No Pedestrian Involved,,
,,,,,,,,,,,,,,,,,,,,,,,,8/15/2004,11:00 PM,04-4856,333 Mace Blvd,Null,0',In Int.,VC 20002.A,Hit Object,,,,,,,,Passenger Car,Passenger Car,Other Motor Vehicle,,No Pedestrian Involved,,
,,,,,,,1,,1,,,,,,,,,,,,,,,8/16/2004,2:59 PM,04-4879,F Street,E Eighth Street,0',In Int.,VC 21453.A,Broadside,1,,,,,,,Passenger Car,Passenger Car,Other Motor Vehicle,,No Pedestrian Involved,,
,,,,,,,,,,,,,,,,,,,,,,,,8/19/2004,5:32 AM,04-4931,Mace Blvd,Chiles Road,0',In Int.,VC 21804.A,Broadside,1,,,,,,,Passenger Car,Motorcycle,Other Motor Vehicle,,No Pedestrian Involved,,
,1,,,,,,,,,,,,,,,1,,,,,,,,8/19/2004,2:47 PM,04-4938,Pole Line Road,Lehigh Drive,8',North,VC .,Other,1,1.0,,,,,,Bicycle,,Non-Collision,,No Pedestrian Involved,,
,,,,,,,,,,,,,,,,,,,1,,,,,8/24/2004,12:30 PM,04-5020,Third Street,D Street,0',In Int.,VC 22450.A,Broadside,,,,,,,,Passenger Car,Passenger Car,Other Motor Vehicle,,No Pedestrian Involved,,
,,,,,,,,1,,,,,,,,,,,1,1,,,,8/24/2004,3:30 PM,04-5023,B Street,Rice Lane,0',In Int.,VC 22106,Sideswipe,,,,,,,,Passenger Car,Passenger Car,Other Motor Vehicle,,No Pedestrian Involved,,
,,,,,,1,,,,,,,,,,,,,1,,1,,,8/25/2004,12:27 PM,04-5037,Fifth Street,C Street,0',In Int.,VC 21802.A,Broadside,1,,,,,,,Passenger Car,Passenger Car,Other Motor Vehicle,,No Pedestrian Involved,,
,,,,,,,,,,,,,,,,,,,,,,,,8/26/2004,11:25 AM,04-5058,Shasta Drive,W Covell Blvd,0',In Int.,VC 22350,Hit Object,,,,,,,,Pickup Truck,,Fixed Object,,No Pedestrian Involved,,
,,,,,,,,,,,,,,,,,,,,,,,,8/25/2004,12:30 PM,04-5062,1807 White Sands Lane,Street,0',In Int.,VC .,Sideswipe,,,,,,,,Pickup Truck,Pickup Truck With Trailer,Parked Motor Vehicle,,No Pedestrian Involved,,
,1,,1,,,,,,,,,,,,,,,,,,,,,8/27/2004,8:00 AM,04-5075,Oceano Way,Del Valle Place,0',In Int.,VC 21804.A,Other,1,1.0,,,,,,Bicycle,Passenger Car,Bicycle,,No Pedestrian Involved,,
,,1,1,,,,,,,,,,,,,,,,,,,,,8/28/2004,1:20 PM,04-5106,Villanova Drive,Reed Drive,120',East,VC 21804,Sideswipe,,,,,,,,Passenger Car,Passenger Car,Other Motor Vehicle,,No Pedestrian Involved,,
,,,,,,,,,,,,1,,,,,,,,,,,,8/28/2004,7:05 PM,04-5114,Anderson Road,Sandpiper Drive,0',In Int.,VC 22350,Hit Object,,,,,,,,Passenger Car,,Fixed Object,,No Pedestrian Involved,,
,,,1,,,,,,,,,,,,,,,,,,,,,8/30/2004,8:41 AM,04-5136,Alhambra Drive,Loyola Drive,78',South,VC 22350,Hit Object,,,,,,,,Passenger Car,,Fixed Object,,No Pedestrian Involved,,
,,,,,,,1,,,,,,,,,,,,,,,,,9/3/2004,10:40 AM,04-5184,Chestnut Lane,E Eighth Street,0',In Int.,VC ,Rear-End,,,,,,,,Pickup Truck,Passenger Car,Other Motor Vehicle,,No Pedestrian Involved,,
,,,,,,,,,,,1,,,,,,,,,,,,,9/2/2004,3:14 PM,04-5198,Sycamore Lane,Antelope Avenue,265',South,VC 22102,Sideswipe,,,,,,,,Passenger Car,Passenger Car,Other Motor Vehicle,,No Pedestrian Involved,,
,,,1,,,,,,,,,,,,,,,,,,,,,9/3/2004,2:00 PM,04-5209,Oak Avenue,W Covell Blvd,300',South,VC 21804(A),Broadside,,,,,,,,Passenger Car,Passenger Car,Other Motor Vehicle,,No Pedestrian Involved,,
,,,1,,,,,,1,,,,,,,,,,,,,,,9/3/2004,10:30 PM,04-5218,1420 F St,Null,0',In Int.,VC 20002.A,Other,,,,,,,,Passenger Car,,Parked Motor Vehicle,,No Pedestrian Involved,,
,,,,,,,,,,,,,,,,,,,,,,,,9/5/2004,7:00 PM,04-5261,Richards Blvd,Interstate 80 Eb,0',In Int.,VC 22350,Rear-End,2,,,,,,,Passenger Car,Passenger Car,Other Motor Vehicle,,No Pedestrian Involved,,
,,,,,,,,,,,,,1,,,,,,,,,,,9/6/2004,5:30 PM,04-5275,1805 Anderson Rd,Null,0',In Int.,VC 20002.A,Other,,,,,,,,Passenger Car,,Parked Motor Vehicle,,No Pedestrian Involved,,
,,,,,,,,,,,,,,,,1,,,,,,,,9/3/2004,12:10 PM,04-5276,Pole Line Road,Fifth Street,0',In Int.,VC .,Broadside,,,,,,,,Passenger Car,Passenger Car,Other Motor Vehicle,,No Pedestrian Involved,,
,,,,,,,,,,,,,,,,,,,,,,,,9/7/2004,10:54 AM,04-5283,Catalina Drive,Corona Drive,0',In Int.,VC 22450.A,Broadside,1,,,,,,,Passenger Car,Passenger Car,Other Motor Vehicle,,No Pedestrian Involved,,
,,,,,,,,,,,,,,,,,,,1,,,,,9/7/2004,12:38 PM,04-5290,D Street,Second Street,0',In Int.,VC 22106,Other,,,,,,,,Passenger Car,Pickup Truck,Other Motor Vehicle,,No Pedestrian Involved,,
,,,,,,,,,,,,,,,,,,,,,,,,9/7/2004,7:00 PM,04-5291,Mace Blvd,Alhambra Drive,0',In Int.,VC 23152.A,Rear-End,,,,,,,,Pickup Truck,Pickup Truck,Other Motor Vehicle,,No Pedestrian Involved,,
,,1,1,,,,,,,,,,,,,,,,,,,,,9/10/2004,9:00 PM,04-5344,Oak Avenue,W Fourteenth Street,75',North,VC .,Sideswipe,,,,,,,,Passenger Car,Passenger Car,Other Motor Vehicle,,No Pedestrian Involved,,
,,,,,,,,,,,,,,,,,,,,,,,,9/11/2004,8:04 AM,04-5347,Caricia Drive,Alegre Way,0',In Int.,VC 21800.A,Broadside,2,,,,,,,Passenger Car,Passenger Car,Other Motor Vehicle,,No Pedestrian Involved,,
,,,,,,,1,,,,,,,,,,,,,,,,,9/11/2004,4:00 PM,04-5357,Eureka Avenue,W Eighth Street,100',South,VC 22106,Broadside,,,,,,,,Not Stated,Passenger Car,Parked Motor Vehicle,,No Pedestrian Involved,,
,,,1,,,,,,,,,,,1,,,,,,,,,,9/12/2004,3:58 AM,04-5363,E Covell Blvd,Alhambra Drive,3168',East,VC 23152.A,Hit Object,1,,,,,,,Passenger Car,,Fixed Object,,No Pedestrian Involved,,
,1,1,1,,,,,,,1,,,,,,,,,,,,,,9/13/2004,8:40 AM,04-5378,J Street,Drexel Drive,300',North,VC .,Other,1,1.0,,,,,,Bicycle,Passenger Car,Bicycle,,No Pedestrian Involved,,
,,,,,,,,,,,,,,,,,,,1,,,,,9/10/2004,4:35 PM,04-5392,F Street,First Street,0',In Int.,VC .,Sideswipe,,,,,,,,Passenger Car,Pickup Truck,Other Motor Vehicle,,No Pedestrian Involved,,
,,,,,,,,,,,,,1,,,,,,,,,,,9/13/2004,11:40 AM,04-5393,Russell Blvd,Anderson Road,0',In Int.,VC .,Rear-End,,,,,,,,Passenger Car,Passenger Car,Other Motor Vehicle,,No Pedestrian Involved,,
1,,,,,,1,,,,,,,,,,,,,1,,1,,,9/13/2004,8:30 PM,04-5417,Fifth Street,D Street,45',West,VC ,Other,1,,,,1.0,,,Pedestrian,Other Bus,Pedestrian,,In Road,,
,1,,1,,,,,,1,,,,,1,,,,,,,,,,9/15/2004,7:50 AM,04-5441,F Street,W Covell Blvd,225',South,VC 21804.A,Other,1,1.0,,,,,,Bicycle,Passenger Car,Bicycle,,No Pedestrian Involved,,
,,,,,,,,,,,,,,,,,,,,,,,,9/15/2004,2:13 PM,04-5453,Alvarado Avenue,Camino Court,75',West,VC 22103,Broadside,,,,,,,,Passenger Car,Passenger Car,Other Motor Vehicle,,No Pedestrian Involved,,
,,1,1,,,,,,,,,,1,,,,,,,,,,,9/17/2004,10:10 AM,04-5483,Anderson Road,Villanova Drive,0',In Int.,VC 21750,Sideswipe,,,,,,,,Other Bus,Passenger Car,Other Motor Vehicle,,No Pedestrian Involved,,
,,,,,,,,,,,,,,,,,,,,,,,,9/17/2004,9:42 PM,04-5496,Russell Blvd,College Park,0',In Int.,VC 22350,Rear-End,,,,,,,,Passenger Car,Passenger Car,Other Motor Vehicle,,No Pedestrian Involved,,
,,,,,,,,,,,,,,,,,,,,,,,,9/18/2004,12:30 PM,04-5512,Chiles Road,Interstate 80 E/B,0',In Int.,VC 21453.A,Sideswipe,,,,,,,,Passenger Car,Passenger Car,Other Motor Vehicle,,No Pedestrian Involved,,
,,,,,,,,,,,,,,,,,,,,,,,,9/18/2004,8:24 PM,04-5515,Temple Drive,Tulip Lane,0',In Int.,VC 22350,Head-On,,,,,,,,Passenger Car,,Fixed Object,,No Pedestrian Involved,,
,,,,,,,,,1,,,,,,,,,,1,,,,,10/2/2004,10:05 PM,04-5533,F Street,Fourth Street,0',In Int.,VC 21802.A,Broadside,,,,,,,,Passenger Car,Passenger Car,Other Motor Vehicle,,No Pedestrian Involved,,
,,,,,,1,,,,,,,,,,,,,1,,1,,,9/20/2004,9:01 AM,04-5538,Fifth Street,E Street,0',In Int.,VC 22350,Rear-End,1,,,,,,,Passenger Car,Passenger Car,Other Motor Vehicle,,No Pedestrian Involved,,
,1,,,,,,1,,,,,,,,,,,,1,,,,,9/20/2004,5:57 PM,04-5551,E Eighth Street,G Street,0',In Int.,VC 22107,Other,1,1.0,,,,,,Passenger Car,Bicycle,Bicycle,,No Pedestrian Involved,,
,,,,,,,,,,,,,1,,,,,,,,,,,9/20/2004,7:25 PM,04-5555,1900 Anderson Rd,Null,0',In Int.,VC 20002.A,Hit Object,,,,,,,,Pickup Truck,Passenger Car,Parked Motor Vehicle,,No Pedestrian Involved,,
,1,,,,,,,,,,,,,,,,,,1,,,,,9/21/2004,7:05 AM,04-5563,G Street,Third Street,0',In Int.,VC 21800.A,Other,1,1.0,,,,,,Passenger Car,Bicycle,Bicycle,,No Pedestrian Involved,,
,,,,,,,,,,,,,,,,,,,,,,,,9/22/2004,7:35 AM,04-5586,Richards Blvd,Research Park Drive,25',West,VC 22350,Rear-End,1,,,,,,,Passenger Car,Passenger Car,Other Motor Vehicle,,No Pedestrian Involved,,
,1,,,,,1,,,,,,,,,,,,,1,,1,,,9/22/2004,1:04 PM,04-5599,Fifth Street,E Street,24',East,VC 22350,Rear-End,,,,,,,,Pickup Truck,Bicycle,Other Motor Vehicle,,No Pedestrian Involved,,
,,,1,,,,,,,,,,,,,,,,,,,,,8/14/2004,1:44 AM,04-5601,Oak Avenue,W Covell Blvd,0',In Int.,VC 22350,Rear-End,,,,,,,,Passenger Car,Pickup Truck,Other Motor Vehicle,,No Pedestrian Involved,,
,,,1,,,,,1,,,,,,,,,,,,,1,,,9/23/2004,3:23 PM,04-5631,B Street,Seventh Street,0',In Int.,VC 21802.A,Broadside,2,,,,,,,Passenger Car,Passenger Car,Other Motor Vehicle,,No Pedestrian Involved,,
,,,,,,,,,,,,,,,,,,,,,,,,9/23/2004,3:17 PM,04-5632,W Covell Blvd,Highway 113 Nb,50',West,VC 22350,Rear-End,,,,,,,,Passenger Car,Passenger Car,Other Motor Vehicle,,No Pedestrian Involved,,
,,,,,,,,,,,,,,,,,,,,,,,,9/24/2004,,04-5657,Cowell Blvd,Ensenada Drive,100',East,VC .,Sideswipe,,,,,,,,Passenger Car,Passenger Car,Parked Motor Vehicle,,No Pedestrian Involved,,
,1,1,1,,,,,,,1,,,,,,,,,,,,,,9/24/2004,4:00 PM,04-5661,J Street,Drexel Drive,200',North,VC 21650.1,Broadside,1,1.0,,,,,,Passenger Car,Bicycle,Bicycle,,No Pedestrian Involved,,
,,,,,,,,,,,,,,,,,,,,,,,,9/25/2004,12:02 AM,04-5674,Cowell Blvd,Valdora Street,0',In Int.,VC 22350,Rear-End,1,,,,,,,Passenger Car,Passenger Car,Other Motor Vehicle,,No Pedestrian Involved,,
,,,,,,,,,,,,,,,1,,,,,,,,,9/25/2004,1:10 PM,04-5682,Richards Blvd,Olive Drive,50',North,VC 22350,Rear-End,1,,,,,,,Passenger Car,Passenger Car,Other Motor Vehicle,,No Pedestrian Involved,,
,,,,,,,,,,,,,,,,,,,1,,,,,9/27/2004,12:11 PM,04-5725,Third Street,D Street,0',In Int.,VC 21802.A,Broadside,,,,,,,,Passenger Car,Passenger Car,Other Motor Vehicle,,No Pedestrian Involved,,
,,,,,,,,,,,,,,,,,,,,,,,,9/27/2004,2:14 PM,04-5730,Mace Blvd,Cowell Blvd,0',In Int.,VC 21453.A,Broadside,1,,,,,,,Passenger Car,Passenger Car,Other Motor Vehicle,,No Pedestrian Involved,,
,,,,,,,,,,,,,,,,,,,,,,,,9/28/2004,8:25 AM,04-5769,Chiles Road,Mace Blvd,320',East,VC 21804.A,Broadside,,,,,,,,Passenger Car,Passenger Car,Other Motor Vehicle,,No Pedestrian Involved,,
,,,,,,,,,,,,,,,,,,,,,,,,9/27/2004,,04-5779,I Street,Boyer Circle,70',South,VC 22350,Head-On,,,,,,,,Pickup Truck,Not Stated,Parked Motor Vehicle,,No Pedestrian Involved,,
,,,,,,1,,1,,,,,,,,,,,1,1,1,,,9/29/2004,1:25 AM,04-5790,Russell Blvd,B Street,0',In Int.,VC 22350,Rear-End,,,,,,,,Passenger Car,Passenger Car,Other Motor Vehicle,,No Pedestrian Involved,,
,1,1,1,,,,,,,,,,,,,,,,,,,,,9/29/2004,7:40 AM,04-5794,Oak Avenue,W Fourteenth Street,250',North,VC 21650,Other,1,1.0,,,,,,Bicycle,Passenger Car,Bicycle,,No Pedestrian Involved,,
,,,,,,,,,,,,,,,,,,,,,,,,9/29/2004,9:59 AM,04-5797,Russell Blvd,Howard Way,40',West,VC 22350,Rear-End,,,,,,,,Passenger Car,Passenger Car,Other Motor Vehicle,,No Pedestrian Involved,,
,,,,,1,,,,,,,,,,,,,,,,,,,9/29/2004,4:59 PM,04-5805,Second Street,Mace Blvd,0',In Int.,VC 22350,Rear-End,1,,,,,,,Motorcycle,Passenger Car,Other Motor Vehicle,,No Pedestrian Involved,,
,,,,,,1,,,,,,,,,,,,,1,,1,,,9/29/2004,4:55 PM,04-5806,Fifth Street,G Street,0',In Int.,VC 21801.A,Broadside,,,,,,,,Passenger Car,Passenger Car,Other Motor Vehicle,,No Pedestrian Involved,,
,,,,,,,,,,,,,,,,,,,,,,1,,9/28/2004,9:15 PM,04-5809,Third Street,I Street,0',In Int.,VC .,Other,,,,,,,,Pickup Truck,Not Stated,Other Object,,No Pedestrian Involved,,
,,,,,1,,,,,,,,,,,,,,,,,,,9/29/2004,8:16 PM,04-5811,Second Street,Cantrill Drive,1056',West,VC 22350,Rear-End,,,,,,,,Pickup Truck,Passenger Car,Parked Motor Vehicle,,No Pedestrian Involved,,
,,,,,,,,,,,,,,,,,,1,,,,,,10/1/2004,1:44 PM,04-5846,Russell Blvd,California Avenue,0',In Int.,VC 22350,Rear-End,,,,,,,,Passenger Car,Passenger Car,Other Motor Vehicle,,No Pedestrian Involved,,
,,,,,,1,,,,,,,,,,,,,1,,1,,,10/1/2004,6:00 PM,04-5854,Fifth Street,C Street,0',In Int.,VC 21651.A,Hit Object,,,,,,,,Passenger Car,,Fixed Object,,No Pedestrian Involved,,
1,,,,,,1,,,,,,,,,,,,,1,,1,,,10/1/2004,10:12 PM,04-5862,Fifth Street,E Street,41',West,VC 21954.A,Vehicle - Pedestrian,1,,,,1.0,,,Passenger Car,Pedestrian,Pedestrian,,Crossing Not In Crosswalk,,
,1,,,,,,,,,,,,,,,,,,,,,,,10/3/2004,12:43 PM,04-5898,Richards Blvd,Research Park Drive,180',North,VC 22107,Other,1,1.0,,,,,,Passenger Car,Bicycle,Non-Collision,,No Pedestrian Involved,,
,,,,,,,,,,,,,,,,1,,,,,,,,10/3/2004,7:44 PM,04-5905,Pole Line Road,Fifth Street,211',South,VC 22350,Sideswipe,1,,,,,,,Passenger Car,,Fixed Object,,No Pedestrian Involved,,
,,,,,,,,,,,,,,,1,,,,,,,,,10/3/2004,8:27 PM,04-5906,Richards Blvd,Olive Drive,319',South,VC 22350,Rear-End,2,,,,,,,Passenger Car,Passenger Car,Other Motor Vehicle,,No Pedestrian Involved,,
,,,,,,,,,1,,,,,,,,,,,,,,,10/3/2004,9:45 PM,04-5912,F Street,E Eighth Street,121',North,VC 22350,Rear-End,1,,,,,,,Passenger Car,Passenger Car,Other Motor Vehicle,,No Pedestrian Involved,,
,,1,1,,,,,,,,,,,,,,,,,,,,,10/4/2004,8:36 AM,04-5917,Drexel Drive,Hemlock Lane,60',East,VC 22103,Broadside,,,,,,,,Passenger Car,Passenger Car,Other Motor Vehicle,,No Pedestrian Involved,,
,,,,,1,,,,,,,,,,,,,,,,,,,10/5/2004,7:45 AM,04-5952,Cantrill Drive,Second Street,500',North,VC 21804.A,Broadside,,,,,,,,Passenger Car,Passenger Car,Other Motor Vehicle,,No Pedestrian Involved,,
,,,,,,,,,,,,,,,,,,,,,,,,9/3/2004,7:40 AM,04-5969,Shasta Drive,W Covell Blvd,0',In Int.,VC .,Not Stated,,,,,,,,Passenger Car,Passenger Car,Other,,Not Stated,,
,,,,,,,,,,,,,,,,,,,,,,,,10/6/2004,,04-5984,Drew Avenue,Cowell Blvd,528',South,VC .,Hit Object,,,,,,,,Passenger Car,,Fixed Object,,No Pedestrian Involved,,
,,,1,,,,1,,,,,,,,,,,,,,,,,10/6/2004,5:03 AM,04-5986,M Street,E Eighth Street,350',South,VC 22350,Rear-End,,,,,,,,Passenger Car,Passenger Car,Parked Motor Vehicle,,No Pedestrian Involved,,
,,,,,,1,,,,,,,,,,,,,1,,1,,,10/6/2004,12:00 PM,04-5996,Fifth Street,E Street,0',In Int.,VC .,Not Stated,,,,,,,,Passenger Car,Passenger Car,Other,,Not Stated,,
,,,,,,,,,,,,,,,,,,,,,,,,9/7/2004,,04-6010,Douglass Avenue,Antioch Drive,100',South,VC ,Rear-End,,,,,,,,Passenger Car,Not Stated,Parked Motor Vehicle,,No Pedestrian Involved,,
,1,,,1,,,,,,,,,,,,,,,,1,,,,10/7/2004,1:34 PM,04-6018,First Street,A Street (W),225',East,VC 21650.1,Other,1,1.0,,,,,,Bicycle,Passenger Car,Bicycle,,No Pedestrian Involved,,
,1,,,,,,,,,,,,,,,,,,,,,,,10/8/2004,9:21 AM,04-6032,Richards Blvd,Interstate 80 Eb,230',North,VC 22107,Other,1,1.0,,,,,,Passenger Car,Bicycle,Bicycle,,No Pedestrian Involved,,
,,,,,,1,,,,,,,,,,,,,,1,,,1,10/8/2004,12:00 PM,04-6039,Russell Blvd,A Street,50',East,VC 22350,Rear-End,2,,,,,,,Passenger Car,Passenger Car,Other Motor Vehicle,,No Pedestrian Involved,,
,,,,,,,,,,,,,,,,,,,1,,,,,10/9/2004,1:58 AM,04-6068,G Street,Third Street,60',South,VC 23152.A,Broadside,,,,,,,,Passenger Car,Passenger Car,Parked Motor Vehicle,,No Pedestrian Involved,,
,,,,,,,,,,,,,,,,,,,,,,,,10/10/2004,2:30 PM,04-6100,Richards Blvd,Interstate 80 Eb,0',In Int.,VC 21453.A,Broadside,3,,,,,,,Passenger Car,Passenger Car,Other Motor Vehicle,,No Pedestrian Involved,,
,,,1,,,,,,,,,,,1,,,,,,,,,,10/10/2004,,04-6101,E Covell Blvd,Birch Lane,100',East,VC .,Other,,,,,,,,Passenger Car,,Animal,,No Pedestrian Involved,,
,,,,,,,,,,,,,,,,,,,,,,,,10/12/2004,6:55 PM,04-6134,Garden Court,Club House Drive,410',East,VC 22107,Sideswipe,,,,,,,,Emergency Vehicle,Emergency Vehicle,Parked Motor Vehicle,,No Pedestrian Involved,,
,,,,,,1,,,,,,,,,,,,,1,,1,,,10/9/2004,8:30 AM,04-6185,C Street,Fifth Street,0',In Int.,VC .,Rear-End,,,,,,,,Pickup Truck,Passenger Car,Other Motor Vehicle,,No Pedestrian Involved,,
,1,,,,,1,,,,,,,,,,,,,1,,1,,,10/15/2004,9:42 PM,04-6209,Fifth Street,F Street,0',In Int.,VC 21804.A,Other,1,1.0,,,,,,Bicycle,Passenger Car,Bicycle,,No Pedestrian Involved,,
,,,,,,1,,,,,,,,,,,,,1,,1,,,10/15/2004,9:59 PM,04-6210,Fifth Street,C Street,0',In Int.,VC 22100.A,Sideswipe,,,,,,,,Passenger Car,Passenger Car,Other Motor Vehicle,,No Pedestrian Involved,,
,,,,,,,,,,,,,,,,1,,,,,,,,10/16/2004,12:24 PM,04-6223,Pole Line Road,Fifth Street,15',South,VC 22106,Rear-End,,,,,,,,Passenger Car,Passenger Car,Other Motor Vehicle,,No Pedestrian Involved,,
,,,,,,,,,,,,,,,,1,,,,,,,,10/16/2004,1:24 PM,04-6224,Pole Line Road,E Covell Blvd,0',In Int.,VC 22350,Rear-End,,,,,,,,Passenger Car,Passenger Car,Other Motor Vehicle,,No Pedestrian Involved,,
,,,,,,,,,,,,,,,,1,,,,,,,,10/17/2004,8:14 PM,04-6251,Pole Line Road,Halsey Circle,0',In Int.,VC 22350,Hit Object,,,,,,,,Passenger Car,,Fixed Object,,No Pedestrian Involved,,
,1,,,,,1,,1,,,,,,,,,,,1,1,1,,,10/17/2004,8:39 PM,04-6252,B Street,Fifth Street,12',South,VC 21200.5,Other,1,1.0,,,,,,Passenger Car,Bicycle,Bicycle,,No Pedestrian Involved,,
,,,,,,,,,1,,,,,,,,,,,,,,,10/18/2004,8:01 AM,04-6260,F Street,Ninth Street,0',In Int.,VC 21802.A,Broadside,,,,,,,,Passenger Car,Passenger Car,Motor Vehicle on Other Roadway,,No Pedestrian Involved,,
,1,1,1,,,,,,,1,,,,,,,,,,,,,,10/18/2004,3:54 PM,04-6268,J Street,Drexel Drive,0',In Int.,VC 22350,Rear-End,,,,,,,,Passenger Car,Passenger Car,Other Motor Vehicle,,Crossing In Crosswalk At Intersection,Ped or Bike?,
,,,,,,,,,,,,,,,,,,,,,,,,10/18/2004,,04-6273,Sycamore Lane,Drake Drive (N),70',South,VC 22350,Other,,,,,,,,Passenger Car,Not Stated,Parked Motor Vehicle,,No Pedestrian Involved,,
,,,1,,,,,,,,,,,,,,,,,,,,,10/20/2004,8:55 AM,04-6303,Alhambra Drive,Fifth Street,120',East,VC 22350,Head-On,2,,,,,,,Pickup Truck With Trailer,Passenger Car,Other Motor Vehicle,,No Pedestrian Involved,,
,1,,,,,,,,,,,,,1,,,,,,,,,,10/20/2004,6:00 PM,04-6342,E Covell Blvd,L Street,300',East,VC 22107,Other,1,1.0,,,,,,,,Bicycle,,No Pedestrian Involved,,