Ped,Bike,Bike Loop,School Area,1st St,E 2nd St,5th St,8th St,B St,F St,J St N,North Sycamore,North Anderson,North Anderson,East Covell,Olive Drive,Pole Line,West Russell,Russell,Downtown,University Rice,Old North,Old East,A St,DATE,TIME,REPORT,STREET 1,STREET 2,DISTANCE,DIRECTION,PRIMARY CAUSE,COLLISION TYPE,INJURY,Bike,5 Year Bike,5 Year  Ped,Ped,FATAL,TYPE OF COLLISION,VEHICLE 1,VEHICLE 2,INVOLVED WITH,OBJECT HIT,PEDESTRIAN ACTION,TRAFFIC CONTROL DEVICES,NOTES
,1,,,,,,1,,,, ,,,,,,,,,,,,,10/21/2004,7:42 AM,04-6353,Sycamore Lane,W Eighth Street,85',North,VC .,Other,1,1.0,,,,,,,,Bicycle,,No Pedestrian Involved,,
,1,,,,,,,,,,,,1,,,,,,,,,,,10/21/2004,3:13 PM,04-6364,Anderson Road,Russell Blvd,130',North,VC 22107,Other,1,1.0,,,,,,Other Bus,Bicycle,Bicycle,,No Pedestrian Involved,,
,,,,,,1,,,1,,,,,,,,,,1,,1,,,10/21/2004,3:24 PM,04-6367,Fifth Street,F Street,0',In Int.,VC 21801.A,Broadside,,,,,,,,Passenger Car,Passenger Car,Other Motor Vehicle,,No Pedestrian Involved,,
,,,,,,1,,,1,,,,,,,,,,1,,1,,,10/21/2004,8:50 PM,04-6378,F Street,Fifth Street,0',In Int.,VC 21453.A,Broadside,1,,,,,,,Passenger Car,Passenger Car,Motor Vehicle on Other Roadway,,No Pedestrian Involved,,
,,,,,,,,,,,,,1,,,,,,,,,,,10/21/2004,6:30 PM,04-6394,1900 Anderson Rd,Null,0',In Int.,VC ,Hit Object,,,,,,,,Passenger Car,Passenger Car,Parked Motor Vehicle,,No Pedestrian Involved,,
,,,,,,,,,,,,,,,,,,,,,,,,10/20/2004,6:00 PM,04-6398,Russell Blvd,Oak Avenue,0',In Int.,VC .,Sideswipe,,,,,,,,Passenger Car,Passenger Car,Other Motor Vehicle,,No Pedestrian Involved,,
1,,,1,,,,,,,,,,,,,,,,,,,,,10/22/2004,11:06 PM,04-6403,W Covell Blvd,Oak Avenue,0',In Int.,VC 21456.B,Vehicle - Pedestrian,1,,,,1.0,,,Pedestrian,Passenger Car,Pedestrian,,Crossing In Crosswalk At Intersection,,
,1,,,,,1,,,,,,,,,,,,,1,,1,,,10/23/2004,2:10 PM,04-6415,Fifth Street,E Street,0',In Int.,VC 21801.A,Hit Object,,,,,,,,Passenger Car,Bicycle,Fixed Object,,No Pedestrian Involved,,
,,,1,,,,,,,,,,,1,,,,,,,,,,10/23/2004,7:50 PM,04-6417,E Covell Blvd,Alhambra Drive,15',West,VC 22350,Hit Object,,,,,,,,Passenger Car,,Fixed Object,,No Pedestrian Involved,,
,,,,,,,,,,,,,,,,,,,,,,,,10/25/2004,9:44 AM,04-6477,Mace Blvd,Interstate 80 Wb,0',In Int.,VC .,Rear-End,,,,,,,,Passenger Car,Passenger Car,Other Motor Vehicle,,No Pedestrian Involved,,
,,,,,,,,,,,,,,,,,,,,,,,,10/26/2004,2:15 PM,04-6486,Portage Bay East,Hudson Court,0',In Int.,VC 20002.A,Broadside,,,,,,,,Pickup Truck,Passenger Car,Other Motor Vehicle,,No Pedestrian Involved,,
,,,,,,,,,,,,,,,,,,,,,,,,10/26/2004,5:10 PM,04-6489,Chiles Road,Mace Blvd,0',In Int.,VC 22350,Rear-End,,,,,,,,Passenger Car,Truck,Other Motor Vehicle,,No Pedestrian Involved,,
,,,1,,,,,,,,,,,,,1,,,,,,,,10/27/2004,12:50 AM,04-6500,Pole Line Road,Cowell Blvd,119',North,VC 22350,Hit Object,,,,,,,,Passenger Car,,Fixed Object,,No Pedestrian Involved,,
,,,,,,,,,,,,,,,,,,,,,,,,10/27/2004,2:10 PM,04-6511,Shasta Drive,W Covell Blvd,0',In Int.,VC 22106,Rear-End,1,,,,,,,Passenger Car,Passenger Car,Other Motor Vehicle,,No Pedestrian Involved,,
,,,,,,,,,,,,,,,,,,,1,,,,,10/26/2004,1:50 PM,04-6523,G Street,Second Street,150',North,VC .,Broadside,,,,,,,,Passenger Car,Passenger Car,Other Motor Vehicle,,No Pedestrian Involved,,
,,,,,,,,,,,,,,,,,,,,,,,,10/30/2004,12:17 AM,04-6566,College Park,Russell Blvd,1583',North,VC 22350,Hit Object,,,,,,,,Passenger Car,,Fixed Object,,No Pedestrian Involved,,
,,,,,,1,,1,,,,,,,,,,,1,1,1,,,10/30/2004,11:30 AM,04-6577,Russell Blvd,B Street,150',West,VC .,Hit Object,,,,,,,,Passenger Car,,Fixed Object,,No Pedestrian Involved,,
,,,,,,,,,,,,,,,,,,,,,,,,10/30/2004,1:51 PM,04-6582,Wake Forest Drive,Oxford Circle,85',East,VC 22106,Sideswipe,,,,,,,,Passenger Car,Passenger Car,Other Motor Vehicle,,No Pedestrian Involved,,
,,,,,,,,,,,,,,,,,,,,,,,,10/30/2004,8:23 PM,04-6595,Radcliffe Drive,Apple Lane,0',In Int.,VC .,Rear-End,,,,,,,,Other,Passenger Car,Other Motor Vehicle,,No Pedestrian Involved,,
1,,,,,,1,,,,,,,,,,,,,,1,,,1,11/1/2004,9:55 AM,04-6632,Russell Blvd,A Street,0',In Int.,VC 22350,Vehicle - Pedestrian,1,,,,1.0,,,Passenger Car,Pedestrian,Pedestrian,,Crossing Not In Crosswalk,"No distance given.  ""Not in X-walk""?",
,,,,,,,,,,,,,,,,,,,,,,,,11/1/2004,3:22 PM,04-6644,Sycamore Lane,Stanford Drive,8',North,VC 22107,Sideswipe,,,,,,,,Passenger Car,Passenger Car,Other Motor Vehicle,,No Pedestrian Involved,,
,,,,,,,1,,,,,,,,,,,,,,,,,11/1/2004,3:48 PM,04-6645,E Eighth Street,Mesquite Drive,75',West,VC 22103,Broadside,1,,,,,,,Passenger Car,Passenger Car,Other Motor Vehicle,,No Pedestrian Involved,,
,,,,,,1,,,,,,,,,,,,,,,,1,,10/26/2004,6:30 PM,04-6646,Fifth Street,J Street,0',In Int.,VC .,Sideswipe,,,,,,,,Passenger Car,Passenger Car,Other Motor Vehicle,,No Pedestrian Involved,,
,,,,,,,,,,,,,,,,,,,1,,,,,10/26/2004,2:00 PM,04-6654,G Street,Third Street,0',In Int.,VC .,Broadside,,,,,,,,Passenger Car,Passenger Car,Other Motor Vehicle,,No Pedestrian Involved,,
,,,,,,1,,,,,,,,,,,,,1,,1,,,11/2/2004,4:44 PM,04-6671,Fifth Street,G Street,0',In Int.,VC 21801.A,Head-On,,,,,,,,Pickup Truck,Passenger Car,Other Motor Vehicle,,No Pedestrian Involved,,
,,,,,,,,,,,,1,,,,,,,,,,,,11/3/2004,7:40 AM,04-6681,Anderson Road,Alvarado Avenue,252',North,VC 22350,Rear-End,1,,,,,,,Passenger Car,Passenger Car,Other Motor Vehicle,,No Pedestrian Involved,,
,,,1,,,,,,1,,,,,1,,,,,,,,,,11/3/2004,10:00 AM,04-6682,W Covell Blvd,F Street,25',West,VC .,Rear-End,,,,,,,,Passenger Car,Passenger Car,Other Motor Vehicle,,No Pedestrian Involved,,
,,,,,,1,,,,,,,,,,,,,1,,1,,,11/3/2004,10:07 AM,04-6683,Fifth Street,G Street,0',In Int.,VC 21801.A,Broadside,,,,,,,,Passenger Car,Passenger Car,Other Motor Vehicle,,No Pedestrian Involved,,
,,,,,,,,,,,,,,,,,,,1,,,,,11/3/2004,3:25 PM,04-6690,C Street,Fourth Street,50',South,VC 22106,Other,,,,,,,,Pickup Truck,Passenger Car,Other Motor Vehicle,,No Pedestrian Involved,,
,,,,,,,,,,1,,,,,,,,,,,,,,11/3/2004,9:18 PM,04-6693,J Street,Cranbrook Court,110',North,VC 21801.A,Sideswipe,1,,,,,,,Passenger Car,Passenger Car,Other Motor Vehicle,,No Pedestrian Involved,,
1,,,,,,,,,,,,1,1,,,,,,,,,,,11/4/2004,8:45 PM,04-6714,Anderson Road,W Covell Blvd,260',South,VC 21954.A,Vehicle - Pedestrian,1,,,,1.0,,,Pedestrian,Passenger Car,Pedestrian,,Crossing Not In Crosswalk,,
,1,,,,,,,,,,,,1,,,,,,,,,,,10/5/2004,1:37 PM,04-6727,Russell Blvd,Anderson Road,0',In Int.,VC 21451.A,Other,1,1.0,,,,,,Bicycle,Other,Bicycle,,No Pedestrian Involved,,
,,,1,,,,,,1,,,,,,,,,,,,,,1,11/5/2004,3:00 PM,04-6746,F Street,E Fourteenth Street,0',In Int.,VC .,Rear-End,,,,,,,,Passenger Car,Passenger Car,Other Motor Vehicle,,No Pedestrian Involved,,
,,,,,,,,,,,,,,,,,,,,,,,,11/6/2004,9:43 AM,04-6750,Russell Blvd,Oak Avenue,40',West,VC 22350,Rear-End,,,,,,,,Passenger Car,Passenger Car,Other Motor Vehicle,,No Pedestrian Involved,,
,,1,1,,,,,,,1,,,,,,,,,,,,,,11/6/2004,5:34 PM,04-6760,J Street,Drexel Drive,0',In Int.,VC 22350,Other,1,,,,,,,Pickup Truck,,Non-Collision,,No Pedestrian Involved,,
,,,,,,,,,,,,,,,,,,,,,,,,11/7/2004,12:35 PM,04-6771,Richards Blvd,Interstate 80 Eb,0',In Int.,VC 22350,Rear-End,,,,,,,,Passenger Car,Passenger Car,Other Motor Vehicle,,No Pedestrian Involved,,
,,,,,,,,,,,,1,1,,,,,,,,,,,11/7/2004,2:43 PM,04-6772,W Covell Blvd,Anderson Road,0',In Int.,VC 22350,Rear-End,1,,,,,,,Passenger Car,Passenger Car,Other Motor Vehicle,,No Pedestrian Involved,,
,,,,,,,1,,1,,,,,,,,,,,,,,,11/8/2004,4:27 PM,04-6791,F Street,E Eighth Street,50',North,VC 21804.A,Broadside,,,,,,,,Passenger Car,Passenger Car,Other Motor Vehicle,,No Pedestrian Involved,,
,,,,,,1,,,1,,,,,,,,,,,,,,,11/8/2004,6:20 PM,04-6792,Fifth Street,F Street,0',In Int.,VC 21801.B,Broadside,1,,,,,,,Passenger Car,Pickup Truck,Other Motor Vehicle,,No Pedestrian Involved,,
,,,,,,,,,,,,,,,,,,,,,,,,11/9/2004,1:12 PM,04-6811,Cowell Blvd,Drew Avenue,30',West,VC 22350,Rear-End,1,,,,,,,Passenger Car,Passenger Car,Other Motor Vehicle,,No Pedestrian Involved,,
,,,,,,1,,,,,,,,,,,,,1,,1,,,11/9/2004,5:40 PM,04-6816,Fifth Street,C Street,0',In Int.,VC 22107,Sideswipe,,,,,,,,Passenger Car,Passenger Car,Other Motor Vehicle,,No Pedestrian Involved,,
,,,,,,,,,,,,,,,,,,,,,,,,11/9/2004,10:50 PM,04-6821,Rockwell Drive,Duchamp Street,219',West,VC 22350,Rear-End,,,,,,,,Passenger Car,Passenger Car,Parked Motor Vehicle,,No Pedestrian Involved,,
,,,,,,1,,,,,,,,,,,,,,,,1,,11/10/2004,7:52 AM,04-6825,Fifth Street,Rowe Place,0',In Int.,VC 22350,Rear-End,1,,,,,,,Passenger Car,Motorcycle,Other Motor Vehicle,,No Pedestrian Involved,,
,,,1,,,,,,1,,,,,1,,,,,,,,,,11/10/2004,7:48 AM,04-6826,W Covell Blvd,F Street,294',East,VC 22350,Rear-End,,,,,,,,Passenger Car,Passenger Car,Other Motor Vehicle,,No Pedestrian Involved,,
,,,1,,,,,,,,,,,,,,,,,,,,,11/11/2004,11:11 AM,04-6846,Alhambra Drive,Oceano Way,0',In Int.,VC 22450.A,Broadside,1,,,,,,,Passenger Car,Passenger Car,Other Motor Vehicle,,No Pedestrian Involved,,
,,,,,,,,,,,,1,,,,,,,,,,,,11/11/2004,4:00 PM,04-6848,Anderson Road,Alvarado Avenue,0',In Int.,VC 22107,Hit Object,,,,,,,,Truck With Trailer,,Fixed Object,,No Pedestrian Involved,,
,,,,,,1,,,1,,,,,,,,,,1,,1,,,11/11/2004,10:25 PM,04-6851,Fifth Street,F Street,0',In Int.,VC 21801.A,Head-On,2,,,,,,,Passenger Car,Passenger Car,Other Motor Vehicle,,No Pedestrian Involved,,
,1,,,,,,,,,,,,,,,,,,1,,,,,11/12/2004,3:24 PM,04-6861,Third Street,D Street,0',In Int.,VC 21801.A,Other,1,1.0,,,,,,Passenger Car,Bicycle,Bicycle,,No Pedestrian Involved,,
1,,,,,,,,,,,,,,,,,,,1,,,,,11/13/2004,1:09 PM,04-6879,E Street,Second Street,0',In Int.,VC 21950.A,Vehicle - Pedestrian,1,,,,1.0,,,Passenger Car,Pedestrian,Pedestrian,,Crossing In Crosswalk At Intersection,,
,,,,,,,,,,,,,,,,,1,,,,,,,11/4/2004,6:00 PM,04-6884,Russell Blvd,Arthur Street,100',West,VC .,Rear-End,,,,,,,,Passenger Car,Passenger Car,Other Motor Vehicle,,No Pedestrian Involved,,
,,,1,,,,,,1,,,,,1,,,,,,,,,,10/24/2004,,04-6908,F Street,W Covell Blvd,300',South,VC .,Sideswipe,,,,,,,,Passenger Car,Other,Parked Motor Vehicle,,No Pedestrian Involved,,
,,,1,,,,,,,,,,,,,,,,,,,,,11/16/2004,1:30 AM,04-6931,Birch Lane,Clara Lane,45',North,VC .,Head-On,,,,,,,,Passenger Car,Not Stated,Parked Motor Vehicle,,No Pedestrian Involved,,
,,,1,,,,,,,,,,,,,,,,,,,,,11/16/2004,1:15 PM,04-6935,Oak Avenue,Scripps Drive,100',South,VC 21801.A,Broadside,,,,,,,,Passenger Car,Passenger Car,Other Motor Vehicle,,No Pedestrian Involved,,
,,,,,,,,,,,,,,,,,,,,,,,,11/16/2004,1:35 PM,04-6936,Drew Avenue,Cowell Blvd,10',South,VC 22350,Sideswipe,,,,,,,,Passenger Car,Passenger Car,Other Motor Vehicle,,No Pedestrian Involved,,
,,,,,,,,,,,,1,,,,,,,,,,,,11/16/2004,3:55 PM,04-6942,Anderson Road,Alvarado Avenue,30',North,VC 22350,Rear-End,1,,,,,,,Passenger Car,Passenger Car,Other Motor Vehicle,,No Pedestrian Involved,,
,,,1,,,,,,1,,,,,1,,,,,,,,,,11/17/2004,5:54 PM,04-6961,F Street,W Covell Blvd,0',In Int.,VC 22350,Rear-End,1,,,,,,,Passenger Car,Passenger Car,Other Motor Vehicle,,No Pedestrian Involved,,
,1,,,,,,,,,,,,,,,,,,,1,,,,11/17/2004,6:04 PM,04-6962,A Street,First Street (W),0',In Int.,VC 21802.A,Other,1,1.0,,,,,,Passenger Car,Bicycle,Bicycle,,No Pedestrian Involved,,
,,,,,,,,,,,1,,,,,,,,,,,,,11/18/2004,1:40 PM,04-6977,Sycamore Lane,Alvarado Avenue,528',North,VC 22350,Sideswipe,,,,,,,,Passenger Car,Passenger Car,Parked Motor Vehicle,,No Pedestrian Involved,,
,,,,,,,,,1,,,,,,,,,,1,,,,,11/19/2004,1:15 PM,04-6994,F Street,Second Street,75',South,VC 22107,Rear-End,,,,,,,,Passenger Car,Passenger Car,Parked Motor Vehicle,,No Pedestrian Involved,,
,,,1,,,,,,,,,,,1,,,,,,,,,,11/19/2004,12:16 PM,04-6995,Alhambra Drive,E Covell Blvd,0',In Int.,VC .,Hit Object,,,,,,,,Truck With Trailer,,Fixed Object,,No Pedestrian Involved,,
,,,,,,,,,,,,,,,,,,,,,,,,11/19/2004,,04-7011,Richards Blvd,Cowell Blvd,0',In Int.,VC ,Rear-End,,,,,,,,Passenger Car,Pickup Truck,Not Stated,,Not Stated,,
,,,,,,,,,,,,,,,,,,,,,,,1,11/19/2004,11:50 PM,04-7015,A Street,Seventh Street,0',In Int.,VC .,Sideswipe,,,,,,,,Passenger Car,Passenger Car,Other Motor Vehicle,,No Pedestrian Involved,,
,,,,,,,,,,,,,,,,,,,,,,,,11/20/2004,2:45 PM,04-7034,W Covell Blvd,John Jones Road,0',In Int.,VC 21802.A,Broadside,1,,,,,,,Passenger Car,Passenger Car,Other Motor Vehicle,,No Pedestrian Involved,,
,,,,1,,,,,,,,,,,,,,,1,,,,,10/21/2004,11:17 PM,04-7064,G Street,First Street,74',North,VC 23152.A,Hit Object,,,,,,,,Passenger Car,,Fixed Object,,No Pedestrian Involved,,
,,,,,,,,,,,,,,,,,,,,,,,,11/21/2004,11:50 PM,04-7065,Lake Blvd,W Covell Blvd,0',In Int.,VC 21804.A,Sideswipe,,,,,,,,Passenger Car,Passenger Car,Other Motor Vehicle,,No Pedestrian Involved,,
,1,,,,,,,,,,,,,,1,,,,1,,,,,11/22/2004,6:15 PM,04-7088,Olive Drive,Hickory Lane,1056',East,VC 21804.A,Broadside,1,1.0,,,,,,Bicycle,Passenger Car,Bicycle,,No Pedestrian Involved,,
,,,,,,,,,,,,,,,,,,,1,,,,,11/23/2004,2:17 PM,04-7108,E Street,Third Street,110',North,VC 22350,Sideswipe,,,,,,,,Passenger Car,Pickup Truck,Parked Motor Vehicle,,No Pedestrian Involved,,
,,,,,,,,,,,,,1,,,,,,,,,,,11/23/2004,8:36 PM,04-7114,Anderson Road,Radcliffe Drive,528',South,VC 22350,Rear-End,2,,,,,,,Passenger Car,Pickup Truck,Other Motor Vehicle,,No Pedestrian Involved,,
,,,,,,,,,1,,,,,,,,,,1,,,,,11/24/2004,,04-7120,F Street,Second Street,79',South,VC 22106,Other,,,,,,,,Passenger Car,Passenger Car,Parked Motor Vehicle,,No Pedestrian Involved,,
,,,,,,,,,,,,,,,,,,,,,,,,11/24/2004,,04-7131,Chiles Road,Mace Blvd,575',East,VC 22106,Rear-End,,,,,,,,Passenger Car,Passenger Car,Parked Motor Vehicle,,No Pedestrian Involved,,
,,,,,,1,,,,,,,,,,,,,1,,1,,,11/24/2004,4:00 PM,04-7132,Fifth Street,E Street,0',In Int.,VC 21802.A,Broadside,,,,,,,,Passenger Car,Passenger Car,Other Motor Vehicle,,No Pedestrian Involved,,
,,,,,,,,,,,,,,,,,,,,,,,,11/25/2004,10:50 AM,04-7150,Lake Blvd,Arlington Blvd,200',North,VC .,Rear-End,1,,,,,,,Passenger Car,Passenger Car,Parked Motor Vehicle,,No Pedestrian Involved,,
,1,,,,,,,,,,,,,,,,,,1,,,,,11/27/2004,12:45 PM,04-7168,Third Street,E Street,0',In Int.,VC 21800.A,Other,1,1.0,,,,,,Passenger Car,Bicycle,Bicycle,,No Pedestrian Involved,,
,,,,,,,,,,,,,,,,,,,,,,,,11/27/2004,4:00 PM,04-7169,Monarch Lane,Temple Drive,0',In Int.,VC 21800.A,Broadside,,,,,,,,Passenger Car,Passenger Car,Motor Vehicle on Other Roadway,,No Pedestrian Involved,,
1,,,,,,,,,,,,,,,,,,,,,,,,11/26/2004,8:56 PM,04-7172,Adams Street,Arthur Street (N),200',East,VC ,Vehicle - Pedestrian,1,,,,1.0,,,Pedestrian,Passenger Car,Pedestrian,,In Road,,
,1,,,,,,,,,,,,1,,,,,,,,,,,11/28/2004,3:27 PM,04-7184,825 Russell Blvd,"""""",0',In Int.,VC .,Other,1,1.0,,,,,,Passenger Car,Bicycle,Bicycle,,No Pedestrian Involved,,
,,,,,,,,1,,,,,,,,,,,1,1,,,,11/30/2004,10:12 AM,04-7207,B Street,Rice Lane,0',In Int.,VC 22106,Other,,,,,,,,Passenger Car,Passenger Car,Other Motor Vehicle,,No Pedestrian Involved,,
,,,,,,,,,,,,,,,,,,,,,,,,11/23/2004,,04-7213,1007 Radcliffe Drive,Street,0',In Int.,VC .,Sideswipe,,,,,,,,Passenger Car,Passenger Car,Parked Motor Vehicle,,No Pedestrian Involved,,
,,,,,,1,,,,,,,,,,,,,1,,1,,,11/30/2004,5:50 PM,04-7218,Fifth Street,G Street,0',In Int.,VC 21801.A,Sideswipe,,,,,,,,Passenger Car,Passenger Car,Other Motor Vehicle,,No Pedestrian Involved,,
,,,,,,,,1,,,,,,,,,,,1,1,,,,12/1/2004,10:33 AM,04-7228,B Street,Third Street,0',In Int.,VC 22107,Hit Object,,,,,,,,Other Bus,,Fixed Object,,No Pedestrian Involved,,
,1,,,,,,1,,,,,,,,,,,,,,,,,12/1/2004,3:49 PM,04-7235,E Eighth Street,K Street,25',West,VC 21200.5,Other,1,1.0,,,,,,Bicycle,,Non-Collision,,No Pedestrian Involved,,
,,,,,,,,,,,,,,,,,,,,,,,,12/2/2004,7:48 AM,04-7274,Lake Blvd,W Covell Blvd,300',South,VC 22107,Sideswipe,,,,,,,,Passenger Car,Passenger Car,Other Motor Vehicle,,No Pedestrian Involved,,
,,,,,,,,,,,,,,,1,,,,,,,,,12/2/2004,2:57 PM,04-7283,Richards Blvd,Olive Drive,150',North,VC 21461.A,Hit Object,,,,,,,,Truck With Trailer,,Fixed Object,,No Pedestrian Involved,,
,,,,,,,,,,,,,,,1,,,,,,,,,12/2/2004,3:00 PM,04-7284,Richards Blvd,Olive Drive,20',South,VC 22106,Other,,,,,,,,Passenger Car,Passenger Car,Other Motor Vehicle,,No Pedestrian Involved,,
,,,,,,,,,,,, ,1,,,,,,,,,,,12/3/2004,9:39 AM,04-7300,Anderson Road,W Covell Blvd,150',South,VC 21804.A,Sideswipe,,,,,,,,Other Bus,Passenger Car,Other Motor Vehicle,,No Pedestrian Involved,,
,,,,,,1,,,,,,,,,,,,,1,,1,,,12/4/2004,12:50 PM,04-7323,C Street,Fifth Street,75',South,VC 22106,Sideswipe,,,,,,,,Pickup Truck,Passenger Car,Parked Motor Vehicle,,No Pedestrian Involved,,
,,,,,,,,,,,,,,,,,,,,,,,,12/5/2004,,04-7349,Luz Place,205,0',In Int.,VC .,Sideswipe,,,,,,,,Passenger Car,Passenger Car,Parked Motor Vehicle,,No Pedestrian Involved,,
,,,,,,,,,,,,,1,,,,,,,,,,,12/5/2004,9:29 PM,04-7355,Russell Blvd,Anderson Road,0',In Int.,VC ,Broadside,,,,,,,,Passenger Car,Passenger Car,Other Motor Vehicle,,No Pedestrian Involved,,
1,,,,,,,,,,,,,,,,,,,1,,,,,12/6/2004,8:25 AM,04-7362,C Street,Second Street,200',South,VC 21952,Vehicle - Pedestrian,1,,,,1.0,,,Passenger Car,Pedestrian,Pedestrian,,Not In Road,,
,,,1,,,,,1,,,,,,,,,,,,,1,,,12/7/2004,9:05 AM,04-7386,B Street,Seventh Street,0',In Int.,VC 21802.A,Broadside,1,,,,,,,Passenger Car,Passenger Car,Other Motor Vehicle,,No Pedestrian Involved,,
1,,,,,,,,,,,,,,,,,,,1,,,,,12/7/2004,10:19 AM,04-7387,E Street,Second Street,80',South,VC 22107,Vehicle - Pedestrian,1,,,,1.0,,,Passenger Car,Pedestrian,Pedestrian,,Crossing Not In Crosswalk,,
,,,,,1,,,,,,,,,,,,,,,,,,,12/7/2004,12:35 PM,04-7389,Mace Blvd,County Road 32a,20',South,VC 22107,Sideswipe,,,,,,,,Passenger Car,Passenger Car,Other Motor Vehicle,,No Pedestrian Involved,,
,,,,,,1,,,,,,,,,,,,,,,,1,,12/7/2004,4:25 PM,04-7394,Fifth Street,I Street,40',East,VC 22350,Rear-End,1,,,,,,,Passenger Car,Passenger Car,Other Motor Vehicle,,No Pedestrian Involved,,
,,,,,,1,,,1,,,,,,,,,,1,,1,,,12/7/2004,5:32 PM,04-7397,Fifth Street,F Street,0',In Int.,VC 21801.A,Broadside,,,,,,,,Passenger Car,Passenger Car,Other Motor Vehicle,,No Pedestrian Involved,,
,1,,,,,,,,,,,,,,,,1,,,,,,,12/7/2004,8:30 PM,04-7402,Russell Blvd,Arthur Street,528',East,VC 21803.A,Broadside,1,1.0,,,,,,Bicycle,Passenger Car,Bicycle,,No Pedestrian Involved,,
,1,,,,,,,,,,,,,,,,,,,,,,,12/8/2004,10:29 AM,04-7412,Lake Blvd,Woods Circle,51',South,VC .,Other,1,1.0,,,,,,Bicycle,,Other Object,,No Pedestrian Involved,,
,,,,,,,,,,,,,,,,1,,,,,,,,12/8/2004,2:46 PM,04-7414,Pole Line Road,Fifth Street,15',South,VC 22350,Rear-End,,,,,,,,Passenger Car,Passenger Car,Other Motor Vehicle,,No Pedestrian Involved,,
,,,,,,,,1,,,,,,,,,,,1,1,,,,12/10/2004,1:18 PM,04-7442,B Street,Second Street,15',North,VC 22350,Rear-End,2,,,,,,,Passenger Car,Passenger Car,Other Motor Vehicle,,No Pedestrian Involved,,
,1,,,,,1,,,,,,,,,,,,,,,,1,,12/10/2004,2:32 PM,04-7444,Fifth Street,I Street,0',In Int.,VC 21650,Other,1,1.0,,,,,,Passenger Car,Bicycle,Bicycle,,No Pedestrian Involved,,
,,,,,,,,,,,,,,,,1,,,,,,,,12/11/2004,12:59 PM,04-7469,Fifth Street,Pole Line Road,200',East,VC 22107,Broadside,,,,,,,,Passenger Car,Passenger Car,Other Motor Vehicle,,No Pedestrian Involved,,
,,,,,,,,,,,,,,,,,,,1,,,,,12/11/2004,12:33 PM,04-7470,Second Street,E Street,80',East,VC 22106,Hit Object,,,,,,,,Passenger Car,,Fixed Object,,No Pedestrian Involved,,
,,,,,,,1,,,,,,,,,1,,,,,,,,12/11/2004,11:50 PM,04-7478,E Eighth Street,Pole Line Road,750',East,VC 23152.A,Rear-End,,,,,,,,Passenger Car,Passenger Car,Parked Motor Vehicle,,No Pedestrian Involved,,
,,,,,,,,,,, ,,,,,,,,,,,,,12/13/2004,8:02 AM,04-7504,Russell Blvd,Sycamore Lane,134',East,VC 22107,Sideswipe,,,,,,,,Emergency Vehicle,Passenger Car,Parked Motor Vehicle,,No Pedestrian Involved,,
,,,1,,,,,,1,,,,,1,,,,,,,,,,12/14/2004,5:50 PM,04-7532,F Street,W Covell Blvd,35',South,VC 22350,Rear-End,,,,,,,,Passenger Car,Passenger Car,Other Motor Vehicle,,No Pedestrian Involved,,
,,,,,,,,,1,,,,,,,,,,1,,,,,12/14/2004,10:52 PM,04-7538,317 F St,Null,0',In Int.,VC 22106,Other,,,,,,,,Pickup Truck,Pickup Truck,Parked Motor Vehicle,,No Pedestrian Involved,,
,1,,,,,,1,,,,,,,,,,,,,,,,,12/15/2004,7:47 AM,04-7543,W Eighth Street,Linden Lane (E),92',West,VC .,Other,1,1.0,,,,,,Bicycle,,Other,,No Pedestrian Involved,,
,,,,,,,,,,,,,,,,,,,,,,,,12/15/2004,,04-7592,Lyndell Terrace,John Jones Road (S),130',East,VC 22106,Hit Object,,,,,,,,Pickup Truck,,Fixed Object,,No Pedestrian Involved,,
,,,,,,,,,,,,,,,,,,,1,,,,,12/18/2004,,04-7607,C Street,Third Street,100',North,VC .,Other,,,,,,,,Not Stated,Passenger Car,Parked Motor Vehicle,,No Pedestrian Involved,,
,,,,,,,,,,,,,,,,,,,,,,,,12/19/2004,,04-7650,Pacific Drive,Ifo 1620,0',In Int.,VC .,Sideswipe,,,,,,,,Passenger Car,Passenger Car,Parked Motor Vehicle,,No Pedestrian Involved,,
,,,,,,,,,,,,,,1,,,,,,,,,,12/20/2004,2:55 AM,04-7662,L Street,E Covell Blvd,13',South,VC 23152.A,Hit Object,1,,,,,,,,,Fixed Object,,No Pedestrian Involved,,
1,,,,,,,,,,,,,,,,,,,,,,,,12/21/2004,10:30 PM,04-7690,9462 W Chiles Rd,"""""",0',In Int.,VC ,Hit Object,,,,,,,,Pedestrian,Pedestrian,Fixed Object,,No Pedestrian Involved,,How can a pedestrian not be involved?
,,,,,,,,,,,,,,,,,,,,,,,,12/23/2004,2:23 AM,04-7714,Fifth Street,San Sebastian Street,0',In Int.,VC 23152.A,Hit Object,1,,,,,,,Passenger Car,,Fixed Object,,No Pedestrian Involved,,
,,,,,,,,,,,,,,,,,,,,,,,,12/24/2004,3:04 AM,04-7740,Russell Blvd,Orchard Park Drive,0',In Int.,VC 23152.A,Rear-End,1,,,,,,,Passenger Car,Pickup Truck,Parked Motor Vehicle,,No Pedestrian Involved,,