Ped,Bike,Bike Loop,School Area,1st St,E 2nd St,5th St,8th St,B St,F St,J St N,North Sycamore,North Anderson,North Anderson,East Covell,Olive Drive,Pole Line,West Russell,Russell,Downtown,University Rice,Old North,Old East,A St,DATE,TIME,REPORT,STREET 1,STREET 2,DISTANCE,DIRECTION,PRIMARY CAUSE,COLLISION TYPE,INJURY,Bike,5 Year Bike,5 Year  Ped,Ped,FATAL,TYPE OF COLLISION,VEHICLE 1,VEHICLE 2,INVOLVED WITH,OBJECT HIT,PEDESTRIAN ACTION,TRAFFIC CONTROL DEVICES,NOTES
1,,,,,,1,,,1,,,,,,,,,,1,,1,,,12/24/2004,6:26 PM,04-7750,Fifth Street,F Street,20',West,VC 21950.B,Vehicle - Pedestrian,1,,,,1.0,,,Pedestrian,Passenger Car,Pedestrian,,Crossing Not In Crosswalk,,
,,,,,,,,,,,,,,1,,1,,,,,,,,12/27/2004,3:30 PM,04-7794,E Covell Blvd,Pole Line Road,300',West,VC 23152.A,Hit Object,,,,,,,,Passenger Car,,Fixed Object,,No Pedestrian Involved,,
,,,,,,,1,,1,,,,,,,,,,,,,,,12/27/2004,6:22 PM,04-7797,F Street,E Eighth Street,0',In Int.,VC 21453.C,Broadside,,,,,,,,Pickup Truck,Passenger Car,Other Motor Vehicle,,No Pedestrian Involved,,
,,,,,,,,,,,,,,,,,,,,,,,,12/27/2004,11:59 PM,04-7803,Chiles Road,La Vida Way,172',West,VC 22350,Hit Object,,,,,,,,Passenger Car,,Fixed Object,,No Pedestrian Involved,,
,1,,,,,,,,,,,,,,,,,1,,,,,,12/29/2004,10:38 AM,04-7834,Russell Blvd,California Avenue,0',In Int.,VC .,Other,1,1.0,,,,,,Bicycle,,Fixed Object,,Crossing In Crosswalk At Intersection,,
,,,,,,,,,,,,,,,,,,,,,,1,,12/29/2004,11:45 AM,04-7836,Third Street,I Street,0',In Int.,VC 21802.A,Broadside,,,,,,,,Passenger Car,Passenger Car,Other Motor Vehicle,,No Pedestrian Involved,,
,,,,,,,,,,1,,,,,,,,,,,,,,12/29/2004,2:42 PM,04-7842,J Street,Kennedy Place,0',In Int.,VC 22350,Hit Object,1,,,,,,,Passenger Car,Pickup Truck,Parked Motor Vehicle,,No Pedestrian Involved,,
,,,,,,,,,,,,,,,,,,1,,,,,,12/30/2004,9:00 AM,04-7851,Russell Blvd,California Avenue,0',In Int.,VC 22350,Rear-End,,,,,,,,Passenger Car,Pickup Truck,Other Motor Vehicle,,No Pedestrian Involved,,
,,,,,,,,,,,,,,,,,,,,,,,,12/31/2004,12:50 AM,04-7863,Adeline Drive,Adeline Drive,0',In Int.,VC 23152.A,Rear-End,,,,,,,,Passenger Car,Passenger Car,Parked Motor Vehicle,,No Pedestrian Involved,,
,,,,,,,,,,,,,,,,,,,,,,,,12/31/2004,,04-7870,Drew Avenue,Cowell Blvd,100',South,VC 22107,Sideswipe,,,,,,,,Passenger Car,Not Stated,Parked Motor Vehicle,,No Pedestrian Involved,,
,,,,,,,,,,,,,1,,,,,,,,,,,1/3/2005,12:34 AM,05-0029,Russell Blvd,Anderson Road,0',In Int.,VC .,Broadside,,,,,,,,Other,Passenger Car,Other Motor Vehicle,,No Pedestrian Involved,,
,,,,,,,,,,,,,,,,,,,,,,,,1/3/2005,12:57 PM,05-0040,Lake Blvd,Arlington Blvd,0',In Int.,VC .,Broadside,,,,,,,,Pickup Truck,Pickup Truck,Parked Motor Vehicle,,No Pedestrian Involved,,
,,,,,,,,,,,,,,,,,,,,,,,,1/3/2005,11:30 AM,05-0041,Manzanita Lane,Bates Drive,0',In Int.,VC .,Rear-End,,,,,,,,Passenger Car,Not Stated,Parked Motor Vehicle,,No Pedestrian Involved,,
,,,,,,,,,,,,,,1,,,,,,,,,,1/4/2005,11:52 AM,05-0055,E Covell Blvd,Wright Blvd,12',West,VC 22350,Sideswipe,,,,,,,,Passenger Car,Passenger Car,Other Motor Vehicle,,No Pedestrian Involved,,
,,,,,1,,,,,,,,,,,,,,,,,1,,1/5/2005,11:19 PM,05-0087,Second Street,L Street,0',In Int.,VC 22350,Hit Object,,,,,,,,Pickup Truck,,Fixed Object,,No Pedestrian Involved,,
,,,,1,,,,,,,,,,,,,,,1,,,,,1/4/2005,5:45 PM,05-0091,E Street,First Street,150',North,VC .,Sideswipe,,,,,,,,Passenger Car,Passenger Car,Other Motor Vehicle,,No Pedestrian Involved,,
,,,,,,,,,,,,,,,,,,,1,,,,,1/6/2005,9:12 AM,05-0093,Third Street,D Street,76',East,VC 22106,Broadside,,,,,,,,Passenger Car,Passenger Car,Other Motor Vehicle,,No Pedestrian Involved,,
,,,,,,1,,,1,,,,,,,,,,1,,1,,,1/7/2005,11:31 AM,05-0120,Fifth Street,F Street,0',In Int.,VC 21801.A,Broadside,1,,,,,,,Other,Passenger Car,Other Motor Vehicle,,No Pedestrian Involved,,
,,,,,,,,,1,,,,,1,,,,,,,,,,1/7/2005,11:33 AM,05-0121,W Covell Blvd,F Street,40',East,VC 22350,Rear-End,,,,,,,,Passenger Car,Passenger Car,Other Motor Vehicle,,No Pedestrian Involved,,
,,,,,,1,,,1,,,,,,,,,,1,,1,,,1/7/2005,2:39 PM,05-0126,F Street,Fifth Street,0',In Int.,VC 21801.A,Head-On,2,,,,,,,Passenger Car,Passenger Car,Other Motor Vehicle,,No Pedestrian Involved,,
,,,,,,,,,,,,,,,,,,,1,,,,,1/7/2005,1:20 PM,05-0130,E Street,Second Street,100',North,VC 21750,Sideswipe,,,,,,,,Passenger Car,Passenger Car,Other Motor Vehicle,,No Pedestrian Involved,,
,,,,,,1,,,,,,,,,,,,,1,,1,,,1/8/2005,10:16 AM,05-0146,Fifth Street,E Street,0',In Int.,VC 21802.A,Broadside,,,,,,,,Passenger Car,Passenger Car,Other Motor Vehicle,,No Pedestrian Involved,,
,,,,,,,,,1,,,,,,,1,,,,,,,,1/8/2005,3:55 PM,05-0150,Pole Line Road,Fifth Street,120',South,VC 21804.A,Broadside,,,,,,,,Pickup Truck,Passenger Car,Other Motor Vehicle,,No Pedestrian Involved,,
,,,,,,1,,,1,,,,,,,,,,1,,1,,,1/9/2005,2:05 PM,05-0164,Fifth Street,F Street,0',In Int.,VC 21801.A,Head-On,2,,,,,,,Passenger Car,Passenger Car,Other Motor Vehicle,,No Pedestrian Involved,,
,,,1,,,,,,,,,,,,,,,,,,,,,1/11/2005,1:25 PM,05-0201,Catalina Drive,Alvarado Avenue,12',South,VC 22350,Rear-End,1,,,,,,,Passenger Car,Passenger Car,Other Motor Vehicle,,No Pedestrian Involved,,
,,1,1,,,,,,,,,,,,,,,,,,,,,1/11/2005,3:46 PM,05-0203,W Fourteenth Street,Beech Lane,0',In Int.,VC 22350,Rear-End,,,,,,,,Passenger Car,Passenger Car,Other Motor Vehicle,,No Pedestrian Involved,,
,,,,,,,,,,,,,,,,,,,,1,,,,1/11/2005,2:00 PM,05-0204,Third Street,University Avenue,100',East,VC 22106,Rear-End,,,,,,,,Passenger Car,Pickup Truck,Parked Motor Vehicle,,No Pedestrian Involved,,
,1,,,,,,,,,,,,,,1,,,,,,,,,1/11/2005,8:00 PM,05-0206,Olive Drive,Richards Blvd,0',In Int.,VC 21801.A,Other,1,1.0,,,,,,Bicycle,Passenger Car,Bicycle,,No Pedestrian Involved,,
,,,,,,,,,,,,,,,,,,,,,,,,1/12/2005,11:11 AM,05-0216,Cowell Blvd,Drew Avenue,0',In Int.,VC 21802.A,Broadside,1,,,,,,,Passenger Car,Passenger Car,Other Motor Vehicle,,No Pedestrian Involved,,
,,,,,,,,,,,,,,,,,,,,,,,,1/12/2005,9:55 AM,05-0220,1660 Drew Cir,Null,0',In Int.,VC ,Hit Object,,,,,,,,Passenger Car,Pickup Truck,Parked Motor Vehicle,,No Pedestrian Involved,,
,,,,,,,,,,,,,,,,,1,,,,,,,1/12/2005,7:00 PM,05-0225,Russell Blvd,Highway 113 Nb,0',In Int.,VC 22107,Hit Object,,,,,,,,Passenger Car,,Fixed Object,,No Pedestrian Involved,,
,,,,,,,,,,,,,,,,,,,,,,,,1/12/2005,,05-0231,Adams Street,Arthur Street (N),5',East,VC 22107,Head-On,,,,,,,,Passenger Car,Passenger Car,Other Motor Vehicle,,No Pedestrian Involved,,
,,,,,,,,,,,,,,,,,,,1,,,,,1/14/2005,8:25 AM,05-0249,F Street,Second Street,25',North,VC 22107,Sideswipe,,,,,,,,Passenger Car,Passenger Car,Parked Motor Vehicle,,No Pedestrian Involved,,
,,,,,,,,,,,,,,,,,1,,,,,,,1/15/2005,2:23 PM,05-0273,Russell Blvd,Arthur Street,0',In Int.,VC 21453.A,Broadside,,,,,,,,Passenger Car,Passenger Car,Other Motor Vehicle,,No Pedestrian Involved,,
,,,,,,,,,,,,,,,,,,,,,,,,1/18/2005,9:09 AM,05-0303,Sycamore Lane,Antelope Avenue,0',In Int.,VC .,Broadside,,,,,,,,Passenger Car,Passenger Car,Other Motor Vehicle,,No Pedestrian Involved,,
,,,,,,,,,,,,,,,,,,,1,,,,,1/18/2005,10:23 AM,05-0305,G Street,Third Street,300',South,VC .,Hit Object,,,,,,,,Passenger Car,,Fixed Object,,No Pedestrian Involved,,
,,1,1,,,,,,,,,,1,,,,,,,,,,,1/18/2005,10:58 PM,05-0317,Anderson Road,Villanova Drive,0',In Int.,VC 22350,Rear-End,1,,,,,,,Passenger Car,Passenger Car,Other Motor Vehicle,,No Pedestrian Involved,,
,,,,,,,,,,,,,,,,,,,1,,,,,1/11/2005,5:00 PM,05-0320,Third Street,D Street,0',In Int.,VC ,Hit Object,,,,,,,,Passenger Car,Passenger Car,Parked Motor Vehicle,,No Pedestrian Involved,,
,1,,,,,,,,,,,,,,,,,,1,,,,,1/19/2005,7:24 AM,05-0321,Second Street,D Street,0',In Int.,VC 22450.A,Other,1,1.0,,,,,,Passenger Car,Bicycle,Bicycle,,No Pedestrian Involved,,
,,,,,,,,,,,,,,,,1,,,,,,,,1/19/2005,8:34 AM,05-0323,Fifth Street,Pole Line Road,300',West,VC 22350,Sideswipe,,,,,,,,Passenger Car,,Fixed Object,,No Pedestrian Involved,,
,,,,,,,,,,,,,1,,,,,,,,,,,1/19/2005,8:44 AM,05-0324,Anderson Road,Hanover Drive,0',In Int.,VC 21802.A,Sideswipe,2,,,,,,,Passenger Car,Passenger Car,Other Motor Vehicle,,No Pedestrian Involved,,
,,,,,,,,,,,,,,1,,,,,,,,,,1/19/2005,12:25 PM,05-0333,L Street,E Covell Blvd,0',In Int.,VC 22350,Rear-End,1,,,,,,,,,Other Motor Vehicle,,No Pedestrian Involved,,
,1,,,,,,,,,,,,,,,,,,,,,,,1/19/2005,7:45 PM,05-0346,Research Park Drive,Cowell Blvd (E),150',South,VC .,Other,1,1.0,,,,,,Bicycle,Passenger Car,Bicycle,,No Pedestrian Involved,,
,,,,,,1,,,,,,,,,,,,,1,,1,,,1/20/2005,,05-0350,Fifth Street,G Street,0',In Int.,VC .,Hit Object,,,,,,,,Not Stated,,Other Object,,No Pedestrian Involved,,
,,,,,,,,1,,,,,,,,,,,1,1,,,,1/19/2005,6:30 PM,05-0366,B Street,First Street,0',In Int.,VC 22350,Rear-End,1,,,,,,,Passenger Car,Passenger Car,Other Motor Vehicle,,No Pedestrian Involved,,
,,,,,,,,,,,,,,,,,,,1,,,,,1/21/2005,1:57 PM,05-0386,Second Street,C Street,0',In Int.,VC 21802.A,Broadside,,,,,,,,Passenger Car,Passenger Car,Other Motor Vehicle,,No Pedestrian Involved,,
,,,,,,1,,,,,,,,,,,,,1,,1,,,1/21/2005,4:40 PM,05-0391,Fifth Street,E Street,0',In Int.,VC 21802.A,Broadside,2,,,,,,,Passenger Car,Passenger Car,Motor Vehicle on Other Roadway,,No Pedestrian Involved,,
,,,,,,,,,,,,,,1,,,,,,,,,,7/7/2005,6:26 PM,05-03998,Manzanita Lane,Denison Drive,72',South,VC 22107,Rear-End,1,,,,,,,Passenger Car,Passenger Car,Parked Motor Vehicle,,No Pedestrian Involved,,
,,,,,,1,,,,,,,,,,,,,,,,1,,7/11/2005,12:25 PM,05-04051,L Street,Fifth Street,60',South,VC 22350,Rear-End,,,,,,,,Other,Passenger Car,Other Motor Vehicle,,No Pedestrian Involved,,
,,,1,,,,,,,,,,,1,,,,,,,,,,1/22/2005,4:28 AM,05-0406,E Covell Blvd,Alhambra Drive,3167',East,VC 21650,Hit Object,,,,,,,,Passenger Car,,Fixed Object,,No Pedestrian Involved,,
,,,,,,1,,,,,,,,,,,,,,1,,,1,1/22/2005,9:05 PM,05-0416,Russell Blvd,A Street,0',In Int.,VC 21801.A,Broadside,2,,,,,,,Passenger Car,Passenger Car,Other Motor Vehicle,,No Pedestrian Involved,,
,,,,,1,,,,,,,,,,,,,,,,,1,,1/23/2005,3:45 AM,05-0429,Second Street,L Street,50',East,VC 22350,Hit Object,,,,,,,,Passenger Car,,Fixed Object,,No Pedestrian Involved,,
,,,,,,,,1,,,,,,,,,,,,,,,,1/23/2005,5:55 AM,05-0430,Miller Drive,B Street,200',West,VC 22350,Rear-End,,,,,,,,Passenger Car,Passenger Car,Parked Motor Vehicle,,No Pedestrian Involved,,
,1,,,,,1,,,,,,,,,,,,,1,,,,,7/28/2005,4:58 PM,05-04329,Fifth Street,C Street,0',In Int.,VC 21801.A,Other,1,1.0,,,,,,Bicycle,Passenger Car,Bicycle,,No Pedestrian Involved,,
,,,,,,,,,,,,,,,,,,,,,,,,1/24/2005,7:41 AM,05-0442,Chiles Road,El Cemonte Avenue,2250',East,VC 21801.A,Head-On,,,,,,,,Passenger Car,Passenger Car,Other Motor Vehicle,,No Pedestrian Involved,,
,,,,,,,,1,,,,,,,,,,,1,1,,,,1/25/2005,7:50 AM,05-0467,B Street,Second Street,60',North,VC 22350,Rear-End,,,,,,,,Passenger Car,Passenger Car,Other Motor Vehicle,,No Pedestrian Involved,,
,1,,,,,,,,,,,,,,,,,,,,,,,1/25/2005,8:11 PM,05-0475,Cowell Blvd,Mace Blvd,0',In Int.,VC 21650.1,Other,1,1.0,,,,,,Passenger Car,Bicycle,Bicycle,,No Pedestrian Involved,,
,,,,,,,,,1,,,,,,,,,,1,,,,,1/26/2005,9:44 AM,05-0484,Second Street,F Street,30',East,VC 22106,Other,,,,,,,,Passenger Car,Other,Other Motor Vehicle,,No Pedestrian Involved,,
,,,,,,,,,,,,,,,,,,,,,,,,1/26/2005,12:26 PM,05-0488,L Street,Duke Drive,60',South,VC 22107,Sideswipe,,,,,,,,Passenger Car,Other,Parked Motor Vehicle,,No Pedestrian Involved,,
,,,,,,,,,,,,,,,,,,,1,,,,,1/26/2005,12:27 PM,05-0489,C Street,Fourth Street,300',North,VC 22106,Sideswipe,,,,,,,,Passenger Car,Passenger Car,Other Motor Vehicle,,No Pedestrian Involved,,
,,,,,,,,,,,,,,,,,,,,,,,,1/26/2005,1:50 PM,05-0490,Rockwell Drive,Moore Blvd (E),240',West,VC 22106,Broadside,,,,,,,,Passenger Car,Passenger Car,Other Motor Vehicle,,No Pedestrian Involved,,
,1,,,,,,,,,,,,,,,,,,,,,,,6/25/2005,11:00 AM,05-05022,1119 Rosario Street,None,0',In Int.,VC ,Other,,,,,,,,Bicycle,Passenger Car,Parked Motor Vehicle,,Not Stated,,
,,,,,,,,,,,,,,,,1,,,,,,,,1/28/2005,3:30 PM,05-0524,Pole Line Road,Lehigh Drive,0',In Int.,VC 22350,Rear-End,2,,,,,,,Passenger Car,Passenger Car,Other Motor Vehicle,,No Pedestrian Involved,,
,,,,,,,,,,,,,,,,1,,,,,,,,1/28/2005,4:57 PM,05-0526,Pole Line Road,Fifth Street,300',South,VC 21804.A,Broadside,,,,,,,,Passenger Car,Passenger Car,Other Motor Vehicle,,No Pedestrian Involved,,
,,,,,,,,,1,,,,,,,,,,1,,,,,1/29/2005,7:35 PM,05-0542,F Street,First Street,74',North,VC 22350,Rear-End,,,,,,,,Passenger Car,Pickup Truck,Parked Motor Vehicle,,No Pedestrian Involved,,
1,,,,,,,,,1,,,,,1,,,,,,,,,,1/30/2005,7:00 PM,05-0555,W Covell Blvd,F Street,744',West,VC 21954.A,Vehicle - Pedestrian,1,,,,1.0,,,Passenger Car,Pedestrian,Pedestrian,,Crossing Not In Crosswalk,,
,,,,,,,,,,,,,,,,,1,,,,,,,2/1/2005,12:29 PM,05-0593,Russell Blvd,Highway 113 Sb,0',In Int.,VC .,Broadside,2,,,,,,,Passenger Car,Passenger Car,Other Motor Vehicle,,No Pedestrian Involved,,
,1,1,,,,,,,,,,,,,,,,,,,,,,2/1/2005,8:49 PM,05-0606,Drexel Drive,Cypress Lane,0',In Int.,VC 21200.5,Other,1,1.0,,,,,,Bicycle,,Non-Collision,,No Pedestrian Involved,,
,,,,,,,,,,,,,,,,,,,1,,,,,1/27/2005,,05-0613,G Street,Third Street,60',South,VC .,Rear-End,,,,,,,,Other,Passenger Car,Parked Motor Vehicle,,No Pedestrian Involved,,
,,,,,,,,,,,,,,,,,,,,,,,,2/2/2005,7:19 PM,05-0618,Spafford Street,Fifth Street,528',South,VC 22350,Broadside,3,,,,,,,Passenger Car,Truck With Trailer,Parked Motor Vehicle,,No Pedestrian Involved,,
,,,,,,,,,,,,,1,,,,,,,,,,,2/3/2005,9:16 AM,05-0624,Russell Blvd,Anderson Road,0',In Int.,VC 22107,Sideswipe,,,,,,,,Passenger Car,Passenger Car,Other Motor Vehicle,,No Pedestrian Involved,,
,,,1,,,,,,,,,,,,,,,,,,,,,2/3/2005,3:00 PM,05-0627,Arlington Blvd,Calaveras Avenue,45',North,VC 22350,Sideswipe,1,,,,,,,Passenger Car,Truck,Other Motor Vehicle,,No Pedestrian Involved,,
,,,,,,,,,,,,,,,,,1,,,,,,,2/4/2005,7:30 PM,05-0675,Arthur Street,Russell Blvd,0',In Int.,VC .,Broadside,,,,,,,,Passenger Car,Pickup Truck,Other Motor Vehicle,,No Pedestrian Involved,,
,,,,,,1,,,,,,,,,,,,,1,,1,,,2/6/2005,10:05 PM,05-0704,Fifth Street,G Street,102',West,VC .,Head-On,,,,,,,,Passenger Car,Passenger Car,Other Motor Vehicle,,No Pedestrian Involved,,
,,,,,,,,,,,,,,,,,,,,,,,,2/7/2005,8:50 AM,05-0708,Lake Blvd,W Covell Blvd,0',In Int.,VC 21802.A,Broadside,,,,,,,,Passenger Car,Passenger Car,Other Motor Vehicle,,No Pedestrian Involved,,
,,,,,,,,,,,,,,,,,,,,,,,,12/8/2005,8:55 AM,05-07082,Chiles Road,El Cemonte Avenue,500',East,VC .,Broadside,,,,,,,,Passenger Car,Passenger Car,Parked Motor Vehicle,,No Pedestrian Involved,,
,,,1,,,,,,,,,,1,,,,,,,,,,,2/7/2005,5:40 PM,05-0717,Anderson Road,Villanova Drive,183',South,VC 22350,Hit Object,1,,,,,,,Passenger Car,,Fixed Object,,No Pedestrian Involved,,
,,,,,,,,,,,,,,,,,,,1,,,,,2/8/2005,4:50 PM,05-0738,G Street,Third Street,13',South,VC 22106,Sideswipe,,,,,,,,Passenger Car,Passenger Car,Other Motor Vehicle,,No Pedestrian Involved,,
,,,,1,,,,,,,,,,,,,,,1,,,,,2/8/2005,6:18 PM,05-0740,First Street,D Street,60',West,VC 22350,Rear-End,,,,,,,,Passenger Car,Passenger Car,Other Motor Vehicle,,No Pedestrian Involved,,
,,,,,,,1,,,,,,,,,,,,,,,,,2/8/2005,7:07 PM,05-0742,1770 E 8th St,Null,0',In Int.,VC ,Hit Object,,,,,,,,Passenger Car,Passenger Car,Parked Motor Vehicle,,No Pedestrian Involved,,
,,,,,,,,,,,,,,,,,,,,,,,,2/9/2005,2:48 PM,05-0784,Bidwell Street,Fremont Court,0',In Int.,VC 21801.A,Broadside,1,,,,,,,Passenger Car,Motorcycle,Other Motor Vehicle,,No Pedestrian Involved,,
,1,,,,,,,,,,,,,1,,1,,,,,,,,2/9/2005,4:53 PM,05-0787,Pole Line Road,E Covell Blvd,0',In Int.,VC 21650,Broadside,1,1.0,,,,,,Bicycle,Passenger Car,Bicycle,,No Pedestrian Involved,,
,,,,,,,,,,,,,,,,,,,,,,1,,2/10/2005,8:53 AM,05-0795,L Street,Third Street,0',In Int.,VC 22350,Rear-End,2,,,,,,,Passenger Car,Passenger Car,Other Motor Vehicle,,No Pedestrian Involved,,
,,,,,,,,,,,,,,,,,,,,,,1,,2/11/2005,8:42 AM,05-0816,L Street,Third Street,0',In Int.,VC 21801.A,Broadside,,,,,,,,Passenger Car,Passenger Car,Other Motor Vehicle,,No Pedestrian Involved,,
,,,1,,,,,,,,,,,,,,,,,,,,,2/11/2005,11:55 AM,05-0819,Oak Avenue,Scripps Drive,100',South,VC 22350,Rear-End,,,,,,,,Passenger Car,Passenger Car,Other Motor Vehicle,,No Pedestrian Involved,,
,,,,,,,,,,,,,,,,,,,,,,,,2/11/2005,12:42 PM,05-0821,Russell Blvd,Oak Avenue,0',In Int.,VC 21801.A,Head-On,2,,,,,,,Passenger Car,Passenger Car,Other Motor Vehicle,,No Pedestrian Involved,,
,,,1,,,,,,1,,,,,,,,,,,,,,,2/14/2005,10:50 AM,05-0881,1314 F St,Null,0',In Int.,VC ,Hit Object,,,,,,,,Other,Passenger Car,Parked Motor Vehicle,,No Pedestrian Involved,,
,,,,,,1,,,1,,,,,,,,,,1,,1,,,2/14/2005,8:00 PM,05-0891,F Street,Fifth Street,0',In Int.,VC 21801.A,Head-On,,,,,,,,Passenger Car,Passenger Car,Other Motor Vehicle,,No Pedestrian Involved,,
,,,,,,,,,,,,,,,,,1,,,,,,,2/15/2005,4:29 PM,05-0909,Russell Blvd,Highway 113 Sb,0',In Int.,VC 21453.A,Broadside,1,,,,,,,Passenger Car,Passenger Car,Other Motor Vehicle,,No Pedestrian Involved,,
,,,,,,,,,,,,,,,,,1,,,,,,,2/16/2005,1:59 PM,05-0926,Arlington Blvd,Russell Blvd,528',North,VC 22350,Broadside,1,,,,,,,Passenger Car,Passenger Car,Other Motor Vehicle,,No Pedestrian Involved,,
,,,,,,,,,,,,1,1,,,,,,,,,,,2/18/2005,12:50 PM,05-0960,W Covell Blvd,Anderson Road,120',West,VC 22350,Rear-End,1,,,,,,,Passenger Car,Passenger Car,Other Motor Vehicle,,No Pedestrian Involved,,
,,,,,,,,,,,,,,,,,1,,,,,,,2/20/2005,12:25 AM,05-1014,Russell Blvd,Highway 113 Sb,0',In Int.,VC 21453.A,Sideswipe,1,,,,,,,Passenger Car,Passenger Car,Other Motor Vehicle,,No Pedestrian Involved,,
,,1,1,,,,,,,,,,,,,,,,,,,,,2/20/2005,1:56 PM,05-1021,Ponteverde Lane,Tulip Lane,125',East,VC 22350,Head-On,,,,,,,,Passenger Car,,Fixed Object,,No Pedestrian Involved,,
1,,,,,,,,,,,,,,,,,,,,,,,,2/18/2005,11:30 AM,05-1054,Covell Blvd,Null,0',In Int.,VC ,Hit Object,,,,,,,,Pickup Truck,Pedestrian,Other Motor Vehicle,,No Pedestrian Involved,,"A pedestrian is an ""object""?"
,,,,,,,,,,,,,,,,,,,1,,,,,2/23/2005,2:12 PM,05-1071,C Street,Second Street,0',In Int.,VC 22350,Broadside,,,,,,,,Pickup Truck,Passenger Car,Other Motor Vehicle,,No Pedestrian Involved,,
,1,,,,,,,,,,,,,,,,,,1,,,,,2/22/2005,5:15 PM,05-1076,Second Street,F Street,0',In Int.,VC .,Rear-End,,,,,,,,Bicycle,Passenger Car,Bicycle,,No Pedestrian Involved,,
,,,,,,,,1,,,,,,,,,,,1,1,,,,2/24/2005,3:00 AM,05-1096,B Street,Fourth Street,0',In Int.,VC 23152.A,Hit Object,1,,,,,,,Passenger Car,,Fixed Object,,Not In Road,,
,1,,,,,,1,1,,,,,,,,,,,,,,,,2/24/2005,3:25 PM,05-1109,E Eighth Street,B Street,0',In Int.,VC 21453.A,Other,1,1.0,,,,,,Bicycle,Passenger Car,Bicycle,,No Pedestrian Involved,,
,,,,,,,,,,,,,,,,,,,,,,,,2/24/2005,5:24 PM,05-1122,W Covell Blvd,Highway 113 Sb,65',East,VC 22350,Rear-End,,,,,,,,Passenger Car,Passenger Car,Other Motor Vehicle,,No Pedestrian Involved,,
,,,,,,,,,,,,,,,,,,,,,,,,2/17/2005,2:15 AM,05-1158,Tiber Avenue,Lake Blvd,75',East,VC 22107,Broadside,,,,,,,,Passenger Car,Passenger Car,Parked Motor Vehicle,,No Pedestrian Involved,,
,,,,,,,,,,,,,,,,,,,,,,,,2/27/2005,7:40 AM,05-1176,Humboldt Avenue,Arthur Street,10',West,VC 23152.B,Hit Object,,,,,,,,Passenger Car,Passenger Car,Parked Motor Vehicle,,No Pedestrian Involved,,
,,,,,,,,,,,,,,,,,,,,,,,,2/28/2005,4:03 PM,05-1203,Arthur Street,Alameda Avenue,320',North,VC 22350,Rear-End,1,,,,,,,Passenger Car,Passenger Car,Parked Motor Vehicle,,No Pedestrian Involved,,
,,,,,,,,,,,,,,,,,,,1,,,,,2/28/2005,5:59 PM,05-1208,Third Street,G Street,36',East,VC .,Sideswipe,,,,,,,,Passenger Car,Passenger Car,Parked Motor Vehicle,,No Pedestrian Involved,,
,,,,,,,,,,,,,,,,,,,1,,,,,2/26/2005,2:00 PM,05-1210,South F Lot,E Street,129',East,VC .,Rear-End,,,,,,,,Passenger Car,Passenger Car,Other Motor Vehicle,,No Pedestrian Involved,,
,,,,,,,,,,,1,,,,,,,,,,,,,3/1/2005,1:08 AM,05-1214,Alvarado Avenue,Sycamore Lane,0',In Int.,VC 22350,Broadside,,,,,,,,Passenger Car,Passenger Car,Parked Motor Vehicle,,No Pedestrian Involved,,
,,,,,,,1,,,,,,,,,1,,,,,,,,3/1/2005,4:32 PM,05-1221,Pole Line Road,E Eighth Street,96',North,VC 22350,Rear-End,,,,,,,,Passenger Car,Passenger Car,Other Motor Vehicle,,No Pedestrian Involved,,
,,,,,,,,,1,,,,,,,,,,,,,,,3/1/2005,12:00 PM,05-1222,South F St,Null,0',In Int.,VC ,Hit Object,,,,,,,,Passenger Car,Not Stated,Other Motor Vehicle,,No Pedestrian Involved,,
,,,,,,,,,,,,,,,,,,,,,,,,3/2/2005,9:30 AM,05-1230,Chiles Road,Mace Blvd,0',In Int.,VC 22350,Rear-End,1,,,,,,,Passenger Car,Passenger Car,Other Motor Vehicle,,No Pedestrian Involved,,
,,,,,,,,,,,,,,1,,1,,,,,,,,2/22/2005,10:15 AM,05-1244,Pole Line Road,E Covell Blvd,0',In Int.,VC .,Broadside,,,,,,,,Passenger Car,Passenger Car,Other Motor Vehicle,,No Pedestrian Involved,,
,,,,,,,1,,,,,,1,,,,,,,,,,,3/3/2005,1:46 AM,05-1247,805 Anderson Rd,Corner 8th St,0',In Int.,VC ,Rear-End,,,,,,,,Passenger Car,Passenger Car,Other Motor Vehicle,,No Pedestrian Involved,,
,,,,,,1,,1,,,,,,,,,,,1,1,1,,,3/1/2005,7:00 PM,05-1255,B Street,Russell Blvd,0',In Int.,VC .,Rear-End,,,,,,,,Passenger Car,Passenger Car,Other Motor Vehicle,,No Pedestrian Involved,,
,,,,,,,,,,,,,,,,,,,,,,,,2/25/2005,7:40 AM,05-1261,Russell Blvd,Oak Avenue,40',South,VC 22350,Rear-End,1,,,,,,,Passenger Car,Passenger Car,Other Motor Vehicle,,No Pedestrian Involved,,