Ped,Bike,Bike Loop,School Area,1st St,E 2nd St,5th St,8th St,B St,F St,J St N,North Sycamore,North Anderson,North Anderson,East Covell,Olive Drive,Pole Line,West Russell,Russell,Downtown,University Rice,Old North,Old East,A St,DATE,TIME,REPORT,STREET 1,STREET 2,DISTANCE,DIRECTION,PRIMARY CAUSE,COLLISION TYPE,INJURY,Bike,5 Year Bike,5 Year  Ped,Ped,FATAL,TYPE OF COLLISION,VEHICLE 1,VEHICLE 2,INVOLVED WITH,OBJECT HIT,PEDESTRIAN ACTION,TRAFFIC CONTROL DEVICES,NOTES
,,,,,,,,,,,,,,,,,,,,,,,,3/3/2005,10:21 PM,05-1267,Fifth Street,Cantrill Drive,0',In Int.,VC 22350,Hit Object,,,,,,,,Passenger Car,,Fixed Object,,No Pedestrian Involved,,
,,,,,,,,,1,,,,,,,,,,1,,,,,3/4/2005,1:40 PM,05-1284,Third Street,F Street,0',In Int.,VC 22106,Other,,,,,,,,Passenger Car,Other,Parked Motor Vehicle,,No Pedestrian Involved,,
,,,,,,,,,,,,,,,,1,,,,,,,,3/4/2005,1:00 PM,05-1315,Pole Line Road,Null,0',In Int.,VC .,Rear-End,,,,,,,,Passenger Car,Passenger Car,Other Motor Vehicle,,No Pedestrian Involved,,
,,,,,,,,,,,,,1,,,,,,,,,,,3/5/2005,2:35 PM,05-1318,Anderson Road,Russell Blvd,0',In Int.,VC .,Rear-End,,,,,,,,Passenger Car,Passenger Car,Other Motor Vehicle,,No Pedestrian Involved,,
,,,,,,,,,,,,,,,,,,,,,,,,3/6/2005,6:35 AM,05-1333,Isle Royale Lane,Denali Drive,52',East,VC .,Hit Object,,,,,,,,Not Stated,,Fixed Object,,No Pedestrian Involved,,
,1,,,,,,1,,1,,,,,,,,,,,,,,,3/6/2005,4:18 PM,05-1339,E Eighth Street,F Street,0',In Int.,VC 21801.A,Other,1,1.0,,,,,,Passenger Car,Bicycle,Bicycle,,No Pedestrian Involved,,
,,,,,,,,,,,,,,,,,,,,,,,,3/5/2005,,05-1342,Isle Royale Lane,Denali Drive,525',East,VC .,Hit Object,,,,,,,,Not Stated,,Fixed Object,,No Pedestrian Involved,,
,,,,,,,,,,,,,,,,,,,,,,,,3/8/2005,8:33 AM,05-1364,Russell Blvd,Orchard Park Drive,0',In Int.,VC 22350,Rear-End,,,,,,,,Passenger Car,Passenger Car,Other Motor Vehicle,,No Pedestrian Involved,,
,,,,,,,,,,,,,,1,,1,,,,,,,,3/8/2005,5:00 PM,05-1379,E Covell Blvd,Pole Line Road,528',West,VC 21804.A,Broadside,1,,,,,,,Passenger Car,Passenger Car,Other Motor Vehicle,,No Pedestrian Involved,,
,,,,,,,,,,,,,,,,,,,,,,,,3/9/2005,5:45 PM,05-1399,Russell Blvd,Oak Avenue,0',In Int.,VC 21801.A,Head-On,2,,,,,,,Passenger Car,Passenger Car,Other Motor Vehicle,,No Pedestrian Involved,,
,,,,,,,,,,,,,,,1,,,,,,,,,3/3/2005,4:30 PM,05-1410,Richards Blvd,Olive Drive,0',In Int.,VC .,Rear-End,,,,,,,,Passenger Car,Passenger Car,Other Motor Vehicle,,No Pedestrian Involved,,
,,,,,,1,,,,,,,,,,,,,,1,,,1,3/10/2005,,05-1470,A Street,5th Street,0',In Int.,VC .,Other,,,,,,,,Passenger Car,Not Stated,Other Object,,No Pedestrian Involved,,
,,,,,,,,,,,,,1,,,,,,,,,,,3/12/2005,7:40 PM,05-1471,1900 Anderson Rd,"""""",0',In Int.,VC .,Other,,,,,,,,Pickup Truck,Pickup Truck,Other Motor Vehicle,,No Pedestrian Involved,,
,,,,1,,,,,,,,,,,,,,,1,,,,,3/12/2005,10:45 AM,05-1473,Richards Blvd,First Street,0',In Int.,VC .,Rear-End,,,,,,,,Passenger Car,Passenger Car,Other Motor Vehicle,,No Pedestrian Involved,,
,,,1,,,,,,,,,,,,,,,,,,,,,3/12/2005,10:53 PM,05-1474,Alvarado Avenue,Catalina Drive,0',In Int.,VC 23103.A,Hit Object,,,,,,,,Passenger Car,,Fixed Object,,No Pedestrian Involved,,
,,,,,,,,,,,,,,,,,,,,,,,,3/13/2005,4:07 PM,05-1485,Cowell Blvd,Drew Avenue,0',In Int.,VC 21802.A,Broadside,,,,,,,,Passenger Car,Passenger Car,Other Motor Vehicle,,No Pedestrian Involved,,
,,,,,,,,,,,,,,,,,,,,,,,,3/13/2005,5:12 PM,05-1487,Richards Blvd,Research Park Drive,27',West,VC 22350,Rear-End,,,,,,,,Passenger Car,Passenger Car,Other Motor Vehicle,,No Pedestrian Involved,,
,,,,1,,,,,,,,,,,,,,,1,,,,,3/14/2005,1:46 PM,05-1501,500 1st St,Null,0',In Int.,VC .,Hit Object,,,,,,,,Passenger Car,Passenger Car,Other Motor Vehicle,,No Pedestrian Involved,,
,,,,,,,,,,,,,,,,,,,,,,,,2/22/2005,11:00 AM,05-1542,Cowell Blvd,Research Park Drive (E),0',In Int.,VC .,Sideswipe,,,,,,,,Passenger Car,Other,Parked Motor Vehicle,,No Pedestrian Involved,,
,,,,,,,,,,,,,1,,,,,,,,,,,3/15/2005,,05-1558,1900 Anderson Rd,Null,0',In Int.,VC ,Other,,,,,,,,Pickup Truck,Pickup Truck,Other Motor Vehicle,,No Pedestrian Involved,,
,,,1,,,,,,,,,,,,,,,,,,,,,3/16/2005,7:29 AM,05-1587,Shasta Drive,Denali Drive,0',In Int.,VC 22350,Rear-End,,,,,,,,Passenger Car,Passenger Car,Parked Motor Vehicle,,No Pedestrian Involved,,
,,,,,,,,,1,,,,,1,,,,,,,,,,3/16/2005,12:14 PM,05-1593,W Covell Blvd,F Street,0',In Int.,VC 22350,Rear-End,,,,,,,,Passenger Car,Passenger Car,Other Motor Vehicle,,No Pedestrian Involved,,
,,,,,,,,,,,,,,,,,,,,,,,,3/18/2005,4:25 PM,05-1662,Ohlone Street,Lillard Drive,175',North,VC 21460.A,Broadside,,,,,,,,Passenger Car,Passenger Car,Other Motor Vehicle,,No Pedestrian Involved,,
,1,,,,,,,,,,,,,,,,,,,,,,,3/19/2005,7:09 PM,05-1685,Russell Blvd,Oak Avenue,0',In Int.,VC 21801.A,Other,1,1.0,,,,,,Passenger Car,Bicycle,Bicycle,,No Pedestrian Involved,,
,,,,,,,,,,,,,,,,,,,,,,,,3/19/2005,11:30 PM,05-1688,Sycamore Lane,Hawthorne Lane,0',In Int.,VC 22350,Hit Object,,,,,,,,Passenger Car,,Fixed Object,,No Pedestrian Involved,,
,,,1,,,,1,,,,,,,,,,,,,,,,,3/20/2005,7:02 PM,05-1704,L Street,E Eighth Street,15',South,VC 21801.A,Broadside,,,,,,,,Passenger Car,Passenger Car,Other Motor Vehicle,,No Pedestrian Involved,,
,,,1,,,,,,1,,,,,1,,,,,,,,,,3/19/2005,3:00 PM,05-1711,F Street,W Covell Blvd,20',South,VC .,Broadside,,,,,,,,Passenger Car,Passenger Car,Other Motor Vehicle,,No Pedestrian Involved,,
,,,,,,,,,,1,,,,1,,,,,,,,,,3/17/2005,3:50 PM,05-1715,E Covell Blvd,J Street,0',In Int.,VC .,Rear-End,,,,,,,,Passenger Car,Passenger Car,Other Motor Vehicle,,No Pedestrian Involved,,
1,,,,1,,,,,,,,,,,,,,,1,,,,,3/21/2005,6:41 PM,05-1720,First Street,D Street,15',East,VC 21451.A,Vehicle - Pedestrian,1,,,,1.0,,,Passenger Car,Pedestrian,Pedestrian,,Crossing In Crosswalk At Intersection,,
,,,,,,,,,,,,,,,1,,,,,,,,,3/22/2005,,05-1728,700 Block,Olive Drive,0',In Int.,VC .,Hit Object,,,,,,,,Not Stated,Pickup Truck,Other Motor Vehicle,,No Pedestrian Involved,,
,,,,,,,,,,,,,,,,,,,,,,,,3/22/2005,10:05 AM,05-1730,Chestnut Lane,Haussler Drive,0',In Int.,VC 22450.A,Broadside,1,,,,,,,Passenger Car,Passenger Car,Other Motor Vehicle,,No Pedestrian Involved,,
,,,,,,,,,,,,,,,,,,,,,,,,3/22/2005,3:25 PM,05-1738,Mace Blvd,Alhambra Drive,3318',East,VC 22107,Hit Object,,,,,,,,Passenger Car,,Fixed Object,,No Pedestrian Involved,,
,,,,,1,,,,,,,,,,,,,,,,,,,3/25/2005,6:50 AM,05-1785,Mace Blvd,Second Street,450',South,VC 22350,Rear-End,,,,,,,,Passenger Car,Truck,Other Motor Vehicle,,No Pedestrian Involved,,
,,,,,,,,,,,,,,,,,,,,,,,,3/25/2005,3:09 PM,05-1787,Cowell Blvd,Drew Avenue,600',West,VC .,Rear-End,1,,,,,,,Pickup Truck,Other,Parked Motor Vehicle,,No Pedestrian Involved,,
,,,1,,,,1,,,,,,,,,,,,,,,,,3/29/2005,9:36 AM,05-1842,E Eighth Street,L Street,0',In Int.,VC 21453.A,Broadside,,,,,,,,Passenger Car,Passenger Car,Other Motor Vehicle,,No Pedestrian Involved,,
,,,,,,,,,,,,,,,,,,,,,,,,3/29/2005,1:55 PM,05-1846,Drake Drive,Apple Lane,171',West,VC 22106,Broadside,,,,,,,,Passenger Car,Other Bus,Other Motor Vehicle,,No Pedestrian Involved,,
,,,,,,,,,,,,,,,,,,,,,,1,,3/29/2005,3:30 PM,05-1848,Third Street,K Street,0',In Int.,VC 21801.A,Sideswipe,,,,,,,,Passenger Car,Passenger Car,Other Motor Vehicle,,No Pedestrian Involved,,
,,,,,,,,,,,,,,,,,,,,,,1,,3/28/2005,,05-1856,J Street,Third Street,275',North,VC .,Rear-End,,,,,,,,Passenger Car,Other,Parked Motor Vehicle,,No Pedestrian Involved,,
,,,,1,,,,,1,,,,,,,,,,,,,,,3/30/2005,,05-1861,101,F Street,0',In Int.,VC .,Rear-End,,,,,,,,Passenger Car,Other,Parked Motor Vehicle,,No Pedestrian Involved,,
,,,,,,,,,,,,,,,,,,,,,,,,3/30/2005,3:47 PM,05-1862,Richards Blvd,Interstate 80 Eb,69',South,VC 22350,Rear-End,3,,,,,,,Passenger Car,Passenger Car,Other Motor Vehicle,,No Pedestrian Involved,,
1,,,,,,,,1,,,,,,,,,,,1,1,,,,3/30/2005,11:11 PM,05-1867,B Street,Third Street,0',In Int.,VC 21456.B,Vehicle - Pedestrian,1,,,,1.0,,,Passenger Car,Pedestrian,Pedestrian,,Crossing In Crosswalk At Intersection,,
,,,,,,,,,,,,,,,,,,,,,,,,3/31/2005,12:02 PM,05-1876,Chiles Road,Mace Blvd,3',East,VC 22107,Sideswipe,,,,,,,,Truck With Trailer,Pickup Truck,Other Motor Vehicle,,No Pedestrian Involved,,
,,,,,,,,,,,,,,,,,,,,,1,,,3/31/2005,3:02 PM,05-1887,Sixth Street,F Street,99',West,VC 22106,Sideswipe,,,,,,,,Passenger Car,Passenger Car,Other Motor Vehicle,,No Pedestrian Involved,,
,,,,,,,,,,,,,,,,,,,1,,,,,3/30/2005,,05-1889,Second Street,D Street,50',South,VC 22106,Sideswipe,,,,,,,,Passenger Car,Passenger Car,Parked Motor Vehicle,,No Pedestrian Involved,,
,,,,1,,,,,,,,,,,,,,,1,,,,,3/31/2005,6:12 PM,05-1893,First Street,D Street,120',West,VC 22350,Rear-End,1,,,,,,,Passenger Car,Passenger Car,Other Motor Vehicle,,No Pedestrian Involved,,
,,,,,,,1,,,,,,,,,,,,,,,,,4/1/2005,,05-1912,Oak Avenue,W Eighth Street,792',South,VC 22107,Sideswipe,,,,,,,,Passenger Car,Passenger Car,Parked Motor Vehicle,,No Pedestrian Involved,,
,1,,,,,,,,,,,,,,,,,,1,,,,,3/29/2005,5:30 PM,05-1915,G Street,First Street,50',North,VC 22350,Other,1,1.0,,,,,,Bicycle,Passenger Car,Bicycle,,No Pedestrian Involved,,
,,,,,,1,,1,,,,,,,,,,,1,1,1,,,4/1/2005,7:38 PM,05-1923,Fifth Street,B Street,0',In Int.,VC .,Rear-End,,,,,,,,Passenger Car,Passenger Car,Other Motor Vehicle,,No Pedestrian Involved,,
,1,,,,,,,,,,,,,,,,,,,,,,,4/2/2005,7:53 AM,05-1936,Lake Blvd,Portage Bay West,50',North,VC 22350,Other,1,1.0,,,,,,Bicycle,Pickup Truck,Bicycle,,No Pedestrian Involved,,
,,,,,,,,,,,,,,,,,,,,1,,,,4/4/2005,6:23 PM,05-1975,Second Street,University Avenue,0',In Int.,VC 21802.A,Sideswipe,,,,,,,,Passenger Car,Passenger Car,Other Motor Vehicle,,No Pedestrian Involved,,
,,,,,,,,,,,,,,,,,,,,,,,,4/4/2005,7:15 PM,05-1978,Russell Blvd,South Campus Way,50',West,VC 22350,Rear-End,2,,,,,,,Passenger Car,Passenger Car,Other Motor Vehicle,,No Pedestrian Involved,,
,,,,,,,,,,,,,,,,,,,,,,,,4/5/2005,8:36 AM,05-1987,Chiles Road,Ensenada Drive,210',East,VC 22350,Rear-End,1,,,,,,,Passenger Car,Passenger Car,Other Motor Vehicle,,No Pedestrian Involved,,
,1,1,1,,,,,,,,,,,,,,,,,,,,,4/6/2005,7:45 AM,05-2009,W Fourteenth Street,Eureka Avenue,125',East,VC 22107,Other,1,1.0,,,,,,Passenger Car,Bicycle,Bicycle,,No Pedestrian Involved,,
,1,1,1,,,,,,,,,,,,,,,,,,,,,4/6/2005,9:24 AM,05-2011,Drexel Drive,Hemlock Lane,110',West,VC 22517,Other,1,1.0,,,,,,Passenger Car,Bicycle,Bicycle,,No Pedestrian Involved,,
,,,,,,,,,,,,,,,,,,,,,,,,4/8/2005,10:19 AM,05-2069,Shasta Drive,W Covell Blvd,15',South,VC 22350,Rear-End,,,,,,,,Passenger Car,Passenger Car,Other Motor Vehicle,,No Pedestrian Involved,,
,,,1,,,,,,1,,,,,1,,,,,,,,,,4/8/2005,3:56 PM,05-2075,F Street,W Covell Blvd,0',In Int.,VC 22350,Rear-End,,,,,,,,Passenger Car,Passenger Car,Other Motor Vehicle,,No Pedestrian Involved,,
,,,,,,,,,,,,,,,,,,,,,,,,4/8/2005,3:57 PM,05-2076,W Covell Blvd,Denali Drive,631',East,VC .,Other,,,,,,,,Passenger Car,,Other Object,,No Pedestrian Involved,,
,,,1,,,,,,,,,,,,,,,,,,,,,4/10/2005,2:09 AM,05-2106,E Covell Blvd,Alhambra Drive,27',West,VC 23152.A,Hit Object,,,,,,,,Passenger Car,,Fixed Object,,No Pedestrian Involved,,
,,,,,,,,,,,,,,,,,,,,,,,,4/10/2005,6:10 AM,05-2108,Mace Blvd,Interstate 80 Wb,0',In Int.,VC 21453.A,Head-On,,,,,,,,Passenger Car,Passenger Car,Other Motor Vehicle,,No Pedestrian Involved,,
,,,,,,,,,,,,,,,,,,,,,,,,4/10/2005,10:17 AM,05-2110,Arlington Blvd,Garrison Street,250',East,VC 21460.A,Sideswipe,,,,,,,,Passenger Car,Passenger Car,Other Motor Vehicle,,No Pedestrian Involved,,
,,,,,,,,,,,,,,,,,,,,,,,,4/11/2005,6:18 PM,05-2134,Mace Blvd,Interstate 80 Wb,0',In Int.,VC 22350,Rear-End,2,,,,,,,Passenger Car,Passenger Car,Other Motor Vehicle,,No Pedestrian Involved,,
,,,,,,,,,,,,,,,,,,,,,,,,4/12/2005,12:10 PM,05-2143,Mace Blvd,Interstate 80 Wb,0',In Int.,VC 21453.A,Broadside,1,,,,,,,Passenger Car,Passenger Car,Other Motor Vehicle,,No Pedestrian Involved,,
,,,,,,,,,,,,,,,,,,,,,,,,4/12/2005,2:27 PM,05-2148,Loyola Drive,Buckeye Lane,0',In Int.,VC 22103,Rear-End,1,,,,,,,Passenger Car,Passenger Car,Other Motor Vehicle,,No Pedestrian Involved,,
,,,1,,,,,,,,,,,,,,,,,,,,,4/12/2005,9:31 PM,05-2152,Villanova Drive,Carob Place,75',East,VC .,Hit Object,1,,,,,,,Passenger Car,,Fixed Object,,No Pedestrian Involved,,
,,,1,,,,,,,,,,,,,,,,,,,,,4/13/2005,,05-2158,Toyon Place,Villanova Drive,6',South,VC 22107,Sideswipe,,,,,,,,Not Stated,Passenger Car,Parked Motor Vehicle,,No Pedestrian Involved,,
,,,,,,,,,,,,,,,,,,,,,,,,4/11/2005,5:30 PM,05-2199,Donner Avenue,Cassatt Street,0',In Int.,VC .,Not Stated,,,,,,,,Not Stated,,Not Stated,,Not Stated,,
,,,,,,,,,,,,,,,,,,,,,,,,4/14/2005,3:57 PM,05-2210,El Cemonte Avenue,Swingle Drive,0',In Int.,VC 21801.A,Head-On,,,,,,,,Passenger Car,Passenger Car,Other Motor Vehicle,,No Pedestrian Involved,,
,,,,,,1,,,,,,,,,,,,,1,,1,,,4/14/2005,4:48 PM,05-2213,C Street,Fifth Street,10',South,VC 22106,Other,,,,,,,,Passenger Car,Passenger Car,Other Motor Vehicle,,No Pedestrian Involved,,
,,,1,,,,,,,,,,,,,,,,,,,,,4/14/2005,3:30 PM,05-2221,Mills Drive,Eureka Avenue,100',East,VC 22106,Other,,,,,,,,Pickup Truck,Pickup Truck,Parked Motor Vehicle,,No Pedestrian Involved,,
,,,,1,,,,,,,,,,,,,,,,1,,,,4/15/2005,4:42 AM,05-2229,A Street,First Street (W),45',North,VC 22515.A,Hit Object,,,,,,,,Passenger Car,,Fixed Object,,No Pedestrian Involved,,
,1,,,,,,1,,,,,,,,,,,,,,,,,4/15/2005,7:30 AM,05-2231,W Eighth Street,Eureka Avenue,0',In Int.,VC 21801.A,Other,1,1.0,,,,,,Passenger Car,Bicycle,Bicycle,,No Pedestrian Involved,,
,,1,1,,,,,,,,,,1,,,,,,,,,,,4/15/2005,7:34 AM,05-2232,Anderson Road,Villanova Drive,0',In Int.,VC 21801.A,Head-On,1,,,,,,,Passenger Car,Other Bus,Other Motor Vehicle,,No Pedestrian Involved,,
,1,,,,,,,,,,,,,,,,,,1,,1,,,4/15/2005,8:32 AM,05-2233,G Street,Sixth Street,25',North,VC 22517,Other,1,1.0,,,,,,Pickup Truck,Bicycle,Bicycle,,No Pedestrian Involved,,
,,,,,,,,,,,,,,,,,,,,,,,,4/15/2005,,05-2245,Russell Blvd,Sycamore Lane,126',East,VC .,Other,,,,,,,,Not Stated,Passenger Car,Parked Motor Vehicle,,No Pedestrian Involved,,
,1,1,,,,,,,,,,,,,,,,,,,,,,4/16/2005,1:30 AM,05-2257,Drexel Drive,L Street,300',East,VC 22107,Other,1,1.0,,,,,,Bicycle,Passenger Car,Bicycle,,No Pedestrian Involved,,
,,,,,,,,,,,,,,,,,,,1,,,,,4/17/2005,,05-2318,Second Street,C Street,61',West,VC .,Other,,,,,,,,Passenger Car,Not Stated,Other Object,,No Pedestrian Involved,,
,,,,,,,,,,,,,,,,,,,,,,,,4/16/2005,,05-2329,Russell Blvd,Sycamore Lane,150',East,VC .,Rear-End,,,,,,,,Passenger Car,Passenger Car,Other Motor Vehicle,,No Pedestrian Involved,,
,,1,1,,,,,,,,,,1,,,,,,,,,,,4/18/2005,6:26 PM,05-2333,Anderson Road,Villanova Drive,0',In Int.,VC 21801.A,Broadside,,,,,,,,Passenger Car,Passenger Car,Other Motor Vehicle,,No Pedestrian Involved,,
,,,,,,1,,,,,,,,,,,,,1,,1,,,4/18/2005,7:13 PM,05-2337,Fifth Street,E Street,0',In Int.,VC .,Broadside,,,,,,,,Pickup Truck,Passenger Car,Other Motor Vehicle,,No Pedestrian Involved,,
,,,,1,,,,,1,,,,,,,,,,1,,,,,4/15/2005,10:30 PM,05-2359,F Street,First Street,0',In Int.,VC .,Broadside,,,,,,,,Passenger Car,Passenger Car,Other Motor Vehicle,,Crossing Not In Crosswalk,,
,,,,,,,,,1,,,,,,,,,,1,,,,,4/19/2005,8:15 PM,05-2361,Second Street,F Street,94',East,VC 22350,Other,,,,,,,,Passenger Car,Passenger Car,Parked Motor Vehicle,,No Pedestrian Involved,,
,,,,,,,,,,,,,,,,,1,,,,,,,4/20/2005,11:35 AM,05-2371,Russell Blvd,Arthur Street,55',West,VC 22350,Rear-End,,,,,,,,Passenger Car,Passenger Car,Other Motor Vehicle,,No Pedestrian Involved,,
,,,,,,,,,,,,,,,,,,,,,,,,4/20/2005,3:35 PM,05-2376,Richards Blvd,Research Park Drive,100',North,VC 22350,Rear-End,,,,,,,,Pickup Truck,Passenger Car,Other Motor Vehicle,,No Pedestrian Involved,,
,,,,,,,,,,,,,,,,,,,,,,,,4/20/2005,,05-2377,Drew Avenue,Galileo Court,100',North,VC .,Rear-End,,,,,,,,Passenger Car,Passenger Car,Parked Motor Vehicle,,No Pedestrian Involved,,
,,,,,,,,,,,,,,1,,,,,,,,,,4/24/2005,3:51 PM,05-2461,1550 E Covell Blvd,Null,0',In Int.,VC ,Hit Object,,,,,,,,Emergency Vehicle,Passenger Car,Parked Motor Vehicle,,No Pedestrian Involved,,
,,,,,,,,,,,,,,,,,,,,,,,,4/26/2005,12:07 PM,05-2501,Russell Blvd,Oak Avenue,0',In Int.,VC 22350,Rear-End,1,,,,,,,Passenger Car,Passenger Car,Other Motor Vehicle,,No Pedestrian Involved,,
,,,,,,,,,,,,,,,,,,,,,,,,4/26/2005,6:00 PM,05-2531,Russell Blvd,College Park,50',West,VC .,Rear-End,,,,,,,,Passenger Car,Passenger Car,Other Motor Vehicle,,Crossing In Crosswalk At Intersection,,
,,,,,,,,,,,,,,,,,,,,,,1,,4/28/2005,1:35 AM,05-2538,L Street,Third Street,150',North,VC .,Sideswipe,,,,,,,,Passenger Car,Passenger Car,Parked Motor Vehicle,,No Pedestrian Involved,,
,,,,,,,,,,,,,,,1,,,,,,,,,4/28/2005,7:45 AM,05-2544,Richards Blvd,Olive Drive,40',North,VC 22350,Rear-End,1,,,,,,,Passenger Car,Passenger Car,Other Motor Vehicle,,No Pedestrian Involved,,
,1,,,,,,,,,,,,,,,,,,1,,,,,4/28/2005,5:15 PM,05-2567,Third Street,E Street,20',West,VC 22517,Other,1,1.0,,,,,,Bicycle,Passenger Car,Bicycle,,No Pedestrian Involved,,
,,,,,,,,,,,,,,,,,,,,,,,,4/29/2005,2:12 AM,05-2573,Richards Blvd,Interstate 80 Eb,0',In Int.,VC 22350,Broadside,1,,,,,,,Passenger Car,Passenger Car,Other Motor Vehicle,,No Pedestrian Involved,,
,,,,,,,,,,,,,1,,,,,,,,,,,4/29/2005,12:30 PM,05-2583,Anderson Road,Russell Blvd,0',In Int.,VC 22106,Sideswipe,,,,,,,,Passenger Car,Passenger Car,Other Motor Vehicle,,No Pedestrian Involved,,
,,,,,,,,,,,,,,,,,,,,,,,,4/29/2005,4:27 PM,05-2594,Russell Blvd,College Park,130',East,VC 22350,Rear-End,3,,,,,,,Passenger Car,Other,Other Motor Vehicle,,No Pedestrian Involved,,
,,,,,,,,,,,,,,,,,,,1,,,,,4/29/2005,6:46 PM,05-2597,Third Street,D Street,0',In Int.,VC 21802.A,Broadside,,,,,,,,Passenger Car,Passenger Car,Other Motor Vehicle,,No Pedestrian Involved,,
,,,,,,,,,,,,,,,,,,,,,,,,5/2/2005,11:27 AM,05-2650,Interstate 80 Wb,On Ramp,0',In Int.,VC 21453.A,Sideswipe,1,,,,,,,Passenger Car,Passenger Car,Other Motor Vehicle,,No Pedestrian Involved,,
,,,,,,,,,,,,,,,,,,,1,,,,,5/2/2005,12:15 PM,05-2651,310 E St,Null,0',In Int.,VC ,Other,,,,,,,,Passenger Car,Passenger Car,Other Motor Vehicle,,No Pedestrian Involved,,
,,,,,,,,,,,,,,,,,,,,,,,,4/30/2005,10:00 AM,05-2719,Chiles Road,Mace Blvd,0',In Int.,VC .,Rear-End,,,,,,,,Passenger Car,Passenger Car,Other Motor Vehicle,,No Pedestrian Involved,,
,1,,,,,1,,,,,,,,,,,,,1,,1,,,5/4/2005,2:13 PM,05-2722,G Street,Fifth Street,0',In Int.,VC 22107,Other,1,1.0,,,,,,Other,Bicycle,Bicycle,,No Pedestrian Involved,,
,,,,,1,,,,,,,,,,,,,,,,,,,5/4/2005,5:14 PM,05-2725,Mace Blvd,Second Street,0',In Int.,VC 23152.A,Sideswipe,,,,,,,,Passenger Car,Passenger Car,Other Motor Vehicle,,No Pedestrian Involved,,
,,,1,,,,,,,,,,,,,,,,,,,,,5/4/2005,5:45 PM,05-2728,W Covell Blvd,Oak Avenue,0',In Int.,VC 22350,Rear-End,1,,,,,,,Passenger Car,Passenger Car,Other Motor Vehicle,,No Pedestrian Involved,,
,,,,,,,,,,,,,,,,,,,,,,,,5/4/2005,7:35 PM,05-2729,Cowell Blvd,Research Park Drive (E),30',West,VC 22350,Rear-End,2,,,,,,,Passenger Car,Passenger Car,Other Motor Vehicle,,No Pedestrian Involved,,
,,,,,,,,,,,,,,,,,,,,,,,,5/5/2005,8:02 AM,05-2736,W Covell Blvd,Sycamore Lane,285',West,VC 22350,Rear-End,1,,,,,,,Passenger Car,Passenger Car,Other Motor Vehicle,,No Pedestrian Involved,,
1,,,,,,1,,,,,,,,,,,,,,1,,,1,5/5/2005,11:15 AM,05-2740,A Street,Russell Blvd,250',North,VC 21804.A,Vehicle - Pedestrian,1,,,,1.0,,,Pedestrian,Other,Pedestrian,,Not In Road,,
,,,,,,1,,,,,,,,,,,,,1,,1,,,5/5/2005,4:39 PM,05-2747,Fifth Street,C Street,15',West,VC 22350,Rear-End,1,,,,,,,Passenger Car,Passenger Car,Other Motor Vehicle,,No Pedestrian Involved,,
,,,,,,,1,,1,,,,,,,,,,,,,,,5/7/2005,12:05 AM,05-2783,F Street,E Eighth Street,20',North,VC 22350,Rear-End,,,,,,,,Passenger Car,Passenger Car,Other Motor Vehicle,,No Pedestrian Involved,,
,,,,,,,,,,,,,,,,,,,,,,,,5/8/2005,8:31 AM,05-2818,Richards Blvd,Interstate 80 Eb,0',In Int.,VC 21453.A,Broadside,2,,,,,,,Passenger Car,Passenger Car,Other Motor Vehicle,,No Pedestrian Involved,,
,,,,1,,,,,,,,,,,,,,,1,,,,,5/8/2005,3:03 PM,05-2821,D Street,First Street,0',In Int.,VC .,Other,,,,,,,,Passenger Car,Passenger Car,Other Motor Vehicle,,No Pedestrian Involved,,
,,,,,,,,,,,,,,1,,,,,,,,,,5/9/2005,12:05 PM,05-2832,E Covell Blvd,L Street,600',East,VC 21804.A,Broadside,,,,,,,,,,Other Motor Vehicle,,No Pedestrian Involved,,
,,,,,,,,,,,,,,,,,,,,,,,,5/10/2005,12:40 AM,05-2871,Interstate 80 Wb,Mace Blvd,0',In Int.,VC 23152.A,Head-On,,,,,,,,Passenger Car,,Fixed Object,,No Pedestrian Involved,,
,,,,,,1,,1,,,,,,,,,,,1,1,1,,,5/10/2005,8:15 AM,05-2875,Fifth Street,B Street,0',In Int.,VC 22350,Rear-End,,,,,,,,Passenger Car,Pickup Truck,Other Motor Vehicle,,No Pedestrian Involved,,
,,,1,,,,1,,,,,,1,,,,,,,,,,,5/10/2005,1:33 PM,05-2879,Anderson Road,W Eighth Street,150',North,VC 22350,Rear-End,,,,,,,,Passenger Car,Pickup Truck,Other Motor Vehicle,,No Pedestrian Involved,,
,,,,,,,,,,,,,1,,,,,,,,,,,5/13/2005,1:36 AM,05-2928,Russell Blvd,Anderson Road,0',In Int.,VC .,Hit Object,,,,,,,,Passenger Car,,Fixed Object,,No Pedestrian Involved,,
,,,,1,,,,,,,,,,,,,,,1,,,,,5/15/2005,3:00 PM,05-2957,First Street,D Street,0',In Int.,VC ,Rear-End,1,,,,,,,Passenger Car,Passenger Car,Other Motor Vehicle,,Crossing In Crosswalk At Intersection,,
,,,,,,,,,1,,,,,,,,,,1,,,,,5/14/2005,9:45 AM,05-2981,F Street,Fourth Street,0',In Int.,VC 21802.A,Broadside,,,,,,,,Passenger Car,Passenger Car,Other Motor Vehicle,,No Pedestrian Involved,,