Ped,Bike,Bike Loop,School Area,1st St,E 2nd St,5th St,8th St,B St,F St,J St N,North Sycamore,North Anderson,North Anderson,East Covell,Olive Drive,Pole Line,West Russell,Russell,Downtown,University Rice,Old North,Old East,A St,DATE,TIME,REPORT,STREET 1,STREET 2,DISTANCE,DIRECTION,PRIMARY CAUSE,COLLISION TYPE,INJURY,Bike,5 Year Bike,5 Year  Ped,Ped,FATAL,TYPE OF COLLISION,VEHICLE 1,VEHICLE 2,INVOLVED WITH,OBJECT HIT,PEDESTRIAN ACTION,TRAFFIC CONTROL DEVICES,NOTES
,,,,,,,1,,,,,,,,,,,,,,,,1,5/17/2005,10:50 AM,05-3021,E Eighth Street,A Street,20',East,VC 22350,Rear-End,2,,,,,,,Passenger Car,Passenger Car,Other Motor Vehicle,,No Pedestrian Involved,,
,1,,,1,,,,,,,,,,,,,,,1,,,,,5/17/2005,2:08 PM,05-3023,First Street,D Street,0',In Int.,VC 21804.A,Other,1,1.0,,,,,,Passenger Car,Bicycle,Bicycle,,No Pedestrian Involved,,
,,,,,1,,,,,,,,,,,,,,,,,,,5/17/2005,6:05 PM,05-3025,Mace Blvd,Second Street,0',In Int.,VC 21453.A,Head-On,3,,,,,,,Passenger Car,Passenger Car,Other Motor Vehicle,,No Pedestrian Involved,,
,,,,,,,,,,,,,,,1,,,,,,,,,5/18/2005,1:57 PM,05-3038,Richards Blvd,Olive Drive,400',South,VC 22350,Rear-End,,,,,,,,Passenger Car,Passenger Car,Other Motor Vehicle,,No Pedestrian Involved,,
1,,,,,,,,,,,,,,,,,,,1,,,,,5/18/2005,2:14 PM,05-3039,221 F St,Null,0',In Int.,VC 21952,Other,1,,,,1.0,,,Passenger Car,Pedestrian,Pedestrian,,Not In Road,,
,,,,,,1,,,,,,,,,,,,,1,,1,,,5/18/2005,3:57 PM,05-3043,Fifth Street,E Street,0',In Int.,VC 21801.A,Head-On,,,,,,,,Passenger Car,Passenger Car,Other Motor Vehicle,,No Pedestrian Involved,,
,,,,,,,,,,,,,,,,,,,1,,,,,5/19/2005,3:30 PM,05-3057,Second Street,G Street,0',In Int.,VC .,Rear-End,,,,,,,,Passenger Car,Truck,Other Motor Vehicle,,No Pedestrian Involved,,
,,,,,,,1,,,,,,1,,,,,,,,,,,5/20/2005,7:06 AM,05-3086,Anderson Road,W Eighth Street,0',In Int.,VC 21453.A,Broadside,2,,,,,,,Pickup Truck,Passenger Car,Other Motor Vehicle,,No Pedestrian Involved,,
,,,,,,,,,,,,,,,,,,,,1,,,,5/20/2005,10:00 PM,05-3101,University Avenue,Third Street,0',In Int.,VC 22350,Sideswipe,,,,,,,,Emergency Vehicle,Other,Parked Motor Vehicle,,No Pedestrian Involved,,
,1,,1,,,,,,,,1,,,,,,,,,,,,,5/21/2005,4:00 AM,05-3120,Sycamore Lane,North Davis Farms Road,600',South,VC .,Other,1,1.0,,,,,,Bicycle,,Other Object,,No Pedestrian Involved,,
,,,,,,,,,,,,,,,,,,,,,,1,,5/21/2005,6:35 PM,05-3135,L Street,Third Street,0',In Int.,VC 21802.A,Broadside,1,,,,,,,Passenger Car,Passenger Car,Other Motor Vehicle,,No Pedestrian Involved,,
,,,,,,,,,,,,,,,,,,,,,,,,5/23/2005,2:01 PM,05-3178,El Cemonte Avenue,Swingle Drive,0',In Int.,VC 21801.A,Head-On,,,,,,,,Passenger Car,Passenger Car,Other Motor Vehicle,,No Pedestrian Involved,,
,1,,,,,,,,,,1,,,,,,,,,,,,,5/23/2005,10:00 PM,05-3187,W Covell Blvd,Sycamore Lane,0',In Int.,VC 21804.A,Other,1,1.0,,,,,,Passenger Car,Bicycle,Bicycle,,No Pedestrian Involved,,
,1,,,,,,,,,,,,,,,,,,,,,,,5/25/2005,6:50 AM,05-3207,Fifth Street,Cantrill Drive,400',East,VC 21801.A,Other,1,1.0,,,,,,Passenger Car,Bicycle,Bicycle,,No Pedestrian Involved,,
,,,,,,,,,,,,,,,,,,,,,,,,5/25/2005,7:42 AM,05-3208,E Covell Blvd,Mace Blvd,2250',West,VC 22350,Hit Object,1,,,,,,,Passenger Car,,Fixed Object,,No Pedestrian Involved,,
,1,,,,,,,,,,,,1,,,,,,,,,,,5/25/2005,7:11 PM,05-3228,Russell Blvd,Anderson Road,15',West,VC 21453.A,Other,1,1.0,,,,,,Bicycle,Passenger Car,Bicycle,,No Pedestrian Involved,,
,,,1,,,,,,,,,,,,,,,,,,,,,5/26/2005,12:23 PM,05-3248,Cowell Blvd,Lillard Drive,0',In Int.,VC .,Not Stated,,,,,,,,Not Stated,Not Stated,Other,,Not Stated,,
,,,1,,,,,,,,,,,,,,,,,,,,,5/27/2005,8:30 AM,05-3261,Lillard Drive,Cowell Blvd,200',East,VC .,Rear-End,,,,,,,,Passenger Car,Pickup Truck,Other Motor Vehicle,,Not Stated,,
,,,,,,,,,,,,,,,,,,,1,,,,,5/27/2005,3:30 PM,05-3262,Third Street,G Street,0',In Int.,VC .,Not Stated,,,,,,,,Passenger Car,Other,Not Stated,,Not Stated,,
,,,,,,,,,,,,,,,,,,,,,,,,5/27/2005,11:30 PM,05-3277,Cypress Lane,Claremont Drive,660',South,VC 22106,Rear-End,,,,,,,,Passenger Car,Passenger Car,Other Motor Vehicle,,No Pedestrian Involved,,
,,,,1,,,,,1,,,,,,,,,,1,,,,,5/28/2005,3:05 PM,05-3282,First Street,F Street,0',In Int.,VC 21658.A,Sideswipe,,,,,,,,Passenger Car,Passenger Car,Other Motor Vehicle,,No Pedestrian Involved,,
,,,,,,,1,1,,,,,,,,,,,,,,,1,5/31/2005,9:10 AM,05-3320,B Street,E Eighth Street,0',In Int.,VC 22107,Sideswipe,,,,,,,,Passenger Car,Other Bus,Other Motor Vehicle,,No Pedestrian Involved,,
,,,,,,,,,,,,,,,,,,,,,,,,5/31/2005,12:24 PM,05-3326,Cowell Blvd,Research Park Drive (E),0',In Int.,VC 21802.A,Broadside,1,,,,,,,Passenger Car,Passenger Car,Motor Vehicle on Other Roadway,,No Pedestrian Involved,,
,,,,,,1,,,,,,,,,,,,,,,,1,,6/1/2005,8:29 AM,05-3343,Fifth Street,L Street,20',East,VC 22107,Sideswipe,,,,,,,,Other Bus,Other,Other Motor Vehicle,,No Pedestrian Involved,,
,,,,,,,,,,,,,,,,,,,,,,,,6/1/2005,10:14 AM,05-3345,Oak Avenue,Russell Blvd,90',North,VC 22107,Broadside,,,,,,,,Pickup Truck,Passenger Car,Other Motor Vehicle,,No Pedestrian Involved,,
,,,,,,,1,,,,,,,,,1,,,,,,,,6/1/2005,11:45 AM,05-3346,E Eighth Street,Pole Line Road,0',In Int.,VC 21801.A,Head-On,,,,,,,,Passenger Car,Passenger Car,Other Motor Vehicle,,No Pedestrian Involved,,
,1,,,,,,,,1,,,,,,,,,,,,1,,,6/1/2005,11:47 AM,05-3347,F Street,Sixth Street,0',In Int.,VC 21802.A,Broadside,2,2.0,,,,,,Motorcycle,Bicycle,Motor Vehicle on Other Roadway,,No Pedestrian Involved,,
,,,,,,,,,,,,,,,,,,,,,,,,5/11/2005,,05-3355,Cowell Blvd,Drew Avenue,150',West,VC .,Rear-End,,,,,,,,Passenger Car,Other,Parked Motor Vehicle,,No Pedestrian Involved,,
,,,,,,,1,,,,,,,,,,,,,,,,,6/1/2005,4:55 PM,05-3359,W Eighth Street,Elmwood Drive,250',West,VC 22350,Hit Object,,,,,,,,Passenger Car,,Fixed Object,,No Pedestrian Involved,,
,,,,,,,,,,,,,,,,,,,,,,,,6/1/2005,5:10 PM,05-3360,Richards Blvd,Interstate 80 Wb,80',South,VC 22350,Rear-End,,,,,,,,Passenger Car,Passenger Car,Other Motor Vehicle,,No Pedestrian Involved,,
,1,,1,,,,,,1,,,,,1,,,,,,,,,,6/2/2005,2:11 PM,05-3379,F Street,W Covell Blvd,0',In Int.,VC 21453.A,Other,1,1.0,,,,,,Passenger Car,Bicycle,Bicycle,,No Pedestrian Involved,,
,,,,,,,,,,,,,,,,,,,1,,,,,6/3/2005,8:50 AM,05-3393,Third Street,D Street,0',In Int.,VC 21802.A,Broadside,,,,,,,,Passenger Car,Passenger Car,Other Motor Vehicle,,No Pedestrian Involved,,
,,,,,1,,,,,,,,,,,,,,,,,,,6/3/2005,4:28 PM,05-3397,Mace Blvd,Second Street,0',In Int.,VC 22350,Rear-End,1,,,,,,,Passenger Car,Passenger Car,Other Motor Vehicle,,No Pedestrian Involved,,
,,,,,,,,,,,,,,,,,,,,,,,,6/2/2005,,05-3400,Prado Lane,San Rafael Street,100',East,VC .,Broadside,,,,,,,,Pickup Truck,Other,Other Motor Vehicle,,No Pedestrian Involved,,
,,,,,1,,,,,,,,,,,,,,,,,,,6/3/2005,10:34 PM,05-3415,Second Street,Faraday Avenue (W),0',In Int.,VC 23152.A,Hit Object,1,,,,,,,Passenger Car,,Fixed Object,,No Pedestrian Involved,,
,,,,,,,,,,,,,,,,,,,1,,,,,6/4/2005,8:03 AM,05-3419,C Street,Fourth Street,20',North,VC 22350,Sideswipe,,,,,,,,Passenger Car,Truck,Parked Motor Vehicle,,No Pedestrian Involved,,
,1,,,,,,,,,,, ,1,,,,,,,,,,,6/7/2005,9:28 AM,05-3467,Anderson Road,W Covell Blvd,86',South,VC 22107,Other,1,1.0,,,,,,Bicycle,Pickup Truck,Bicycle,,No Pedestrian Involved,,
,1,,,,,,1,,,1,,,,,,,,,,,,,,6/7/2005,9:00 AM,05-3468,J Street,E Eighth Street,250',North,VC 22106,Other,1,1.0,,,,,,Bicycle,Passenger Car,Bicycle,,No Pedestrian Involved,,
,,,,,,,,,,,,,,,,,,,,,,,,6/7/2005,3:45 PM,05-3477,Chiles Road,Mace Blvd,2640',East,VC .,Broadside,,,,,,,,Passenger Car,Passenger Car,Parked Motor Vehicle,,No Pedestrian Involved,,
,,,,,,,1,,,,,,,,,1,,,,,,,,6/10/2005,1:34 PM,05-3530,E Eighth Street,Pole Line Road,0',In Int.,VC 21801.A,Head-On,1,,,,,,,Passenger Car,Passenger Car,Other Motor Vehicle,,No Pedestrian Involved,,
,,,,,,,,,,,,,,,,1,,,,,,,,6/12/2005,4:40 PM,05-3561,Pole Line Road,Lehigh Drive,87',South,VC 23152.A,Rear-End,,,,,,,,Passenger Car,Passenger Car,Parked Motor Vehicle,,No Pedestrian Involved,,
,,,,,,,,,,,,,,,,,1,,,,,,,6/12/2005,7:25 PM,05-3564,Russell Blvd,Rt 113 Nboff/R,18',East,VC 21453.A,Head-On,2,,,,,,,Passenger Car,Passenger Car,Other Motor Vehicle,,No Pedestrian Involved,,
,,,,,,,,,,,,,,,,,1,,,,,,,6/14/2005,3:34 PM,05-3594,Russell Blvd,Highway 113 Nb,250',East,VC 22350,Rear-End,2,,,,,,,Passenger Car,Passenger Car,Other Motor Vehicle,,No Pedestrian Involved,,
,,,,,,1,,,,,,,,,,,,,,,,1,,6/14/2005,5:48 PM,05-3597,L Street,Fifth Street,250',North,VC 22350,Broadside,,,,,,,,Passenger Car,Passenger Car,Other Motor Vehicle,,No Pedestrian Involved,,
,,,,,,,,,,,,,,,,,,,,,,,1,6/15/2005,3:16 PM,05-3608,Russell Blvd,Miller Drive,75',West,VC 22107,Sideswipe,,,,,,,,Pickup Truck,Passenger Car,Other Motor Vehicle,,No Pedestrian Involved,,
,,,,,,,,,,,,,,,,,,,,,,,,6/15/2005,3:52 PM,05-3610,Richards Blvd,Rt 80 Eboff/R,210',North,VC 22350,Rear-End,,,,,,,,Passenger Car,Passenger Car,Other Motor Vehicle,,No Pedestrian Involved,,
,1,,,,,,,,,,,,,,,1,,,,,,,,6/16/2005,10:30 AM,05-3619,Pole Line Road,Fifth Street,792',North,VC 21460.A,Other,1,1.0,,,,,,Bicycle,Passenger Car,Bicycle,,No Pedestrian Involved,,
,,,1,,,,,,1,,,,,1,,,,,,,,,,6/15/2005,6:30 PM,05-3632,F Street,W Covell Blvd,12',North,VC 22350,Rear-End,1,,,,,,,Passenger Car,Passenger Car,Other Motor Vehicle,,No Pedestrian Involved,,
,,,,,,,,,,,,,,,,,,,,,,,,6/16/2005,1:30 PM,05-3637,Richards Blvd,Interstate 80 Wb,0',In Int.,VC .,Rear-End,,,,,,,,Passenger Car,Passenger Car,Other Motor Vehicle,,No Pedestrian Involved,,
,,,,,,,,,,,,,,,,,,,,,,,,6/17/2005,3:23 AM,05-3647,Norte Avenue,Anza Avenue,10',East,VC .,Sideswipe,,,,,,,,Passenger Car,Passenger Car,Parked Motor Vehicle,,No Pedestrian Involved,,
,,,,,,,1,,,,,,,,,,,,,,,,,6/17/2005,3:38 PM,05-3657,W Eighth Street,Douglass Avenue,33',West,VC 22105,Broadside,,,,,,,,Passenger Car,Passenger Car,Other Motor Vehicle,,No Pedestrian Involved,,
,,,,,,,,,,,,,,,,,,,,,,,,6/17/2005,6:12 PM,05-3662,Mace Blvd,County Road 32a,10',South,VC 22106,Rear-End,1,,,,,,,Passenger Car,Passenger Car,Other Motor Vehicle,,No Pedestrian Involved,,
,,,,,,,,,,,,,,,,,,,,,,,,6/17/2005,,05-3671,Drew Circle,Cowell Blvd,2112',South,VC .,Other,,,,,,,,Passenger Car,Passenger Car,Parked Motor Vehicle,,No Pedestrian Involved,,
,,,1,,,,,,,,,,,1,,,,,,,,,,6/18/2005,1:40 PM,05-3674,E Covell Blvd,Alhambra Drive,0',In Int.,VC 21453.A,Broadside,1,,,,,,,Passenger Car,Passenger Car,Other Motor Vehicle,,No Pedestrian Involved,,
,,,,,,,,,,,,,,,,,1,,,,,,,6/19/2005,2:22 AM,05-3691,Russell Blvd,Portage Bay East,0',In Int.,VC 23152.A,Broadside,,,,,,,,Passenger Car,Passenger Car,Other Motor Vehicle,,No Pedestrian Involved,,
,1,,,,,,,,,,,,,,,,,,,,,,,6/20/2005,8:28 PM,05-3713,Sycamore Lane,Hawthorne Lane,0',In Int.,VC 21802.A,Other,1,1.0,,,,,,Passenger Car,Bicycle,Bicycle,,No Pedestrian Involved,,
,1,,,,,,,,,,,,,,,,,,1,,,,,6/21/2005,1:58 PM,05-3721,E Street,Third Street,25',North,VC 22106,Broadside,,,,,,,,Passenger Car,Motorized Bicycle,Other Motor Vehicle,,No Pedestrian Involved,,
,,,1,,,,,,,,,,,1,,,,,,,,,,6/21/2005,7:58 PM,05-3725,E Covell Blvd,Birch Lane,15',East,VC 22350,Rear-End,,,,,,,,Passenger Car,Passenger Car,Other Motor Vehicle,,No Pedestrian Involved,,
,,,,,,,,,,,,,,,,,,,,1,,,,6/10/2005,6:10 PM,05-3733,Fourth Street,University Avenue,90',East,VC 22106,Sideswipe,,,,,,,,Passenger Car,Passenger Car,Parked Motor Vehicle,,No Pedestrian Involved,,
,,,,,,,,,,,,,,,,,,,,,1,,,6/27/2005,1:20 PM,05-3835,D Street,Seventh Street,9',South,VC 22107,Sideswipe,,,,,,,,Passenger Car,Truck,Parked Motor Vehicle,,No Pedestrian Involved,,
,,,,,,,1,,,,,,,,,,,,,,,,,6/27/2005,1:00 PM,05-3856,E Eighth Street,D Street,0',In Int.,VC .,Broadside,,,,,,,,Passenger Car,Passenger Car,Other Motor Vehicle,,No Pedestrian Involved,,
,1,,,,,1,,,,,,,,,,,,,,,,1,,6/26/2005,10:10 PM,05-3857,Fifth Street,L Street,0',In Int.,VC .,Sideswipe,,,,,,,,Passenger Car,Bicycle,Bicycle,,No Pedestrian Involved,,
,,,,,,,,,,,,,,,,,,,1,,,,,6/29/2005,10:07 AM,05-3862,Third Street,D Street,0',In Int.,VC 21802.A,Broadside,2,,,,,,,Passenger Car,Passenger Car,Other Motor Vehicle,,No Pedestrian Involved,,
,1,,,,,,,,,,,,,,,,,,,,,,,6/29/2005,6:30 PM,05-3888,Russell Blvd,Oak Avenue,0',In Int.,VC 21453.A,Other,1,1.0,,,,,,Bicycle,Other,Bicycle,,No Pedestrian Involved,,
,,,,,,,,,,,,,,1,,1,,,,,,,,7/1/2005,7:50 AM,05-3905,E Covell Blvd,Pole Line Road,300',West,VC 22350,Sideswipe,,,,,,,,Other,Passenger Car,Other Motor Vehicle,,No Pedestrian Involved,,
,,,,,,,,,,,,,,,,,,,,,,,,7/1/2005,,05-3912,Del Rio Place,Pena Drive,200',West,VC .,Rear-End,,,,,,,,Passenger Car,Not Stated,Other Motor Vehicle,,No Pedestrian Involved,,
,,,,,,,,,,,,,,,,,,,,,,,,7/1/2005,3:00 AM,05-3915,Tulip Lane,Blackburn Drive (N),25',North,VC .,Sideswipe,,,,,,,,Pickup Truck,Not Stated,Other Motor Vehicle,,No Pedestrian Involved,,
,,,,,,,,,,,,,,,,,,,,,,,,7/2/2005,3:30 AM,05-3919,Drake Drive,Sycamore Lane (N),90',West,VC 22107,Sideswipe,,,,,,,,Not Stated,Passenger Car,Parked Motor Vehicle,,No Pedestrian Involved,,
,,,,,,,,,,,,,,,,,1,,,,,,,7/2/2005,3:30 PM,05-3922,Russell Blvd,Arthur Street,0',In Int.,VC 22350,Rear-End,,,,,,,,Passenger Car,Passenger Car,Other Motor Vehicle,,No Pedestrian Involved,,
,,,,,,,,,,,,,,,,,,,1,,,,,7/3/2005,9:00 PM,05-3940,G Street,Third Street,0',In Int.,VC .,Other,,,,,,,,Not Stated,Passenger Car,Parked Motor Vehicle,,No Pedestrian Involved,,
,,,,,,1,,,,,,,,,,,,,1,,1,,,7/7/2005,4:32 PM,05-3997,E Street,Fifth Street,0',In Int.,VC 21755,Sideswipe,,,,,,,,Passenger Car,Passenger Car,Other Motor Vehicle,,No Pedestrian Involved,,
,1,,,,,,,,,,,,,,,,,,,,,,,7/8/2005,3:22 AM,05-4006,1818 5th St,Driveway,0',In Int.,VC 21200.5,Other,1,1.0,,,,,,Bicycle,,Non-Collision,,No Pedestrian Involved,,
,,,,,,,,,,,,,,1,,1,,,,,,,,7/8/2005,2:59 PM,05-4011,E Covell Blvd,Pole Line Road,250',West,VC 21804.A,Broadside,3,,,,,,,Passenger Car,Passenger Car,Other Motor Vehicle,,No Pedestrian Involved,,
,,,,,,,,,,,,,,,,,,,,,,,,7/8/2005,6:49 PM,05-4013,Chiles Road,Ensenada Drive,0',In Int.,VC 21801.A,Head-On,,,,,,,,Passenger Car,Passenger Car,Other Motor Vehicle,,No Pedestrian Involved,,
,,,,,,,,,,,,,,,,,,,,,,,,7/8/2005,7:42 PM,05-4015,Fifth Street,San Sebastian Street,500',East,VC 21804.A,Broadside,4,,,,,,,Pickup Truck,Passenger Car,Other Motor Vehicle,,No Pedestrian Involved,,
,,,,,,,,,,,,,,1,,,,,,,,,,7/11/2005,3:24 PM,05-4055,E Covell Blvd,L Street,0',In Int.,VC 22450.A,Broadside,,,,,,,,,,Other Motor Vehicle,,No Pedestrian Involved,,
,,,,,,,,,,,,,,,,,,,,,,1,,7/12/2005,12:27 PM,05-4064,Fourth Street,K Street,0',In Int.,VC 21802.A,Broadside,,,,,,,,Passenger Car,Passenger Car,Motor Vehicle on Other Roadway,,No Pedestrian Involved,,
,,,,,,,,,,,,,,,,,,,,,,,,7/13/2005,12:58 PM,05-4079,Cowell Blvd,Research Park Drive (E),25',South,VC .,Sideswipe,,,,,,,,Passenger Car,Pickup Truck,Other Motor Vehicle,,No Pedestrian Involved,,
,,,,,,,,,,,1,,,,,,,,,,,,,7/13/2005,6:08 PM,05-4084,Sycamore Lane,W Covell Blvd,8',South,VC 22350,Rear-End,,,,,,,,Passenger Car,Passenger Car,Other Motor Vehicle,,No Pedestrian Involved,,
,,,,,,1,,,,,,,,,,,,,,,,1,,7/13/2005,8:42 PM,05-4086,L Street,Fifth Street,175',North,VC 21804,Broadside,,,,,,,,Passenger Car,Passenger Car,Other Motor Vehicle,,No Pedestrian Involved,,
,1,,,,,,,,,,,,,,,1,,,,,,,,7/8/2005,3:23 AM,05-4089,Fifth Street,Pole Line Road,700',West,VC .,Hit Object,,,,,,,,Passenger Car,,Bicycle,,No Pedestrian Involved,,
,1,,,,,,1,,1,,,,,,,,,,,,,,,7/14/2005,8:45 AM,05-4092,F Street,E Eighth Street,0',In Int.,VC 21801.A,Other,1,1.0,,,,,,School Bus,Bicycle,Bicycle,,No Pedestrian Involved,,
,1,,,,,,,,,,,,,,,,,,,,,,,7/14/2005,11:30 PM,05-4107,Cypress Lane,Claremont Drive,150',South,VC 21200.5,Other,1,1.0,,,,,,Bicycle,Pickup Truck,Bicycle,,No Pedestrian Involved,,
,,,1,,,,,,,,,,,,,,,,,,,,,7/15/2005,8:00 AM,05-4112,L Street,E Eighth Street,150',South,VC 22350,Sideswipe,,,,,,,,Not Stated,Passenger Car,Parked Motor Vehicle,,No Pedestrian Involved,,
,,,1,,,,,,,,,,,,,,,,,,,,,7/18/2005,1:30 PM,05-4154,Calaveras Avenue,Barkley Street,84',West,VC 22107,Sideswipe,,,,,,,,Passenger Car,Pickup Truck,Parked Motor Vehicle,,No Pedestrian Involved,,
,,,,,,,,,,,,,,,,,,,,,,,,7/19/2005,5:38 PM,05-4165,W Covell Blvd,Denali Drive,0',In Int.,VC 22106,Rear-End,,,,,,,,Passenger Car,Passenger Car,Other Motor Vehicle,,No Pedestrian Involved,,
,,,,,,,,,,,,,,,,,,,,,,,,7/22/2005,9:32 PM,05-4220,Lillard Drive,Los Robles Street,0',In Int.,VC 23152.A,Rear-End,1,,,,,,,Passenger Car,Passenger Car,Other Motor Vehicle,,No Pedestrian Involved,,
,,,,,,,,,,,,,,,1,,,,,,,,,7/23/2005,1:32 PM,05-4232,Richards Blvd,Olive Drive,100',South,VC 22350,Rear-End,1,,,,,,,Passenger Car,Passenger Car,Other Motor Vehicle,,No Pedestrian Involved,,
,,,,,,,,,,,,,,,,,,,,,,,,7/24/2005,2:13 AM,05-4250,Ensenada Drive,Chiles Road,47',South,VC 23152.A,Rear-End,,,,,,,,Passenger Car,Truck,Parked Motor Vehicle,,No Pedestrian Involved,,
,,,,,,,,,,,,,,,,,,,,,,,,7/25/2005,11:50 AM,05-4281,2020 5th Street,Null,0',In Int.,VC .,Not Stated,,,,,,,,Passenger Car,Passenger Car,Other Motor Vehicle,,Not Stated,,
,,,,,,1,,,,,,,,,,,,,,,,1,,7/27/2005,12:10 PM,05-4307,Fifth Street,L Street,60',West,VC 22350,Rear-End,1,,,,,,,Passenger Car,Passenger Car,Other Motor Vehicle,,No Pedestrian Involved,,
,,,,,,,,,1,,,,,,,,,,1,,,,,7/29/2005,5:45 PM,05-4351,Second Street,F Street,0',In Int.,VC .,Rear-End,,,,,,,,Passenger Car,Passenger Car,Other Motor Vehicle,,No Pedestrian Involved,,
,,,,,,,,,,,,,,,,,,,,,,,,8/1/2005,9:32 AM,05-4379,W Covell Blvd,Rt 113 Sbon/R,0',In Int.,VC 22350,Rear-End,,,,,,,,,,Other Motor Vehicle,,No Pedestrian Involved,,
,,,1,,,,,,,,,,,1,,,,,,,,,,8/2/2005,8:11 PM,05-4397,E Covell Blvd,Alhambra Drive,10560',East,VC 22350,Hit Object,,,,,,,,,,Fixed Object,,No Pedestrian Involved,,
,,,,,,,,,,,,,,,,,,,,,,,,8/2/2005,9:14 PM,05-4398,W Covell Blvd,Highway 113 Sb,54',East,VC 22350,Rear-End,,,,,,,,Passenger Car,Passenger Car,Other Motor Vehicle,,No Pedestrian Involved,,
,,,,,,,,,,,1,,,,,,,,,,,,,8/3/2005,9:02 AM,05-4407,W Covell Blvd,Sycamore Lane,60',West,VC 22350,Rear-End,,,,,,,,Pickup Truck,Passenger Car,Other Motor Vehicle,,No Pedestrian Involved,,
,,,,,,,,,,,,,,,,,,,,,,,,8/3/2005,1:19 PM,05-4412,Cowell Blvd,Drew Avenue,0',In Int.,VC 21801.A,Broadside,1,,,,,,,,,Other Motor Vehicle,,No Pedestrian Involved,,
,,,,,,,,,,,,,,,,,,,,,,,,8/3/2005,3:01 PM,05-4415,Mace Blvd,Interstate 80 Wb,0',In Int.,VC 22107,Rear-End,,,,,,,,Passenger Car,Passenger Car,Other Motor Vehicle,,No Pedestrian Involved,,
,,,,,,,,,,,,,,,,,,,,,,,,8/3/2005,,05-4421,Hacienda Avenue,Madrid Street,528',East,VC .,Sideswipe,,,,,,,,Passenger Car,Not Stated,Parked Motor Vehicle,,No Pedestrian Involved,,
,,,,,,,,,,,,,,,,1,,,,,,,,8/4/2005,3:55 PM,05-4441,Pole Line Road,Donner Avenue,150',South,VC 22107,Head-On,1,,,,,,,Passenger Car,Passenger Car,Other Motor Vehicle,,No Pedestrian Involved,,
,1,,,,,,,,1,,,,,,,,,,1,,,,,8/4/2005,10:06 AM,05-4442,Third Street,F Street,0',In Int.,VC .,Not Stated,,,,,,,,Passenger Car,Bicycle,Bicycle,,Not Stated,,
,,,,,,,,,,,,,,,,,,,1,,,,,8/4/2005,,05-4503,840 2nd Street,Null,0',In Int.,VC .,Sideswipe,,,,,,,,,,Parked Motor Vehicle,,No Pedestrian Involved,,
,,,,,,,,,,,,,,,,,,,,,,,,8/5/2005,11:07 AM,05-4507,Richards Blvd,Cowell Blvd,0',In Int.,VC 21453.A,Head-On,1,,,,,,,,,Other Motor Vehicle,,No Pedestrian Involved,,
,,,,,,,,,,,,,,,,,,,,,,,,8/6/2005,6:13 PM,05-4527,Rio Grande Street,Portola Street,80',West,VC 23152.A,Rear-End,,,,,,,,,,Parked Motor Vehicle,,No Pedestrian Involved,,
,,,1,,,,,,,,,,,,,,,,,,,,,8/6/2005,6:10 PM,05-4531,Shasta Drive,Olympic Drive,0',In Int.,VC 23152.A,Hit Object,,,,,,,,Passenger Car,,Fixed Object,,No Pedestrian Involved,,
,,,,,,,1,,,1,,,,,,,,,,,,,,8/8/2005,4:27 PM,05-4570,J Street,E Eighth Street,528',North,VC 22103,Broadside,1,,,,,,,,,Other Motor Vehicle,,No Pedestrian Involved,,
,,,,,,,,,,,,,,,,,,,,,,,,8/8/2005,7:37 AM,05-4587,Portage Bay West,Lake Blvd,300',East,VC 22350,Rear-End,,,,,,,,Passenger Car,Passenger Car,Parked Motor Vehicle,,No Pedestrian Involved,,
,,,,,,,1,,1,,,,,,,,,,,,,,,8/9/2005,4:10 PM,05-4591,E Eighth Street,Pole Line Road,1056',East,VC 21750,Broadside,1,,,,,,,Pickup Truck,Motorcycle,Other Motor Vehicle,,No Pedestrian Involved,,
,1,,,,,,,,1,,,,,,,,,,1,,,,,8/4/2005,10:06 AM,05-4598,Third Street,F Street,0',In Int.,VC .,Other,,,,,,,,Passenger Car,Bicycle,Bicycle,,Not Stated,,
,1,,,,,,,,,,,,,,,,,,,,,,,8/10/2005,11:48 AM,05-4603,Mace Blvd,Montgomery Avenue,0',In Int.,VC 22450.A,Other,1,1.0,,,,,,,,Bicycle,,No Pedestrian Involved,,
,,,,,,,,,,,,,,,,1,,,,,,,,8/10/2005,3:16 PM,05-4607,Pole Line Road,Moore Blvd,0',In Int.,VC 21802.A,Broadside,2,,,,,,,Passenger Car,Passenger Car,Motor Vehicle on Other Roadway,,No Pedestrian Involved,,
,,,,,,,,,,,,,1,,,,,,,,,,,8/10/2005,,05-4641,Russell Blvd,Anderson Road,80',West,VC .,Rear-End,,,,,,,,Passenger Car,Other,Parked Motor Vehicle,,No Pedestrian Involved,,
,1,,,,,,,,,,,,,,,,,,,,,,,8/12/2005,5:07 PM,05-4663,Shasta Drive,W Covell Blvd,0',In Int.,VC 21804.A,Other,1,1.0,,,,,,Bicycle,Passenger Car,Bicycle,,No Pedestrian Involved,,
,,,,,,,,,,,,,,,,,,,,,,,,8/13/2005,3:06 PM,05-4674,Chestnut Lane,Haussler Drive,40',South,VC 23152.A,Rear-End,,,,,,,,,,Parked Motor Vehicle,,No Pedestrian Involved,,