Ped,Bike,Bike Loop,School Area,1st St,E 2nd St,5th St,8th St,B St,F St,J St N,North Sycamore,North Anderson,North Anderson,East Covell,Olive Drive,Pole Line,West Russell,Russell,Downtown,University Rice,Old North,Old East,A St,DATE,TIME,REPORT,STREET 1,STREET 2,DISTANCE,DIRECTION,PRIMARY CAUSE,COLLISION TYPE,INJURY,Bike,5 Year Bike,5 Year  Ped,Ped,FATAL,TYPE OF COLLISION,VEHICLE 1,VEHICLE 2,INVOLVED WITH,OBJECT HIT,PEDESTRIAN ACTION,TRAFFIC CONTROL DEVICES,NOTES
,,,,,,,,,,,,,,,,,,,,,,1,,11/13/2005,4:05 AM,05-6637,Third Street,I Street,0',In Int.,VC 22350,Hit Object,,,,,,,,,,Fixed Object,,No Pedestrian Involved,,
,,,,,,,,,,,,,,,,,,,,,,,,11/13/2005,8:47 AM,05-6639,Woods Circle,Lake Blvd,365',North,VC 21663,Broadside,,,,,,,,,,Parked Motor Vehicle,,No Pedestrian Involved,,
,,,,,,,1,,,,,,,,,,,,,,,,,11/15/2005,7:54 AM,05-6667,E Eighth Street,H Street,20',West,VC 22350,Rear-End,2,,,,,,,,,Other Motor Vehicle,,No Pedestrian Involved,,
,,,,,,,1,,,,,,,,,,,,,,,,,11/14/2005,3:35 PM,05-6673,W Eighth Street,North Campus Way,0',In Int.,VC ,Rear-End,,,,,,,,,,Other Motor Vehicle,,No Pedestrian Involved,,
,,,,,,,,,,,,,,,1,,,,,,,,,11/15/2005,4:47 PM,05-6676,Richards Blvd,Olive Drive,102',North,VC 22107,Hit Object,,,,,,,,,,Fixed Object,,No Pedestrian Involved,,
,,,,,,,,1,,,,,,,,,,,1,1,,,,11/16/2005,6:07 PM,05-6692,Third Street,B Street,102',West,VC 22350,Hit Object,1,,,,,,,,,Other Object,,No Pedestrian Involved,,
,,,,,,,,,,,1,,,,,,,,,,,,,10/11/2005,1:30 AM,05-6706,Sycamore Lane,Alvarado Avenue,0',In Int.,VC ,Broadside,,,,,,,,,,Other Motor Vehicle,,No Pedestrian Involved,,
,,,,,,,,,,,,,,1,,,,,,,,,,11/18/2005,9:30 AM,05-6724,E Covell Blvd,L Street,300',East,VC .,Other,,,,,,,,,,Other Object,,No Pedestrian Involved,,
,,,,,,,,,,,1,,,,,,,,,,,,,11/18/2005,10:15 AM,05-6727,Sycamore Lane,Quail Street,1',South,VC 22106,Sideswipe,,,,,,,,,,Other Motor Vehicle,,No Pedestrian Involved,,
1,,,1,,,,,,,,,,,,,,,,,,,,,11/18/2005,12:05 PM,05-6729,Oak Avenue,Scripps Drive,0',In Int.,VC ,Sideswipe,1,,,,1.0,,,,,Pedestrian,,In Road,,
,,,,,1,,,,,,,,,,,,,,,,,,,11/20/2005,1:14 AM,05-6758,Mace Blvd,Second Street,0',In Int.,VC ,Overturned,1,,,,,,,,,Fixed Object,,No Pedestrian Involved,,
,,,,,,,,,,,,,,,,1,,,,,,,,11/20/2005,12:35 PM,05-6763,E Covell Blvd,Pole Line Road,0',In Int.,VC 21453.A,Broadside,2,,,,,,,,,Motor Vehicle on Other Roadway,,No Pedestrian Involved,,
,,,,,,,,,,,,,,,,,,,,,,,,11/21/2005,9:33 PM,05-6785,Fremont Court,Bidwell Street,42',West,VC 22350,Broadside,,,,,,,,,,Other Motor Vehicle,,No Pedestrian Involved,,
1,,,,,,,,,,,,,,,,,,,,,,,,11/26/2005,1:19 PM,05-6851,Pinnacles Street,Pinnacles Place,50',South,VC .,Vehicle - Pedestrian,1,,,,1.0,,,,,Pedestrian,,Not In Road,,
,,,,,,,,,,,,,,,,,,,,,,,,11/28/2005,7:40 PM,05-6897,Chiles Road,Mace Blvd,3695',West,VC 23152.B,Broadside,,,,,,,,,,Other Motor Vehicle,,No Pedestrian Involved,,
,,,,,,,,,,,,,,,,,1,,,,,,,11/29/2005,7:15 AM,05-6899,Russell Blvd,County Road 93a,1583',East,VC 22350,Hit Object,1,,,,,,,Motorcycle,,Fixed Object,,No Pedestrian Involved,,
,,,,,,,,,,,,,,,,,,,,,,,,11/29/2005,10:28 AM,05-6900,W Covell Blvd,Rt 113 Sboff/R,0',In Int.,VC 21801.A,Broadside,,,,,,,,,,Other Motor Vehicle,,No Pedestrian Involved,,
,,,,,,,,,,,,,,,,,,,,,,,,11/30/2005,12:01 AM,05-6917,3160 Woods Cir,Lake Blvd,120',West,VC .,Hit Object,,,,,,,,,,Fixed Object,,Not Stated,,
,,,,,1,,,,,,,,,,,,,,,,,,,11/30/2005,5:14 PM,05-6924,Second Street,Cantrill Drive,0',In Int.,VC 21802.A,Broadside,,,,,,,,,,Other Motor Vehicle,,No Pedestrian Involved,,
,,,1,,,,,,1,,,,,,,,,,,,,,,11/30/2005,5:40 PM,05-6926,F Street,E Fourteenth Street,0',In Int.,VC .,Rear-End,,,,,,,,,,Other Motor Vehicle,,No Pedestrian Involved,,
,,,,,,,,,,,,,,,,,1,,,,,,,12/1/2005,6:59 PM,05-6939,Russell Blvd,Portage Bay East,0',In Int.,VC 22350,Hit Object,,,,,,,,,,Fixed Object,,No Pedestrian Involved,,
,,,,,,,,,,1,,,,1,,,,,,,,,,12/1/2005,7:28 PM,05-6941,E Covell Blvd,J Street,17',East,VC 22350,Rear-End,1,,,,,,,,,Other Motor Vehicle,,No Pedestrian Involved,,
,,,,,,,,,1,,,,,,,,,,,,1,,,12/2/2005,12:09 PM,05-6956,F Street,Sixth Street,45',North,VC 22350,Rear-End,1,,,,,,,,,Other Motor Vehicle,,No Pedestrian Involved,,
,1,,,,,,,,,,,,1,,,,,,,,,,,11/28/2005,2:30 PM,05-6959,1805 Anderson Rd,None,0',In Int.,VC .,Hit Object,,,,,,,,,,Bicycle,,Not Stated,,
,,,,,,,,,,,,,,,,,,,,,,,,11/29/2005,9:00 PM,05-6962,Mace Blvd,Rt 80 Wbon/R,0',In Int.,VC ,Sideswipe,,,,,,,,,,Other Motor Vehicle,,No Pedestrian Involved,,
,,,,,,,,,,,,,,,,,,,,,,,,12/2/2005,5:49 PM,05-6965,W Covell Blvd,Lake Blvd,0',In Int.,VC 22450.A,Broadside,,,,,,,,,,Other Motor Vehicle,,No Pedestrian Involved,,
,,,,,,,,,,,,,,,,,,,1,,,,,12/3/2005,11:30 AM,05-7006,G Street,Fourth Street,30',South,VC 22106,Broadside,,,,,,,,,,Parked Motor Vehicle,,No Pedestrian Involved,,
,,,,,,,,,1,,,,,,,,,,1,,,,,12/3/2005,11:15 AM,05-7007,F Street,Second Street,40',South,VC 22350,Sideswipe,,,,,,,,,,Parked Motor Vehicle,,No Pedestrian Involved,,
,,,,,,1,,,,,,,,,,,,,1,,1,,,12/3/2005,3:57 PM,05-7009,Fifth Street,E Street,0',In Int.,VC 21802.A,Broadside,,,,,,,,,,Other Motor Vehicle,,No Pedestrian Involved,,
,,,,,,1,,,,,,,,,,,,,1,,,,,12/3/2005,4:34 PM,05-7010,Fifth Street,C Street,0',In Int.,VC .,Hit Object,,,,,,,,,,Fixed Object,,No Pedestrian Involved,,
,,,,,,1,,,,,,,,,,,,,1,,1,,,12/5/2005,1:48 PM,05-7041,G Street,Fifth Street,12',South,VC 22107,Hit Object,,,,,,,,,,Fixed Object,,No Pedestrian Involved,,
,1,,,,,,,,,,,,1,,,,,,,,,,,11/29/2005,12:20 PM,05-7048,Anderson Road,W Covell Blvd,500',South,VC .,Broadside,,,,,,,,,,Bicycle,,No Pedestrian Involved,,
,,,1,,,,,,,,,,,,,1,,,,,,,,12/4/2005,6:21 PM,05-7050,Pole Line Road,Cowell Blvd,0',In Int.,VC 21453.A,Broadside,3,,,,,,,,,Other Motor Vehicle,,No Pedestrian Involved,,
,,,1,,,,1,,,,,,1,,,,,,,,,,,12/6/2005,6:45 AM,05-7057,Anderson Road,W Eighth Street,0',In Int.,VC 22350,Hit Object,1,,,,,,,,,Fixed Object,,No Pedestrian Involved,,
,,,,,,,,,,,,,,,,,,,,,,,,12/8/2005,12:01 AM,05-7081,Oyster Bay Avenue,Lake Blvd,650',West,VC 22107,Sideswipe,,,,,,,,,,Parked Motor Vehicle,,No Pedestrian Involved,,
,,,,,,,,,,,,,,,,,,,1,,,,,12/7/2005,6:00 PM,05-7092,D Street,Second Street,0',In Int.,VC .,Other,,,,,,,,,,Other Motor Vehicle,,No Pedestrian Involved,,
,,,,,,,,,,,,,,1,,,,,,,,,,12/8/2005,4:55 PM,05-7097,E Covell Blvd,L Street,0',In Int.,VC 21802.A,Broadside,1,,,,,,,,,Other Motor Vehicle,,No Pedestrian Involved,,
,,,,,,,,,,,,,,,,,,,,,,,,12/8/2005,11:25 PM,05-7102,W Covell Blvd,Lake Blvd,0',In Int.,VC 22450.A,Hit Object,1,,,,,,,,,Fixed Object,,No Pedestrian Involved,,
,,,,,,,1,,,,,,,,,,,,,,,,,12/9/2005,7:30 PM,05-7118,E Eighth Street,K Street,109',East,VC 21650,Head-On,2,,,,,,,,,Other Motor Vehicle,,No Pedestrian Involved,,
,,,,,,,,,,,,,,,,,1,,,,,,,12/12/2005,1:56 PM,05-7161,Russell Blvd,Portage Bay East,0',In Int.,VC 21802.A,Broadside,1,,,,,,,,,Motor Vehicle on Other Roadway,,No Pedestrian Involved,,
,,,,,,,,,,,,,,,,,,,1,,,,,12/12/2005,5:30 PM,05-7165,E Street,E Street,0',In Int.,VC 22106,Broadside,,,,,,,,,,Other Motor Vehicle,,No Pedestrian Involved,,
,1,,,,,1,,,,,,,,,,,,,1,,1,,,12/13/2005,8:08 AM,05-7173,Fifth Street,G Street,0',In Int.,VC 21755,Other,1,1.0,,,,,,,,Bicycle,,No Pedestrian Involved,,
,,,,,,,,1,,,,,,,,,,,1,,,,,12/13/2005,3:28 PM,05-7180,Fourth Street,B Street,120',West,VC 22107,Sideswipe,,,,,,,,,,Parked Motor Vehicle,,No Pedestrian Involved,,
,,,,,,,1,,,,,,,,,,,,,,,,,12/15/2005,2:48 PM,05-7217,E Eighth Street,K Street,120',East,VC 22350,Rear-End,,,,,,,,,,Other Motor Vehicle,,No Pedestrian Involved,,
,,,,,,,,,,,,,,,,,,,,,,,,12/16/2005,12:57 AM,05-7229,Fifth Street,Cantrill Drive,0',In Int.,VC 23152.A,Hit Object,,,,,,,,,,Fixed Object,,No Pedestrian Involved,,
,,,,,,,,,,,,,,,,,,,,,,,,12/17/2005,4:38 PM,05-7260,Cadiz Street,Valencia Avenue,75',South,VC 23152.A,Broadside,,,,,,,,,,Parked Motor Vehicle,,No Pedestrian Involved,,
,,,,,1,,,,,,,,,,,,,,,,,1,,12/17/2005,11:30 PM,05-7265,L Street,Second Street,0',In Int.,VC 23152.A,Hit Object,,,,,,,,,,Fixed Object,,No Pedestrian Involved,,
,,,,,,,,,,,,,,1,,,,,,,,,,12/18/2005,3:32 PM,05-7271,L Street,E Covell Blvd,0',In Int.,VC 22350,Hit Object,,,,,,,,,,Fixed Object,,No Pedestrian Involved,,
,,,,,,1,,,,,,,,,,,,,,,,1,,12/19/2005,2:47 PM,05-7278,Fifth Street,L Street,15',West,VC 22350,Rear-End,,,,,,,,,,Other Motor Vehicle,,No Pedestrian Involved,,
,,,,,,,,,,,,,1,,,,,,,,,,,12/21/2005,9:30 AM,05-7291,Russell Blvd,Anderson Road,20',West,VC 23152.A,Sideswipe,,,,,,,,,,Other Motor Vehicle,,No Pedestrian Involved,,
,,,,,,,,,,,,,,,,,,,1,,,,,12/22/2005,6:30 PM,05-7313,E Street 200 Blk,E St,0',In Int.,VC 22106,Rear-End,,,,,,,,,,Other Motor Vehicle,,No Pedestrian Involved,,
,,,1,,,,,,,,,,,,,,,,,,,,,12/24/2005,2:55 AM,05-7334,Drummond Avenue,Newport Terrace (N),0',In Int.,VC 23152.A,Rear-End,,,,,,,,,,Other Motor Vehicle,,No Pedestrian Involved,,
,,,,,,,,,,,,,,,,,,,,,,,,12/27/2005,11:01 AM,05-7364,Russell Blvd,College Park,188',West,VC 22107,Hit Object,,,,,,,,,,Fixed Object,,No Pedestrian Involved,,
,,,,,,,,,,,,,,,,,1,,,,,,,12/29/2005,9:01 PM,05-7408,Russell Blvd,Highway 113 Sb,0',In Int.,VC 21453.A,Broadside,1,,,,,,,,,Other Motor Vehicle,,No Pedestrian Involved,,
,,,,,,1,,,,,,,,,,,,,,1,,,,1/1/2006,7:30 PM,06-0014,Alley West Of University Avenue,Russell Blvd,40',South,VC .,Rear-End,,,,,,,,,,Parked Motor Vehicle,,No Pedestrian Involved,,
,,,,,,1,,,,,,,,,,,,,1,,1,,,1/3/2006,11:15 AM,06-0031,C Street,Fifth Street,150',South,VC 22106,Rear-End,,,,,,,,,,Other Motor Vehicle,,No Pedestrian Involved,,
1,,,,,,,,,,,1,,,,,,,,,,,,,1/5/2006,6:55 AM,06-0060,Sycamore Lane,Alvarado Avenue,250',North,VC 22106,Vehicle - Pedestrian,1,,,,1.0,,,,,Pedestrian,,In Road,,
,,,,,,1,,,1,,,,,,,,,,1,,1,,,1/5/2006,1:30 PM,06-0065,Fifth Street,F Street,40',West,VC 22107,Sideswipe,,,,,,,,,,Other Motor Vehicle,,No Pedestrian Involved,,
,,,,,,,,,1,,,,,,,,,,1,,,,,1/6/2006,10:45 AM,06-0088,Fourth Street,F Street,0',In Int.,VC ,Not Stated,,,,,,,,,,Not Stated,,Not Stated,,
,,,,,,,,,,,,,,,,1,,,,,,,,1/7/2006,11:35 AM,06-0102,Pole Line Road,Fifth Street,0',In Int.,VC 22106,Rear-End,1,,,,,,,,,Other Motor Vehicle,,No Pedestrian Involved,,
,1,,,,,,,,,,,,,,,,,,,,,,,1/8/2006,1:27 AM,06-0115,Russell Blvd,Sycamore Lane,0',In Int.,VC 21456.3C,Other,1,1.0,,,,,,Pickup Truck,Bicycle,Bicycle,,No Pedestrian Involved,,
,,,,,,,1,,1,,,,,,,,,,,,,,,1/10/2006,1:44 PM,06-0148,F Street,E Eighth Street,22',North,VC 22106,Rear-End,1,,,,,,,,,Other Motor Vehicle,,No Pedestrian Involved,,
,,,,,1,,,,,,,,,,,,,,,,,,,1/10/2006,7:20 PM,06-0159,Pena Drive,Second Street,150',North,VC 21801.A,Head-On,,,,,,,,,,Other Motor Vehicle,,No Pedestrian Involved,,
,,,,,,,,,,,,,,,,,,,,,,,,1/5/2006,5:50 PM,06-0200,Richards Blvd,Rt 80 Ebon/Off/R,60',North,VC 22350,Rear-End,,,,,,,,,,Other Motor Vehicle,,No Pedestrian Involved,,
,,,,,,,,,,,,,,,,,,,,,,,,1/13/2006,6:55 AM,06-0217,W Covell Blvd,Rt 113 Sboff/R,0',In Int.,VC 22107,Rear-End,,,,,,,,,,Other Motor Vehicle,,No Pedestrian Involved,,
,1,,,,,,,,,,,,1,,,,,,,,,,,1/13/2006,1:15 PM,06-0222,Anderson Road,Russell Blvd,100',North,VC 22107,Other,1,1.0,,,,,,,,Bicycle,,No Pedestrian Involved,,
,,,,,,,,,,,,,,,,1,,,,,,,,1/13/2006,2:48 PM,06-0223,Fifth Street,Pole Line Road,0',In Int.,VC 22350,Rear-End,1,,,,,,,,,Other Motor Vehicle,,No Pedestrian Involved,,
,,,,,,,,,,,,,,,,,,,,,,,,1/13/2006,4:05 PM,06-0226,Shasta Drive,W Covell Blvd,0',In Int.,VC 22350,Rear-End,2,,,,,,,,,Other Motor Vehicle,,No Pedestrian Involved,,
,,,,,,,,,,,,,,,,,,,,,,,,1/13/2006,10:40 PM,06-0228,Richards Blvd,Research Park Drive,0',In Int.,VC 22350,Head-On,1,,,,,,,,,Other Motor Vehicle,,No Pedestrian Involved,,
,,1,,,,,,,,,,,,,,,,,,,,,,1/14/2006,12:32 AM,06-0230,Villanova Drive,Toyon Place,27',East,VC 23152.A,Broadside,,,,,,,,,,Fixed Object,,No Pedestrian Involved,,
,,,1,,,,1,,,,,,,,,,,,,,,,,1/15/2006,9:05 PM,06-0255,E Eighth Street,L Street,0',In Int.,VC 21801.A,Broadside,,,,,,,,,,Other Motor Vehicle,,No Pedestrian Involved,,
,,1,1,,,,,1,,,,,,,,,,,,,,,,1/16/2006,8:50 AM,06-0263,E Fourteenth Street,B Street,0',In Int.,VC .,Head-On,,,,,,,,,,Fixed Object,,No Pedestrian Involved,,
,,,,,,,,,,,,,,,,1,,,,,,,,1/18/2006,9:56 PM,06-0309,Pole Line Road,Moore Blvd,452',South,VC 23152.A,Rear-End,1,,,,,,,,,Other Motor Vehicle,,No Pedestrian Involved,,
,1,,,,,1,,,,,,,,,,,,,,1,,,1,1/20/2006,5:05 PM,06-0341,A Street,Russell Blvd,5',South,VC 21453.B,Other,1,1.0,,,,,,,,Bicycle,,No Pedestrian Involved,,
,,,,,,,,,,,,,1,,,,,,,,,,,1/20/2006,9:23 PM,06-0348,Russell Blvd,Anderson Road,60',East,VC 22350,Rear-End,,,,,,,,,,Other Motor Vehicle,,No Pedestrian Involved,,
,,,,,,,,,,,,,,1,,1,,,,,,,,1/20/2006,11:45 PM,06-0351,Pole Line Road,E Covell Blvd,0',In Int.,VC 21453.A,Head-On,,,,,,,,Passenger Car,Passenger Car,Other Motor Vehicle,,No Pedestrian Involved,,
,,,1,,,,,,1,,,,,,,,,,,,,,,1/21/2006,2:02 PM,06-0356,F Street,E Fourteenth Street,0',In Int.,VC 22350,Rear-End,2,,,,,,,,,Other Motor Vehicle,,No Pedestrian Involved,,
,1,,,,,,,,,,,,,,,,,,,,,1,,1/21/2006,3:40 PM,06-0359,Third Street,I Street,100',West,VC 22102,Other,1,1.0,,,,,,Bicycle,Passenger Car,Bicycle,,No Pedestrian Involved,,
,,,,,,,,,,,,,,,,,,,1,,,,,1/21/2006,1:30 PM,06-0366,D Street,Third Street,0',In Int.,VC ,Other,,,,,,,,,,Other Motor Vehicle,,No Pedestrian Involved,,
,,,,,,,,,,,,,,,,1,,,,,,,,1/22/2006,6:39 AM,06-0367,Pole Line Road,Wahl Way,15',South,VC .,Hit Object,1,,,,,,,,,Other Object,,No Pedestrian Involved,,
,,,,,,,,,,,,,,,,1,,,,,,,,1/22/2006,8:14 AM,06-0369,Denison Drive,Poleline Rd,0',In Int.,VC ,Sideswipe,,,,,,,,,,Parked Motor Vehicle,,No Pedestrian Involved,,
1,,,,,,,,,,,1,,,,,,,,,,,,,1/23/2006,8:40 AM,06-0379,Alvarado Avenue,Sycamore Lane,0',In Int.,VC 21950.A,Vehicle - Pedestrian,1,,,,1.0,,,,,Pedestrian,,Crossing In Crosswalk At Intersection,,
,,,1,,,,,,,,,,,,,,,,,,,,,8/2/2006,1513,06-04146,COVELL BL,OAK AVE,,,21453(A),,1,,,,,,,,,Other motor vehicle,,,,
,,,,,,,,,,,,,,,,,,,,,,,,8/3/2006,1419,06-04160,COVELL BLVD.,,150 FEET EAST OF SR113 S/B ON RAMP,,22350 ,,1,,,,,,,,,Other motor vehicle,,,,
,,,,,,,,,,,,,,,,,,,,,,,,8/3/2006,2309,06-04166,WEST COVELL BLVD,,APPROX. 9 FT WEST SR-113,,23152(a) CVC,,,,,,,,,,,Other motor vehicle,,,,
,,,1,,,,,,1,,,,,1,,,,,,,,,,8/3/2006,2340,06-04167,F ST,,196 FEET SOUTH OF COVELL BL,,VC 22350,,1,,,,,,,,,Fixed object,,,,
,,,,,,,,,,,,,,,,,,,,,,,,8/4/2006,124,06-04172,FIFTH STREET,,30 FEET WEST OF VIA  DEL SOL TERRACE,,23152 (a) V.C.,,,,,,,,,,,Fixed object,,,,
,,,,,,,,,1,,,,,,,,,,,,1,,,8/4/2006,1307,06-04180,F ST,7TH ST,,,21802(a),,1,,,,,,,,,Other motor vehicle,,,,
,,,,,,,,,,,,,,,,,,,,,,,,8/4/2006,1952,06-04193,COVELL BLVD,SR113 OFFRAMP,,,,,,,,,,,,,,Other motor vehicle,,,,
,,,,,,,,,,,,,,,,,,,,,,,,8/4/2006,1845,06-04195,3500 F STREET,,,,,,1,,,,,,,,,Fixed object,,,,
,,,,,,,,,,,,,,,,,,,,,,,,8/5/2006,709,06-04208,ALHAMBRA DR,,40 FEET WEST OF CARICIA DR,,22350,,,,,,,,,,,Fixed object,,,,
,,,,,,,,,,,,,,,,,,,,,,,,8/5/2006,1146,06-04210,MACE BLVD,,138.7 FT NORTH OF 2ND ST.,,21658(a)CVC,,1,,,,,,,,,Other motor vehicle,,,,
,,,,,,,,,,,,,1,,,,,,,,,,,8/5/2006,1725,06-04221,ANDERSON RD,RADCLIFFE DR,RADCLIFFE DR,,22450(a) CVC,,2,,,,,,,,,Other motor vehicle,,,,
,,,,1,,,,,,,,,,,,,,,1,,,,,1/25/2006,1:30 PM,06-0425,Richards Blvd,First Street,0',In Int.,VC .,Other,2,,,,,,,,,Other,,No Pedestrian Involved,,
,,,,,,,,,,,,,,,,,,,,,,,,8/9/2006,805,06-04279,EVENSTAR LN,,30' WEST OF ARLINGTON,,22350,BACKING,,,,,,,,,,Other motor vehicle,,,,
,,,,,,,,,,,,,,,,,,,,,,,,8/10/2006,0,06-04307,5TH ST,SPAFFORD ST,,,21802(a)CVC,,1,,,,,,,,,Other motor vehicle,,,,
,,,,,,,,,,,,,,,,,,,,,,,,8/12/2006,1543,06-04341,RUSSELL BLVD,,100 FEET EAST OF SYCAMORE LANE,,22350,,1,,,,,,,,,Other motor vehicle,,,,
,,,,,,,,,,,,,,,,,1,,,,,,,8/13/2006,1537,06-04348,RUSSELL BLVD,,20 FEET EAST OF NB HWY 113 OFF RAMP,,22107 CVC,,1,,,,,,,,,Fixed object,,,,
,,,,,,,,,,,,,,,,1,,,,,,,,8/14/2006,735,06-04353,POLE LINE ROAD,,16 FEET NORTH OF 5TH STREET,,22106,,,,,,,,,,,Other motor vehicle,,,,
,,,,,,,,,,,1,,,,,,,,,,,,,8/14/2006,850,06-04355,E.COVELL,,20 FEET WEST OF SYCAMORE LN,,22106 VC,BACKING,1,,,,,,,,,Other motor vehicle,,,,
,,,,,,,,,,,,,,,,,,,,,,,,8/17/2006,1650,06-04432,MACE BLVD,,100 FEET SOUTH OF CHILES ROAD,,21804(a) VC,,1,,,,,,,,,Other motor vehicle,,,,
,,,,,,,,,,,,,,,,,,,,,,,,8/19/2006,1010,06-04468,ENSENADA DR,,100 SOUTH OF CHILES RD,,21804(A) VC,,,,,,,,,,,Other motor vehicle,,,,
,1,,,,,,,,,,,,,,,,,,,,,,,8/22/2006,1027,06-04515,SHASTA DR.,RIO GRANDE,,,21802(a) VC,AUTO-BICYCLE,1,1.0,,,,,,,,Bicycle,,,,
,,,,,,,,,,,,,,,,,,,1,,,,,1/26/2006,1:20 PM,06-0453,D Street,Fourth Street,100',South,VC .,Other,,,,,,,,,,Parked Motor Vehicle,,No Pedestrian Involved,,
,1,,,,,,,,,,,,,,,,,,1,,,,,8/23/2006,1506,06-04533,SECOND STREET,,100 FEET EAST OF D STREET,,21750 CVC,AUTO VS. BICYCLE,1,1.0,,,,,,,,Bicycle,,,,
,,,,,,,,,1,,,,,1,,,,,,,,,,8/24/2006,740,06-04549,COVELL BLVD,"""F"" STREET",,,22350,,,,,,,,,,,Other motor vehicle,,,,
,,,,,,,,,,,,,,,,,,,1,,,,,8/25/2006,1455,06-04569,THIRD ST.,C ST.,,,21802(a) VC,,,,,,,,,,,Motor vehicle on other roadway,,,,
,,,,,,,,,,,,,,,,,,,1,,,,,8/31/2006,138,06-04683,3RD ST,,10 FEET EAST OF G ST,,VC 23152,,1,,,,,,,,,Other motor vehicle,,,,
,1,,,,,1,,,,,,,,,,,,,,,,1,,8/31/2006,1550,06-04691,5TH STREET,ROWE PL.,,,21650.1,AUTO VS BIKE,,,,,,,,,,Bicycle,,,,
,1,,,,,,1,1,,,,,,,,,,,,,,,,9/1/2006,754,06-04700,EIGHTH STREET,,60 FEET EAST OF B STREET,,22350 CVC,AUTO/BIKE,1,1.0,,,,,,,,Bicycle,,,,
,,,,,,,,,1,,,,,,,,,,,,,,,9/5/2006,1025,06-04771,F STREET,9TH STREET,,,21658(a) VC,,,,,,,,,,,Other motor vehicle,,,,
,,1,1,,,,,,,,,,,,,,,,,,,,,1/27/2006,3:21 PM,06-0478,Crystal Grove Lane,Sycamore Bike Crossing,0',In Int.,VC .,Other,2,,,,,,,,,Other Motor Vehicle,,No Pedestrian Involved,,
,,,1,,,,1,,,,,,,,,,,,,,,,,9/5/2006,1514,06-04783,E 8TH STREET,,20' EAST OF SIMMONS WAY,,22100(b) VC,,,,,,,,,,,Other motor vehicle,,,,
,,,1,,,,,,,,,,,1,,,,,,,,,,9/5/2006,1510,06-04784,BIRCH LN,DENISON DR,,,,BACKING,1,,,,,,,,,Parked motor vehicle,,,,
,,,,,,,,,,,,,,,1,,,,,,,,,9/7/2006,0,06-04817,OLIVE DR,,50 FEET WEST OF THE EASTERN ENTRANCE TO 1414 OLIVE DR,,23152 CVC,,,,,,,,,,,Parked motor vehicle,,,,
,,,,,,1,,,,,,,,,,,,,1,,1,,,9/8/2006,1133,06-04841,5TH ST,G ST,,,21453(A) VC,,1,,,,,,,,,Other motor vehicle,,,,
,,,,,,,,,,,,,,,1,,,,,,,,,9/9/2006,1316,06-04865,RICHARDS BL,,75 FT SOUTH OF OLIVE DR,,22107 VC,,3,,,,,,,,,Other motor vehicle,,,,
,,,,,1,,,,,,,,,,,,,,,,,,,9/11/2006,827,06-04895,MACE BLVD,,60 FEET NORTH OF 2ND STREET,,22350,,,,,,,,,,,Other motor vehicle,,,,
,,,1,,,,,1,,,,,,,,,,,,,1,,,9/10/2006,2500,06-04905,B STREET,,50 FEET NORTH OF 7TH STREET,,,BACKING,,,,,,,,,,Parked motor vehicle,,,,
,,,,,,,,,,,,,,,,,,,,,,,,9/13/2006,2050,06-04938,RESEARCH PARK DRIVE,,500 FEET NORTH OF COWELL BLVD.,,23152(A)(B) VC,,,,,,,,,,,Fixed object,,,,
,,,,,,1,,,,,,,,,,,,,1,1,1,,,9/14/2006,245,06-04941,5TH ST,B ST,,,,,,,,,,,,,,Motor vehicle on other roadway,,,,
,,,,,,,,,1,,,,,,,,,,1,,,,,9/14/2006,1730,06-04979,211 F STREET,,,,20002 V.C.,,,,,,,,,,,Parked motor vehicle,,,,
,1,,,,,1,,,,,,,,,,,,,1,,1,,,9/15/2006,1515,06-04991,FIFTH STREET,G ST.,,,21801(a) CVC,VEHICLE / BICYCLE,1,1.0,,,,,,,,Bicycle,,,,
,,,,,,,,,,,,,,,,,,,,,,,,9/18/2006,1600,06-05014,LAKE BLVD,W. COVELL BLVD,,,22350,,,,,,,,,,,Other motor vehicle,,,,
,1,,,,,1,,,1,,,,,1,,,,,,,,,,9/19/2006,725,06-05028,COVELL BLVD,,"130' EAST OF ""F"" STREET",,21209(a) CVC,AUTO V BICYCLE,1,1.0,,,,,,,,Bicycle,,,,
,1,,,,,1,,,1,,,,,1,,,,,,,,,,9/19/2006,728,06-05029,COVELL BLVD,,"125' EAST OF ""F"" STREET",,22350,,,,,,,,,,,Parked motor vehicle,,,,
,,,,,,,,,,,,,,,,,,,,,,,,9/19/2006,0,06-05043,HIDALGO PLACE,,170 FEET WEST OF MERCEDES AVE,,23152(a) VC,,1,,,,,,,,,Parked motor vehicle,,,,
,1,,,,,,,,,,,,1,,,,,,,,,,,9/19/2006,2344,06-05048,RUSSELL BOULEVARD,ANDERSON ROAD,,,21453(a) VC,VEHICLE VS. BICYCLE,,,,,,,,,,Bicycle,,,,
,,,,,,,,,,,,,,,,,,,,,,,,9/21/2006,117,06-05066,W/B I-80 OFFRAMP,,200 FEET EAST OF MACE BLVD.,,23152(A)(B) VC,,1,,,,,,,,,Fixed object,,,,
,1,,,,,,,,,,,,1,,,,,,,,,,,9/21/2006,1634,06-05077,RUSSELL BL,ANDERSON RD,,,21804(A),AUTO VS BIKE,1,1.0,,,,,,,,Bicycle,,,,
,,,,,,,,,,,,,,,,1,,,,,,,,9/21/2006,1729,06-05078,POLE LINE RD,,50' NORTH OF S. DIAMETER DR.,,22350 vc,,,,,,,,,,,Other motor vehicle,,,,
,,,,,,1,,,,,,,,,,,,,1,,1,,,9/23/2006,1,06-05107,G ST,5TH ST,,,21801(a),,1,,,,,,,,,Other motor vehicle,,,,
,,,1,,,,,,,,,,,,,,,,,,,,,1/28/2006,1:51 AM,06-0512,Fifth Street,Alhambra Drive,40',South,VC 23152.A,Hit Object,2,,,,,,,,,Fixed Object,,No Pedestrian Involved,,
,1,,,,,,,,,,,,,,,,,,,,,,,9/24/2006,1106,06-05130,MACE BLVD,,50' SOUTH OF CHILES RD,,22107 VC,AUTO V BICYCLE,1,1.0,,,,,,,,Bicycle,,,,
,,,,,,1,,,,,,,,,,,,,1,,1,,,9/25/2006,1435,06-05145,E STREET,,30 FEET SOUTH OF 5TH STREET,,22350,,,,,,,,,,,Parked motor vehicle,,,,
,,,,,,,,,,,,,,,,,,,,,,,,9/25/2006,1817,06-05162,RUSSELL BLVD,OAK AVENUE,,,22350 CVC,,3,,,,,,,,,Other motor vehicle,,,,
,1,,,,,,,1,,,,,,,,,,,1,1,,,,9/26/2006,1406,06-05192,THIRD ST,,50 FEET EAST OF B STREET,,22517 vc,AUTO VS. BIKE,1,1.0,,,,,,,,Bicycle,,,,
,,,,,,,,,,,,,,,,,,,,,,,,9/26/2006,1706,06-05197,CHILES RD,,.7 MILES EAST OF EL CEMONTE AVE,,22107 vc,,1,,,,,,,,,Fixed object,,,,