Ped,Bike,Bike Loop,School Area,1st St,E 2nd St,5th St,8th St,B St,F St,J St N,North Sycamore,North Anderson,North Anderson,East Covell,Olive Drive,Pole Line,West Russell,Russell,Downtown,University Rice,Old North,Old East,A St,DATE,TIME,REPORT,STREET 1,STREET 2,DISTANCE,DIRECTION,PRIMARY CAUSE,COLLISION TYPE,INJURY,Bike,5 Year Bike,5 Year  Ped,Ped,FATAL,TYPE OF COLLISION,VEHICLE 1,VEHICLE 2,INVOLVED WITH,OBJECT HIT,PEDESTRIAN ACTION,TRAFFIC CONTROL DEVICES,NOTES
,,,,,,,,,,,,,,,,,,,,,,,,9/27/2006,1345,06-05213,RUSSELL BLVD,COLLEGE PARK,,,22350 VC,,,,,,,,,,,Other motor vehicle,,,,
,,,,,,,,,,,,,,,,,,,,,,,,9/28/2006,1800,06-05250,,,,,22350 VC,, ,,,,, ,,,,,,,,
,,,,,,1,,,,,,,,,,,,,1,,1,,,9/29/2006,1201,06-05260,5TH ST,E ST,,,21802(A) VC,,,,,,,,,,,Motor vehicle on other roadway,,,,
,,,,,,,,,,,,,1,,,,,,,,,,,10/1/2006,1603,06-05303,ANDERSON ROAD,,114 FEET SOUTH OF RADCLIFFE,,22350 VC,BROADSIDE/REAR END,,,,,,,,,,Parked motor vehicle,,,,
,1,,1,,,,1,,,,,,,,,,,,,,,,,10/2/2006,1545,06-05325,L ST,8TH ST,,,20001,AUTO VS BIKE,1,1.0,,,,,,,,Bicycle,,,,
,,,,,,,,,,,,,,,,,,,,,,,,10/3/2006,1619,06-05326,RUSELL BLVD,,90 FEET WEST OF OAK AVENUE,,22350 VC,,,,,,,,,,,Other motor vehicle,,,,
,1,,,,,,,,,,,,,,,,,,1,,,,,10/2/2006,1753,06-05332,4TH STREET,,107 FEET EAST OF G STREET,,21801(a) VC,AUTO VS BIKE,1,1.0,,,,,,,,Bicycle,,,,
,,,,1,,,,,,,,,,,,,,,1,,,,,10/4/2006,142,06-05353,G STREET,,125 FEET NORTH OF 1ST STREET,,23152(a),,,,,,,,,,,Fixed object,,,,
,1,1,1,,,,,,,,,,1,,,,,,,,,,,10/4/2006,750,06-05355,ANDERSON RD,VILLANOVA DR,,,21453(a) VC,AUTO VS BICYCLE,,,,,,,,,,Bicycle,,,,
,,,,,,,,,,,,,,,,1,,,,,,,,10/4/2006,1645,06-05367,POLE LINE RD,,180' SOUTH OF 5TH ST,,21804(A) VC,,,,,,,,,,,Other motor vehicle,,,,
,,,,,,,,,,,,,,,,,,,,,,,,10/4/2006,2214,06-05371,CATALINA DRIVE,,139 FEET WEST OF ANZA AVENUE,,22350 VC,,1,,,,,,,,,Other object,,,,
,,,,,,,,,,,,,,,,,,,,,,,,10/5/2006,219,06-05376,W/B HARVARD DR,,APPRX 80' W/OF PINE LN,,23152 CVC,,,,,,,,,,,Non-collision,,,,
,,,,,,,,,,,,,,,,1,,,,,,,,10/5/2006,1127,06-05388,POLE LINE ROAD,5TH STREET,,,22100(a),,,,,,,,,,,Fixed object,,,,
,,,,,,,,,,,,,,,,,,,,,,,,10/5/2006,1741,06-05401,RESEARCH PARK DR,RESEARCH PARK DR,,,21800(b)(1) vc,,2,,,,,,,,,Other motor vehicle,,,,
,,,,,,,,,,,,,,,,,,,,,,,,10/6/2006,1010,06-05417,COVELL BLVD,ON RAMP TO SB HWY 113,,,21453(a) vc,,1,,,,,,,,,Other motor vehicle,,,,
,1,,,1,,,,,,,,,,,,,,,1,,,,,10/7/2006,1700,06-05472,FIRST ST,C ST,,,,VEHICLE-BICYCLE,,,,,,,,,,Bicycle,,,,
,,,,,,,,,,,,,,,,,,,,,,,,10/8/2006,2113,06-05474,MACE BLVD, ON-RAMP TO WESTBOUND I-80,,,21453(a) VC,,3,,,,,,,,,Other motor vehicle,,,,
,,,1,,,,1,,,,,,,,,,,,,,,,,10/9/2006,1010,06-05478,E 8TH ST,L ST,,,21453(a) VC,,,,,,,,,,,Motor vehicle on other roadway,,,,
,,,,,,,,,,,,,,,,,,,1,,,,,10/9/2006,1654,06-05491,E. STREET,,90 FEET FROM 4TH STREET,,22106 VC,,,,,,,,,,,Parked motor vehicle,,,,
1,,,,,,,,,,,,,,,,,,,,,,,,10/10/2006,1729,06-05509,COVELL BOULEVARD,MONARCH LANE,,,21954(b) cvc,,2,,,,2.0,,,,,Pedestrian,,,,
,1,,,,,1,,,,,,,,,,,,,,,,1,,10/10/2006,1930,06-05512,5TH STREET,L STREET,,,,VEHICLE VS BICYCLIST,,,,,,,,,,Bicycle,,,,
,,,,,,,,,,,,,,,,,,,,1,,,,10/11/2006,0,06-05517,A STREET,,48 FEET NORTH OF THIRD STREET,,22350  CVC,SOLO,1,,,,,,,,,Non-collision,,,,
,,,,,,,,,,,,,,,,,,,,,,,,10/11/2006,1714,06-05526,CHILES RD,,.7 MILES EAST OF EL CEMONTE AVE,,,,1,,,,,,,,,Fixed object,,,,
,1,,,,,,1,,1,,,,,,,,,,,,,,,10/12/2006,1750,06-05547,F STREET,8TH STREET,,,21801(A),AUTO V BIKE,1,1.0,,,,,,,,Bicycle,,,,
,,,,,,,,,,,,,,,,,,,1,,,,,10/13/2006,508,06-05565,G ST,,100 FEET SOUTH OF 2ND ST,,UNKNOWN,,1,,,,,,,,,Parked motor vehicle,,,,
1,,,1,,,,,,1,,,,,,,,,,,,,,,10/13/2006,1609,06-05575,F ST,E 14TH ST,,,21954(a),,,,,,,,,,,Pedestrian,,,,
,,,,,,,,,,,,,,,,,1,,,,,,,10/14/2006,1605,06-05599,RUSSELL BL,LAKE BL,,,21802(a),,2,,,,,,,,,Other motor vehicle,,,,
,,,,,,,,,,,,,,,,,,,,,,,,10/14/2006,1813,06-05601,COVELL BLVD.,,40 FT. WEST OF DENALI,,22350,,,,,,,,,,,Fixed object,,,,
,,,,,,,,,,,,,1,,,,,,,,,,,10/15/2006,2105,06-05624,RUSSELL BLVD,ANDERSON RD,,,21453(c) CVC,,2,,,,,,,,,Other motor vehicle,,,,
,,,,,,,,,,,,,,,,,,,,,,,,10/14/2006,0,06-05634,LA CORUNO STREET,,150 NORTH OF MONTEFRIO LANE,,,,,,,,,,,,,Parked motor vehicle,,,,
,,,,,,,,,,,,,,,,,,,,,,,,10/16/2006,1705,06-05649,MAGPIE ST,,114 FEET SOUTH OF ROBIN PLACE,,,,,,,,,,,,,Parked motor vehicle,,,,
,,,,,,1,,,1,,,,,,,,,,1,,1,,,10/17/2006,1555,06-05662,F ST,FIFTH ST,,,22350 CVC,,1,,,,,,,,,Other motor vehicle,,,,
,1,,,,,,,,,,,,,,1,,,,,,,,,10/17/2006,1714,06-05663,OLIVE DR,RICHARDS BLVD,,,21650.1 VC,AUTO VS BIKE,1,1.0,,,,,,,,Bicycle,,,,
,1,,,,,,,,,,,,,,,,1,,,,,,,10/17/2006,2321,06-05669,RUSSELL BLVD,ARTHUR STREET,,,21453(a)  CVC,VEHICLE VS BICYCLIST,,,,,,,,,,Bicycle,,,,
,1,,,,,1,,,1,,,,,,,,,,1,,1,,,10/18/2006,1014,06-05675,F ST,FIFTH ST,,,21801(a) vc,AUTO VS. BIKE,1,1.0,,,,,,,,Bicycle,,,,
,,,,,,,,,,,,,,,,,1,,,,,,,10/16/2006,1430,06-05679,PORTAGE BAY EAST,RUSSELL BLVD,,,22107 CVC,,,,,,,,,,,Fixed object,,,,
,,,,,,,,,,,,,,,,,,,,,,,,1/31/2006,2:29 PM,06-0578,Shasta Drive,W Covell Blvd,0',In Int.,VC 22350,Rear-End,1,,,,,,,,,Other Motor Vehicle,,No Pedestrian Involved,,
,,,,,,,,,,,,,,,,,,,,,,1,,10/23/2006,1423,06-05818,5TH ST,L ST,,,22107 CVC,,,,,,,,,,,Fixed object,,,,
1,,,,,,,,,,,,,,,,,,,,,,,,1/31/2006,4:31 PM,06-0583,1601 Research Park Dr,"""""",',Not Stated,VC .,Vehicle - Pedestrian,1,,,,1.0,,,Passenger Car,Passenger Car,Parked Motor Vehicle,,Not In Road,,
,,,,,,,,,,,1,,,,,,,,,,,,,10/26/2006,350,06-05895,ANTELOPE LN,,30 FEET EAST OF SYCAMORE LN,,,,,,,,,,,,,Parked motor vehicle,,,,
,,,,,,,,,,,,,,,,,,,,,,,,10/26/2006,933,06-05899,LAKE BLVD,,300 FEET SOUTH OF ARLINGTON BLVD,,22350 CVC,,1,,,,,,,,,Parked motor vehicle,,,,
,1,,,1,,,,,,,,,,,,,,,1,,,,,10/26/2006,1812,06-05909,1ST ST,C ST,,,21802(A) CVC,AUTO VS. BIKE,1,1.0,,,,,,,,Bicycle,,,,
,,,,,,,,,,,,,,,,1,,,,,,,,10/28/2006,1302,06-05949,POLE LINE,LEIGH,,,22350 CVC,,1,,,,,,,,,Other motor vehicle,,,,
,1,,,,,,1,,,,,,,,,,,,,,,,,10/27/2006,2359,06-05982,W 8TH ST,,UNKNOWN FEET WEST OF MULBERRY,,21209(A) CVC,AUTO VS. BIKE,1,1.0,,,,,,,,Bicycle,,,,
,,,,,,1,,,,,,,,,,,,,1,,1,,,10/31/2006,1438,06-06015,FIFTH ST,D ST,,,21802(A),,1,,,,,,,,,Other motor vehicle,,,,
,,,1,,,,,,,,,,,,,,,,,,,,,2/1/2006,12:25 PM,06-0603,Oak Avenue,Scripps Drive,200',South,VC 22350,Rear-End,1,,,,,,,,,Other Motor Vehicle,,No Pedestrian Involved,,
,,,,,,,,,,,,,,,,,1,,,,,,,11/1/2006,950,06-06037,RUSSELL BLVD,EISENHOWER ST,,,22350,,,,,,,,,,,Other motor vehicle,,,,
,,,,,,,,,,,,,,,,,,,,,,,,11/1/2006,1855,06-06049,W COVELL BLVD,,30 FT WEST OF SYCAMORE LANE,,21658(A),,,,,,,,,,,Other motor vehicle,,,,
,,,,,,,,1,,,,,,,,,,,1,1,,,,11/1/2006,1952,06-06050,B ST,3RD ST,,,21801(A) CVC,,,,,,,,,,,Other motor vehicle,,,,
,1,,1,,,,,1,,,,,,,,,,,,,,,,10/30/2006,1815,06-06051,B ST,,525 FEET SOUTH OF W 14TH ST,,21804(A),AUTO VS BIKE,1,1.0,,,,,,,,Non-collision,,,,
,,,,,,,,,1,,,,,1,,,,,,,,,,11/2/2006,108,06-06054,W COVELL BLVD,,20 FEET WEST OF F ST.,,23152 VC,,1,,,,,,,,,Fixed object,,,,
,,,,,,,,,,,,,,,,,,,1,,,,,11/2/2006,1745,06-06090,RICHARDS BLVD,,100 FT SOUTH OF E ST,,22350 VC,,1,,,,,,,,,Other motor vehicle,,,,
,,,,,1,,,,,,,,,,,,,,,,,1,,11/3/2006,2035,06-06091,SECOND ST,L ST,,,22350 VC,,,,,,,,,,,Fixed object,,,,
,,,,,,,,,,,,,,,,,,,,,,,,11/5/2006,145,06-06109,MACE BLVD,W/B I-80 OFF RAMP,,,22350 VC,,,,,,,,,,,Fixed object,,,,
,,,,,,,,,,,,,,,,,,,,,,,,11/5/2006,1620,06-06117,COWELL BLVD,,50 FEET NORTH OF DREW CIR,,22350 VC,,,,,,,,,,,Other motor vehicle,,,,
,,,,1,,,,,,,,,,,,,,,1,,,,,11/7/2006,1240,06-06164,RICHARDS BLVD,1ST ST,,,22106 VC,,,,,,,,,,,Other motor vehicle,,,,
,1,,1,,,,,,,,,,,,,,,,,,,,,11/8/2006,1336,06-06195,ARLINGTON BLVD,SHASTA DR,,,21453 (C) VC,AUTO VS. BIKE,1,1.0,,,,,,,,Bicycle,,,,
,,,,,,,,,,,,,,,,,,,,,,,,11/8/2006,1407,06-06197,MACE BLVD,COWELL BLVD,,,21453(A),,,,,,,,,,,Other motor vehicle,,,,
,1,,,,,,,,,,,,,,,,,,1,,,,,11/8/2006,1747,06-06201,4TH ST,F ST,,,21802 (A) CVC,AUTO VS. BIKE,1,1.0,,,,,,,,Bicycle,,,,
,,,,,,,,,,,,,,,,,,,,,,,,11/9/2006,800,06-06216,SYCAMORE LN,,50 FEET SOUTH OF DRAKE DR,,,,,,,,,,,,,Parked motor vehicle,,,,
,,,,,1,,,,,,,,,,,,,,,,,,,11/10/2006,209,06-06228,SECOND ST,,22 FEET EAST OF L ST,,23152,,1,,,,,,,,,Fixed object,,,,
,,,,,,,,,,,,,,,1,,,,,,,,,11/10/2006,912,06-06233,RICHARS BLVD,,100 FEET SOUTH OF OLIVE DR,,21804 (A) CVC,,,,,,,,,,,Other motor vehicle,,,,
1,,,,,,,,,,,,,,,,,,,1,,,,,11/10/2006,1300,06-06236,G ST,,50 FEET NORTH OF SECOND ST,,21954(A) CVC,,1,,,,1.0,,,,,Pedestrian,,,,
,,,,,,,,1,,,,,,,,,,,1,1,,,,11/11/2006,1943,06-06249,2ND ST,,95 FEET WEST OF B ST,,22106 CVC,,,,,,,,,,,Parked motor vehicle,,,,
,,,,,,,,,,,,,1,,,,,,,,,,,2/2/2006,2:30 PM,06-0627,Anderson Road,Hanover Drive,0',In Int.,VC 21801.A,Broadside,,,,,,,,Passenger Car,Passenger Car,Other Motor Vehicle,,No Pedestrian Involved,,
,,,,,,1,,,,,,,,,,,,,,,,1,,11/14/2006,730,06-06277,5TH ST,,105 FT EAST OF L ST,,22107 CVC,,1,,,,,,,,,Fixed object,,,,
,,,,,,,,,,,,,,,,,,,,,,,1,11/14/2006,1118,06-06281,A ST,,180 FEET SOUTH OF 7TH ST,,21750,,,,,,,,,,,Other motor vehicle,,,,
,1,,,,,,1,,1,,,,,,,,,,,,,,,11/14/2006,1750,06-06288,F ST,EAST EIGHTH ST,,,21453(B) CVC,AUTO VS. BIKE,,,,,,,,,,Bicycle,,,,
,,,,,,,,,,,,,,,,,,,1,,,,,11/15/2006,1410,06-06302,G ST,,70 FEET SOUTH OF 2ND ST,,22107 CVC,,,,,,,,,,,Parked motor vehicle,,,,
,,,,,,,,,,,,,,,,,,,,,,,,11/15/2006,2500,06-06313,MALLORCA LN,,100 FEET EAST OF SAN SEBASTIAN,,,,,,,,,,,,,Parked motor vehicle,,,,
,,,,,,,,,,,,,1,,,,,,,,,,,11/17/2006,1825,06-06336,ANDERSON RD,,75 FEET SOUTH OF COVELL BLVD,,22107,,,,,,,,,,,Other motor vehicle,,,,
,,,,,,,,,,,,,,,,,,,,,,,,2/2/2006,4:15 PM,06-0635,Lake Blvd,W Covell Blvd,300',South,VC 21804.A,Broadside,,,,,,,,,,Other Motor Vehicle,,No Pedestrian Involved,,
,,,,,,,,,,,,,,,,,1,,,,,,,11/18/2006,2100,06-06363,RUSSELL BLVD,,300 FEET SOUTH OF RUSSELL/ARLINGTON BLVD,,,,,,,,,,,,,Fixed object,,,,
,,,,,,1,,,,,,,,,,,,,,,,1,,11/25/2006,1606,06-06473,FIFTH ST,,100 FEET WEST OF L ST.,,23153(A)(B) CVC,,2,,,,,,,,,Other motor vehicle,,,,
,,,,,,,,,,,,,,,,,,,,,,,,11/27/2006,1345,06-06505,RUSSELL BLVD,,15 FEET EAST OF OAK AVE,,22350 VC,,1,,,,,,,,,Other motor vehicle,,,,
,,,,,,1,,,,,,,,,,,,,1,,1,,,2/3/2006,1:40 PM,06-0651,Fifth Street,D Street,0',In Int.,VC 21802.A,Broadside,,,,,,,,,,Other Motor Vehicle,,No Pedestrian Involved,,
,,,,,,,,,,,,,,,,,,,,,,,,2/3/2006,6:04 PM,06-0654,W Covell Blvd,Denali Drive,300',East,VC 22350,Rear-End,2,,,,,,,,,Other Motor Vehicle,,No Pedestrian Involved,,
,,,,,,,,,,,,,,,,1,,,,,,,,2/2/2006,11:30 PM,06-0655,Lehigh Drive,Pole Line Road,100',West,VC .,Sideswipe,,,,,,,,,,Parked Motor Vehicle,,No Pedestrian Involved,,
,,,,,,,,,,,,,,,,1,,,,,,,,1/27/2006,10:30 AM,06-0656,2020 Fifth St,Pole Line Rd,0',In Int.,VC ,Hit Object,,,,,,,,,,Parked Motor Vehicle,,,,
,,,,,,,,,,,,,,,,,,,,,,,,12/1/2006,1525,06-06566,ALVARADO AVE,,200 FEET WEST OF ANDERSON RD,,22107,,,,,,,,,,,Parked motor vehicle,,,,
,1,1,1,,,,,,,,,,,,,,,,,,,,,12/4/2006,756,06-06599,W 14TH ST,OAK AVE,,,21800(B) VC,AUTO VS. BIKE,,,,,,,,,,Bicycle,,,,
,,,,,,1,,,,,,,,,,,,,,1,,,1,12/4/2006,1609,06-06610,A ST,,100 FEET NORTH OF RUSSELL BLVD,,22107,,,,,,,,,,,Other motor vehicle,,,,
,,,,,,,,,,,,,,,,,,,,,,,,12/4/2006,1846,06-06613,CHILES RD,,75 FEET WEST OF WESTBOUND EXIT RAMP FOR I-80,,22107 CVC,,,,,,,,,,,Other motor vehicle,,,,
,1,,,,,,,,,,,,1,,,,,,,,,,,12/4/2006,2130,06-06615,ANDERSON RD,,200 FEET SOUTH OF COVELL BLVD,,21804(A) ,AUTO VS. BIKE,1,1.0,,,,,,,,Bicycle,,,,
,,,,,,,,,,,,,,,,,,,,,,,,12/5/2006,32,06-06616,COVELL BLVD,,300 FEET WEST OF F ST,,23152 VC,,,,,,,,,,,Fixed object,,,,
,,,,,,,,,,,,,,,,,,,,,,,,12/5/2006,811,06-06621,COVELL BLVD,,15 FEET EAST OF JOHN JONES RD,,22350 VC,,1,,,,,,,,,Other motor vehicle,,,,
,,,,,,,,,,,,,,1,,,,,,,,,,12/5/2006,0,06-06628,E COVELL BLVD,,210 FEET EAST OF L ST,,,,1,,,,,,,,,Fixed object,,,,
,,,,,,,1,,,,,,1,,,,,,,,,,,12/8/2006,156,06-06679,ANDERSON RD,,133 FEET NORTH OF W. EIGHTH ST,,22350,,,,,,,,,,,Fixed object,,,,
,,,,,,,,,1,,,,,,,,,,1,,,,,12/8/2006,30,06-06681,2ND ST,,60 FEET WEST OF F ST,,22107,,,,,,,,,,,Parked motor vehicle,,,,
,,,1,,,,,,,,,,,,,,,,,,,,,12/9/2006,340,06-06703,BIRCH LANE,,70 FEET SOUTH OF DENISON DR,,22350 CVC,,1,,,,,,,,,Parked motor vehicle,,,,
,,,1,,,,1,,,,,,,,,,,,,,,,,12/10/2006,2315,06-06720,E 8TH ST,,75 FEET EAST OF L ST,,22107,,,,,,,,,,,Parked motor vehicle,,,,
,,,,,,,,,,,,,,,,,1,,,,,,,12/11/2006,1415,06-06724,RUSSELL BLVD,ARTHUR,,,21453(A),,,,,,,,,,,Other motor vehicle,,,,
,,,,,,,,,,,,,,,,,,,,,,,,12/11/2006,2202,06-06729,MACE BLVD OVERPASS,,OFF RAMP FROM W/B 1-80 ONTO MACE BLVD,,,,2,,,,,,,,,Other motor vehicle,,,,
,,,1,,,,,,1,,,,,1,,,,,,,,,,2/4/2006,2:10 PM,06-0675,F Street,W Covell Blvd,20',South,VC 22350,Rear-End,1,,,,,,,Passenger Car,Passenger Car,Other Motor Vehicle,,No Pedestrian Involved,,
,,,,,,1,,,,,,,,,,,,,,1,,,1,12/15/2006,808,06-06783,RUSSELL BLVD,A ST,,,21801(A) VC,,2,,,,,,,,,Other motor vehicle,,,,
,,,,,,,,,,,1,,,,,,,,,,,,,12/18/2006,1455,06-06832,W COVELL BLVD,SYCAMORE LN,,,21453 (C) VC,,,,,,,,,,,Other motor vehicle,,,,
,,,,,,,,,,,,,,,,,,,,,,1,,12/18/2006,1930,06-06853,I ST,,200 FEET SOUTH OF FIFTH ST,,,BACKING,,,,,,,,,,Parked motor vehicle,,,,
,,,,,,,,,,,,,,,,,,,,,,,,12/20/2006,1830,06-06879,BOLLATE LANE,,150 FEET WEST OF ALICANTE ST,,,,,,,,,,,,,Parked motor vehicle,,,,
,,,,,,,,,,,,,,,,,,,,,,,,12/21/2006,130,06-06886,MACE BLVD,,10 FEET SOUTH OF MONTGOMERY AVE,,,,,,,,,,,,,Fixed object,,,,
,,,,,,,,,,,,,,,,,,,,,,,,12/22/2006,0,06-06899,PICASSO AVE,,50 FEET EAST OF RENOIR AVE,,22106,BACKING,,,,,,,,,,Parked motor vehicle,,,,
,,,,,,,,,,,,,,1,,,,,,,,,,12/24/2006,1336,06-06919,E COVELL BLVD,,27 FEET EAST OF WRIGHT BLVD,,22350 CVC,,1,,,,,,,,,Other motor vehicle,,,,
,,,,,,,,,,,,,,,1,,,,,,,,,12/27/2006,1645,06-06954,RICHARDS BLVD,,75 FEET SOUTH OF OLIVE DR,,21650,,1,,,,,,,,,Other motor vehicle,,,,
,,,,,,,,,,,,,,,,,1,,,,,,,12/28/2006,1650,06-06965,RUSSELL BLVD,,15 FEET WEST OF ARLINGTON BLVD,,22350 VC,,,,,,,,,,,Fixed object,,,,
,,,,,,,,,,,,,,,,,,,1,,,,,2/5/2006,4:45 PM,06-0697,Third Street,D Street,0',In Int.,VC 21802.A,Broadside,1,,,,,,,Passenger Car,Passenger Car,Other Motor Vehicle,,No Pedestrian Involved,,
,1,,1,,,,,,1,,,,,1,,,,,,,,,,12/29/2006,1813,06-06984,F ST,,224 FEET SOUTH OF W. COVELL BLVD,,22350 VC,VEHICLE VS. BICYCLE,1,1.0,,,,,,,,Bicycle,,,,
,,,,,,,,,,,,,,,,,,,,,1,,,12/28/2005,12:10 PM,06-0703,G Street,Sixth Street,22',North,VC 22107,Sideswipe,,,,,,,,,,Parked Motor Vehicle,,No Pedestrian Involved,,
,1,,,,,,,,,,,,,,,1,,,,,,,,2/6/2006,6:36 PM,06-0709,Pole Line Road,Birch Lane,30',North,VC 22106,Other,1,1.0,,,,,,,,Bicycle,,No Pedestrian Involved,,
,,,,,,,,,,,,,,,,,,,,,,,,1/27/2006,12:30 PM,06-0710,1500 Shasta Dr,West Covell Blvd,0',In Int.,VC ,Broadside,,,,,,,,,,Other Motor Vehicle,,No Pedestrian Involved,,
,,,,,,1,,,,,,,,,,,,,,,,1,,2/7/2006,2:11 PM,06-0720,L Street,Fifth Street,0',In Int.,VC 22107,Sideswipe,1,,,,,,,Other,School Bus,Other Motor Vehicle,,No Pedestrian Involved,,
,,,1,,,,1,,,,,,,,,,,,,,,,,2/9/2006,6:00 PM,06-0752,E Eighth Street,Chestnut Lane,0',In Int.,VC 22107,Sideswipe,,,,,,,,Passenger Car,Passenger Car,Parked Motor Vehicle,,No Pedestrian Involved,,
1,,,,,,,,,,,,,,,,,,,1,,,,,2/10/2006,1:00 AM,06-0756,G Street,Second Street,136',North,VC 23152.A,Vehicle - Pedestrian,2,,,,2.0,,,,Motorcycle,Pedestrian,,Crossing In Crosswalk Not At Intersection,,
1,,,,,,1,,,,,,,,,,,,,,1,,,1,2/10/2006,6:00 AM,06-0761,Russell Blvd,A Street,0',In Int.,VC 21950.A,Vehicle - Pedestrian,1,,,,1.0,,,,,Pedestrian,,Crossing In Crosswalk At Intersection,,
,,,,,,,,,,,,,,,,,,,,,,,,2/10/2006,7:39 PM,06-0773,Sycamore Lane,Wake Forest Drive,0',In Int.,VC 21801.A,Broadside,4,,,,,,,Passenger Car,Passenger Car,Other Motor Vehicle,,No Pedestrian Involved,,
,,,,,,,,,,,1,,,,,,,,,,,,,2/9/2006,12:20 PM,06-0775,Sycamore Lane,Marketplace Shopping Center,0',In Int.,VC 21801.A,Broadside,,,,,,,,,,Other Motor Vehicle,,No Pedestrian Involved,,
,,,,,,,,,1,,,,,,,,,,,,,,,2/11/2006,1:06 PM,06-0789,101 F St,Null,0',In Int.,VC 22350,Sideswipe,,,,,,,,Passenger Car,Passenger Car,Parked Motor Vehicle,,No Pedestrian Involved,,
,,,,,,,,,,,,,,,,,,,1,,,,,2/11/2006,1:50 PM,06-0790,Second Street,D Street,60',West,VC 22106,Sideswipe,,,,,,,,Passenger Car,Passenger Car,Parked Motor Vehicle,,No Pedestrian Involved,,
,,,,,,,,,,,,,1,,,,,,,,,,,2/13/2006,6:38 PM,06-0827,Anderson Road,Hanover Drive,201',North,VC 22350,Rear-End,1,,,,,,,Passenger Car,Passenger Car,Other Motor Vehicle,,No Pedestrian Involved,,
,,,,,,,,,,,,,,,,,,,,,,1,,2/14/2006,,06-0830,Yale Drive,J Street,40',East,VC .,Sideswipe,,,,,,,,Pickup Truck,Other,Parked Motor Vehicle,,No Pedestrian Involved,,
,,,,,,1,,,,,,,,,,,,,1,,1,,,2/15/2006,3:32 PM,06-0887,E Street,Fifth Street,40',South,VC ,Rear-End,,,,,,,,Passenger Car,Truck,Other Motor Vehicle,,No Pedestrian Involved,,
,,,,,,,,,,,,,1,,,,,,,,,,,2/16/2006,8:55 AM,06-0896,Russell Blvd,Anderson Road,50',West,VC 21658.A,Sideswipe,,,,,,,,,,Other Motor Vehicle,,No Pedestrian Involved,,
,,,,,,,,,,,,,,,,,1,,,,,,,2/17/2006,7:10 AM,06-0920,Russell Blvd,Lake Blvd,100',West,VC .,Overturned,,,,,,,,,,Other Object,,No Pedestrian Involved,,
,,,,,,,,,,,,,,,,,,,,,,,,2/17/2006,5:58 PM,06-0929,Cowell Blvd,Drew Avenue,370',West,VC 22350,Rear-End,1,,,,,,,,,Other Motor Vehicle,,No Pedestrian Involved,,
,,,,,,,,,,,,,,,,,,,,,,,,2/17/2006,6:36 PM,06-0930,Cowell Blvd,Drew Avenue,200',West,VC 22350,Rear-End,,,,,,,,Passenger Car,Passenger Car,Other Motor Vehicle,,No Pedestrian Involved,,
,,,,,,,,,,,,,,,,,,,,,,,,2/17/2006,6:36 PM,06-0931,Cowell Blvd,Drew Avenue,192',West,VC 22350,Rear-End,,,,,,,,Passenger Car,Passenger Car,Other Motor Vehicle,,No Pedestrian Involved,,
,,,,,,,,,,,1,,,,,,,,,,,,,2/18/2006,7:24 PM,06-0943,W Covell Blvd,Sycamore Lane,244',West,VC 22350,Hit Object,2,,,,,,,Passenger Car,,Fixed Object,,No Pedestrian Involved,,
,,,,,,,,,,,,,,,,,,,,,,,,2/19/2006,3:50 PM,06-0954,W Covell Blvd,Denali Drive,592',West,VC .,Other,1,,,,,,,Passenger Car,,Non-Collision,,No Pedestrian Involved,,
,1,,,,,,,,,,,,,,,,,,,,,,,2/21/2006,9:04 AM,06-0974,El Macero Drive,Washoe Street,20',East,VC 22100.B,Other,1,1.0,,,,,,Bicycle,Passenger Car,Bicycle,,No Pedestrian Involved,,
,1,,,,,1,,,,,,,,,,,,,1,,1,,,2/21/2006,10:28 AM,06-0977,Fifth Street,D Street,30',East,VC 21804.A,Other,1,1.0,,,,,,Bicycle,Bicycle,Bicycle,,No Pedestrian Involved,,
,,,,,,,,,,,,,,,,,,,,,,,,2/21/2006,12:50 PM,06-0982,Chiles Road,La Vida Way,300',West,VC 22107,Rear-End,1,,,,,,,Passenger Car,Passenger Car,Parked Motor Vehicle,,No Pedestrian Involved,,
,,,,,,,,1,,,,,,,,,,,1,,,,,2/21/2006,10:44 PM,06-0990,B Street,Second Street,0',In Int.,VC 21802.A,Broadside,1,,,,,,,Passenger Car,Passenger Car,Other Motor Vehicle,,No Pedestrian Involved,,
,,,,,,,,,,,,,,,,,,,,,,,,2/22/2006,8:24 AM,06-0994,Moore Blvd,Whistler Court,0',In Int.,VC 22103,Broadside,1,,,,,,,Passenger Car,Passenger Car,Other Motor Vehicle,,No Pedestrian Involved,,
,,,,,,,,,,,,,,,,,,,,,,,,2/22/2006,8:00 AM,06-0995,W Covell Blvd,Highway 113 Nb,25',West,VC .,Sideswipe,,,,,,,,Pickup Truck,Passenger Car,Other Motor Vehicle,,No Pedestrian Involved,,
,1,,,,,,,,,,,,,,,,,,1,,,,,2/22/2006,9:00 AM,06-0997,F Street,Third Street,0',In Int.,VC 22450.A,Other,1,1.0,,,,,,,,Bicycle,,No Pedestrian Involved,,
,1,,,,,,1,,,1,,,,,,,,,,,,,,2/22/2006,5:15 PM,06-1017,E Eighth Street,J Street,0',In Int.,VC .,Other,1,1.0,,,,,,Bicycle,Passenger Car,Bicycle,,No Pedestrian Involved,,
,,,,,,,,,,,,,,,,,,,1,,,,,2/24/2006,9:10 PM,06-1042,Third Street,D Street,0',In Int.,VC 21802.A,Broadside,,,,,,,,Passenger Car,Passenger Car,Other Motor Vehicle,,No Pedestrian Involved,,
,,,,,,,,,,,,1,1,,,,,,,,,,,2/24/2006,11:56 PM,06-1047,Anderson Road,W Covell Blvd,250',South,VC 21658.A,Sideswipe,,,,,,,,,,Other Motor Vehicle,,No Pedestrian Involved,,
,,,,,,,,,,,,1,,,,,,,,,,,,2/25/2006,1:10 PM,06-1059,Anderson Road,Bianco Court,0',In Int.,VC 21801.A,Broadside,,,,,,,,Passenger Car,Passenger Car,Other Motor Vehicle,,No Pedestrian Involved,,
,,,,,,,,,,,,1,,,,,,,,,,,,2/26/2006,7:50 PM,06-1077,Anderson Road,Alvarado Avenue,0',In Int.,VC 22350,Hit Object,,,,,,,,Passenger Car,,Fixed Object,,No Pedestrian Involved,,
,,,,,,,,,,,,,,,,,,,,,,,,12/31/2005,2:15 PM,06-108,2121 Cowell Blvd,Null,0',In Int.,VC .,Other,,,,,,,,,,Other,,Not Stated,,
,,,,,,,,,,,,1,1,,,,,,,,,,,2/27/2006,4:35 PM,06-1091,Anderson Road,W Covell Blvd,135',South,VC 22350,Rear-End,,,,,,,,Passenger Car,Passenger Car,Other Motor Vehicle,,No Pedestrian Involved,,
,,,,,,1,,1,,,,,,,,,,,1,1,1,,,2/24/2006,6:45 PM,06-1092,B Street,Fifth Street,0',In Int.,VC ,Rear-End,,,,,,,,,,Other Motor Vehicle,,No Pedestrian Involved,,
,,,1,,,,,,,,,,,1,,,,,,,,,,2/28/2006,10:50 AM,06-1109,E Covell Blvd,Alhambra Drive,15',East,VC 22350,Rear-End,,,,,,,,Passenger Car,Passenger Car,Other Motor Vehicle,,No Pedestrian Involved,,
,,,,,,,,,,,,,,,,1,,,,,,,,2/28/2006,4:56 PM,06-1116,Pole Line Road,Fifth Street,100',South,VC 21804.A,Broadside,,,,,,,,Passenger Car,Passenger Car,Other Motor Vehicle,,No Pedestrian Involved,,
,,,,,,,,,,,,,,1,,,,,,,,,,3/1/2006,7:17 AM,06-1123,L Street,E Covell Blvd,250',East,VC 21804.A,Broadside,,,,,,,,Passenger Car,Passenger Car,Other Motor Vehicle,,No Pedestrian Involved,,
,,,,,,,,,,,,,,,,,,,,,,,,3/1/2006,3:21 PM,06-1132,Alvarado Avenue,Fortuna Court,200',West,VC 21804.A,Broadside,,,,,,,,Passenger Car,Passenger Car,Other Motor Vehicle,,No Pedestrian Involved,,