Ped,Bike,Bike Loop,School Area,1st St,E 2nd St,5th St,8th St,B St,F St,J St N,North Sycamore,North Anderson,North Anderson,East Covell,Olive Drive,Pole Line,West Russell,Russell,Downtown,University Rice,Old North,Old East,A St,DATE,TIME,REPORT,STREET 1,STREET 2,DISTANCE,DIRECTION,PRIMARY CAUSE,COLLISION TYPE,INJURY,Bike,5 Year Bike,5 Year  Ped,Ped,FATAL,TYPE OF COLLISION,VEHICLE 1,VEHICLE 2,INVOLVED WITH,OBJECT HIT,PEDESTRIAN ACTION,TRAFFIC CONTROL DEVICES,NOTES
,,,,,,,,,,,,,,,,,,,,,,,,3/1/2006,4:51 PM,06-1134,Cowell Blvd,Research Park Drive (W),75',West,VC 21804.A,Broadside,1,,,,,,,Passenger Car,Passenger Car,Other Motor Vehicle,,No Pedestrian Involved,,
,,,,,,,,,,,,,,,,,,,,,,1,,3/2/2006,9:48 AM,06-1151,Fourth Street,I Street,0',In Int.,VC 22450.A,Broadside,1,,,,,,,Passenger Car,Passenger Car,Other Motor Vehicle,,No Pedestrian Involved,,
,,,,,,1,,,,,,,,,,,,,1,,,1,,3/2/2006,4:50 PM,06-1164,Fifth Street,J Street,0',In Int.,VC 22450.A,Broadside,,,,,,,,Passenger Car,Passenger Car,Other Motor Vehicle,,No Pedestrian Involved,,
,,,,,,,,,,,,,,,,,,,,,,,,3/2/2006,8:13 PM,06-1167,Research Park Drive,Cowell Blvd (W),573',West,VC 22350,Hit Object,1,,,,,,,Passenger Car,,Fixed Object,,No Pedestrian Involved,,
,,,,,,,,,,,,,,,1,,,,,,,,,3/3/2006,1:00 PM,06-1221,Richards Blvd,Olive Drive,0',In Int.,VC .,Rear-End,,,,,,,,Passenger Car,,Other Motor Vehicle,,No Pedestrian Involved,,
,,,,,,,,,,,,,,,,,,,,,,,,3/6/2006,10:41 AM,06-1245,W Covell Blvd,John Jones Road,13',West,VC 22350,Rear-End,2,,,,,,,Passenger Car,Passenger Car,Other Motor Vehicle,,No Pedestrian Involved,,
,,,,,,,,,,,,,,,,,,,,,,,,3/6/2006,11:33 AM,06-1246,Hawthorne Lane,Sycamore Lane,61',East,VC 21801.A,Head-On,1,,,,,,,Passenger Car,Passenger Car,Other Motor Vehicle,,No Pedestrian Involved,,
,,,,,,,,,,,,,,,,,,,1,,,,,3/5/2006,7:00 PM,06-1250,G Street,Third Street,150',South,VC 22106,Sideswipe,,,,,,,,,,Parked Motor Vehicle,,No Pedestrian Involved,,
,,,,,,,,,1,,,,,1,,,,,,,,,,3/7/2006,7:45 AM,06-1260,W Covell Blvd,F Street,200',East,VC 22350,Rear-End,2,,,,,,,Passenger Car,Passenger Car,Other Motor Vehicle,,No Pedestrian Involved,,
,,,,,,,,,1,,,,,1,,,,,,,,,,3/7/2006,7:46 AM,06-1261,W Covell Blvd,F Street,240',East,VC 22350,Rear-End,,,,,,,,Passenger Car,Passenger Car,Other Motor Vehicle,,No Pedestrian Involved,,
,,,,,,,,,,,,,,,,,,,,,,,,3/7/2006,8:18 AM,06-1262,Shasta Drive,W Covell Blvd,0',In Int.,VC 22350,Rear-End,1,,,,,,,Passenger Car,Passenger Car,Other Motor Vehicle,,No Pedestrian Involved,,
,,,,1,,,,,,,,,,,,,,,1,,,,,3/7/2006,12:58 PM,06-1268,Richards Blvd,First Street,0',In Int.,VC 22350,Rear-End,,,,,,,,Pickup Truck,Passenger Car,Other Motor Vehicle,,No Pedestrian Involved,,
,,,,,,,,,,,,,,,,,,,,,,,,3/7/2006,,06-1272,Duke Drive,L Street,225',East,VC 22106,Rear-End,,,,,,,,Other,Passenger Car,Parked Motor Vehicle,,No Pedestrian Involved,,
,,,1,,,,1,,,,,,,,,,,,,,,,,12/9/2005,7:25 PM,06-1328,L Street,E Eighth Street,0',In Int.,VC 21801.(a),Broadside,,,,,,,,Passenger Car,Passenger Car,Other Motor Vehicle,,No Pedestrian Involved,,
,,,,,,,,,,,,,,,,,1,,,,,,,3/12/2006,11:25 PM,06-1369,Russell Blvd,Rt 113 Sboff/R,0',In Int.,VC 21453.A,Broadside,,,,,,,,Passenger Car,Passenger Car,Other Motor Vehicle,,No Pedestrian Involved,,
,,,1,,,,,,,,,,,,,,,,,,,,,3/13/2006,1:45 PM,06-1382,Oak Avenue,Scripps Drive,20',South,VC 22350,Rear-End,,,,,,,,,,Other Motor Vehicle,,No Pedestrian Involved,,
,,,1,,,,,,,,,,,,,,,,,,,,,3/14/2006,9:10 PM,06-1409,Lillard Drive,Cowell Blvd,0',In Int.,VC 22106,Head-On,,,,,,,,Passenger Car,Passenger Car,Other Motor Vehicle,,No Pedestrian Involved,,
,1,,,,,,1,1,,,,,,,,,,,,,,,1,3/14/2006,10:50 PM,06-1411,B Street,E Eighth Street,0',In Int.,VC 21453.A,Other,1,1.0,,,,,,Passenger Car,Bicycle,Bicycle,,No Pedestrian Involved,,
,,,1,,,,,,,,,,,,,,,,,,,,,3/15/2006,2:46 AM,06-1413,Oceano Way,Arena Drive,81',South,VC 22350,Sideswipe,,,,,,,,Passenger Car,Emergency Vehicle,Other Motor Vehicle,,No Pedestrian Involved,,
,,,,,,,,,,,,,,,,,,,,,,,,3/15/2006,7:27 AM,06-1415,Chiles Road,Ensenada Drive,248',East,VC 21801.A,Broadside,1,,,,,,,Passenger Car,Passenger Car,Other Motor Vehicle,,No Pedestrian Involved,,
,,,,,,,,,,,,,,,,,,,1,,,,,3/16/2006,1:47 PM,06-1443,Third Street,C Street,0',In Int.,VC 21802.B,Broadside,1,,,,,,,,,Other Motor Vehicle,,Crossing In Crosswalk At Intersection,,
1,,,,,,,,,,,,,,,1,,,,,,,,,3/9/2006,2:20 PM,06-1445,Richards Blvd,Olive Drive,0',In Int.,VC 21453.B,Vehicle - Pedestrian,1,,,,1.0,,,Pickup Truck,,Pedestrian,,Crossing In Crosswalk At Intersection,,
,,,,,,,,,,,,,,,,,,,,,,,,3/18/2006,12:41 AM,06-1479,Arlington Blvd,Evenstar Lane,20',South,VC 23152.A,Hit Object,1,,,,,,,Passenger Car,,Fixed Object,,No Pedestrian Involved,,
,,,,,,,,,,,,,,,,,,,1,,,,,3/19/2006,,06-1515,D Street,Second Street,52',South,VC 22350,Sideswipe,,,,,,,,Passenger Car,,Parked Motor Vehicle,,No Pedestrian Involved,,
1,,,,,,,,,,,,,,,,,,,1,,,,,3/20/2006,1:15 PM,06-1526,G Street,Third Street,0',In Int.,VC 22450.A,Vehicle - Pedestrian,1,,,,1.0,,,,,Pedestrian,,Crossing In Crosswalk At Intersection,,
,,,1,,,,,,,,,,,,,,,,,,,,,3/20/2006,2:30 PM,06-1527,W Covell Blvd,Oak Avenue,0',In Int.,VC 22107,Sideswipe,,,,,,,,,,Other Motor Vehicle,,No Pedestrian Involved,,
,,,,,,,,,,,,,,,,,,,,,,,,3/21/2006,8:35 AM,06-1542,Arthur Street,Adams Street (S),20',South,VC 21650,Head-On,3,,,,,,,Passenger Car,Passenger Car,Other Motor Vehicle,,No Pedestrian Involved,,
,,,1,,,,,,1,,,,,1,,,,,,,,,,3/22/2006,10:16 AM,06-1571,W Covell Blvd,F Street,40',East,VC 22106,Rear-End,1,,,,,,,Passenger Car,Other Bus,Other Motor Vehicle,,No Pedestrian Involved,,
,,,,,,,,,,,,1,,,,,,,,,,,,3/21/2006,12:01 AM,06-1589,Alvarado Avenue,Anderson Road,500',East,VC 22106,Broadside,,,,,,,,Passenger Car,Truck,Parked Motor Vehicle,,No Pedestrian Involved,,
,,,,,,1,,,1,,,,,,,,,,1,,1,,,3/23/2006,7:20 AM,06-1598,Fifth Street,F Street,50',East,VC 22350,Rear-End,2,,,,,,,Truck,Passenger Car,Other Motor Vehicle,,No Pedestrian Involved,,
,,,1,,,,,,1,,,,,,,,,,,,,,,3/23/2006,5:15 PM,06-1614,E Fourteenth Street,F Street,0',In Int.,VC .,Hit Object,,,,,,,,,,Fixed Object,,No Pedestrian Involved,,
,,,,,,,,,,,,,,,,,1,,,,,,,3/24/2006,3:55 PM,06-1639,Russell Blvd,Highway 113 Sb,70',East,VC 22350,Rear-End,1,,,,,,,,,Other Motor Vehicle,,No Pedestrian Involved,,
,,,,,,,,,,,,,,,,1,,,,,,,,3/25/2006,3:00 AM,06-1650,Pole Line Road,Fifth Street,791',North,VC 23152.A,Rear-End,1,,,,,,,Passenger Car,Passenger Car,Parked Motor Vehicle,,No Pedestrian Involved,,
,,,,,,,,,,,,,1,,,,,,,,,,,3/28/2006,8:30 PM,06-1717,Anderson Road,Hanover Drive,161',North,VC 22350,Rear-End,1,,,,,,,Passenger Car,Passenger Car,Other Motor Vehicle,,No Pedestrian Involved,,
,,,1,,,,,,,,,,,,,,,,,,,,,3/29/2006,7:45 AM,06-1722,W Covell Blvd,Catalina Drive,200',East,VC 22350,Sideswipe,1,,,,,,,Passenger Car,Passenger Car,Other Motor Vehicle,,No Pedestrian Involved,,
,,,,,,,,,,,,,,,,,,,,,,,,4/2/2006,5:16 AM,06-1801,Research Park Drive,Richards Blvd,332',East,VC 22350,Hit Object,,,,,,,,Passenger Car,,Fixed Object,,No Pedestrian Involved,,
,,,,,,,,,,,,,,,,,,,,,,,,4/3/2006,10:06 AM,06-1811,Richards Blvd,Rt 80 Ebon/Off/R,30',West,VC 22350,Sideswipe,2,,,,,,,Passenger Car,Passenger Car,Other Motor Vehicle,,No Pedestrian Involved,,
,,,,,,,,,1,,,,,,,,,,,,,,,4/3/2006,,06-1813,Tenth Street,F Street,400',West,VC .,Broadside,,,,,,,,Passenger Car,Passenger Car,Parked Motor Vehicle,,No Pedestrian Involved,,
,,,,,,,,,,,,,,,,,,,,,,,,4/3/2006,5:54 PM,06-1817,Mace Blvd,Interstate 80 Wb Offramp,10',North,VC 22350,Rear-End,,,,,,,,Passenger Car,Passenger Car,Other Motor Vehicle,,No Pedestrian Involved,,
,,,1,,,,1,,,,,,,,,,,,,,,,,4/4/2006,3:29 PM,06-1829,E Eighth Street,M Street,60',West,VC 22350,Rear-End,1,,,,,,,Passenger Car,Passenger Car,Other Motor Vehicle,,No Pedestrian Involved,,
,,,,,,,,,,,,,,,,,,,,,,,,4/7/2006,7:17 PM,06-1911,Sloan Street,Hartley Street,0',In Int.,VC 21800.(a),Broadside,2,,,,,,,Passenger Car,Passenger Car,Other Object,,No Pedestrian Involved,,
,,,,,,,,,,,,,,,,,,,,,,,,4/8/2006,11:21 AM,06-1919,Chiles Road,Rt 80 Ebon/Off/R,0',In Int.,VC .,Broadside,,,,,,,,Passenger Car,Passenger Car,Other Motor Vehicle,,No Pedestrian Involved,,
,,,,,,,1,,,,,,,,,,,,,,,,1,4/9/2006,3:08 PM,06-1945,W Eighth Street,Miller Drive,0',In Int.,VC 21800.A,Broadside,1,,,,,,,Passenger Car,Passenger Car,Other Motor Vehicle,,No Pedestrian Involved,,
,,,,,,,,,,,,,,,,,,,,,,,,4/10/2006,2:30 PM,06-1962,Russell Blvd,College Park,0',In Int.,VC 22350,Rear-End,1,,,,,,,,,Other Motor Vehicle,,No Pedestrian Involved,,
,,,,,,1,,1,,,,,,,,,,,1,1,1,,,4/11/2006,12:15 PM,06-1977,Fifth Street,B Street,120',West,VC 22350,Rear-End,1,,,,,,,Passenger Car,Passenger Car,Other Motor Vehicle,,No Pedestrian Involved,,
,,,,,,,,,,,,,,,,,,,,,,,,4/12/2006,10:00 AM,06-2003,Mace Blvd,Chiles Road,0',In Int.,VC .,Not Stated,,,,,,,,,,Not Stated,,Not Stated,,
,1,,,,,,,,,,,,,,,,,,,1,,,,4/13/2006,11:57 AM,06-2010,First Street,A Street (W),200',East,VC 21650,Other,1,1.0,,,,,,Passenger Car,Bicycle,Bicycle,,No Pedestrian Involved,,
,,,,,,,,,,,,,,,1,,,,,,,,,4/14/2006,9:59 PM,06-2059,Olive Drive,Richards Blvd,0',In Int.,VC 22106,Hit Object,,,,,,,,,,Fixed Object,,No Pedestrian Involved,,
,,,,,,,,,,,,,,,1,,,,,,,,,4/14/2006,12:00 PM,06-2073,Richards Blvd,Olive Drive,50',North,VC 22350,Rear-End,2,,,,,,,Passenger Car,Passenger Car,Other Motor Vehicle,,No Pedestrian Involved,,
,1,,,,,,,,,,,1,,,,,,,,,,,,4/17/2006,11:50 AM,06-2107,Alvarado Avenue,Anderson Road,0',In Int.,VC 21803.(a),Other,1,1.0,,,,,,Passenger Car,Bicycle,Bicycle,,No Pedestrian Involved,,
,,,,,,,,,,,,,,,,,,,1,,,,,4/18/2006,12:10 PM,06-2118,D Street,Second Street,0',In Int.,VC 22107,Sideswipe,,,,,,,,Pickup Truck,,Fixed Object,,No Pedestrian Involved,,
,,,,,1,,,,,,,,,,,,,,,,,,,4/19/2006,4:15 PM,06-2133,Second Street,Faraday Avenue (W),0',In Int.,VC 21802.(a),Broadside,1,,,,,,,Passenger Car,Motorcycle,Other Motor Vehicle,,No Pedestrian Involved,,
,,,,,,,,,,,,,,,,1,,,,,,,,4/22/2006,7:57 AM,06-2196,Fifth Street,Pole Line Road,140',East,VC 22350,Rear-End,,,,,,,,Passenger Car,Passenger Car,Other Motor Vehicle,,No Pedestrian Involved,,
1,,,,,,,,,,,,,1,,,,,,,,,,,4/22/2006,5:09 PM,06-2215,Anderson Road,Hanover Drive,60',North,VC 21954.(a),Vehicle - Pedestrian,1,,,,1.0,,,Passenger Car,Pedestrian,Pedestrian,,Crossing Not In Crosswalk,,
,,,,,,,,,,,,,1,,,,,,,,,,,4/23/2006,3:40 PM,06-2248,Russell Blvd,Anderson Road,77',East,VC 22350,Rear-End,,,,,,,,Passenger Car,Passenger Car,Other Motor Vehicle,,No Pedestrian Involved,,
,,,,,,,,,,,,,,,,,,,,,,,,4/24/2006,8:28 AM,06-2253,Alhambra Drive,Mace Blvd,300',West,VC 21804.(a),Broadside,1,,,,,,,Passenger Car,Passenger Car,Other Motor Vehicle,,No Pedestrian Involved,,
,,,,,,,,,,,,1,1,,,,,,,,,,,4/24/2006,1:55 PM,06-2257,W Covell Blvd,Anderson Road,30',East,VC 22350,Rear-End,1,,,,,,,Passenger Car,Passenger Car,Other Motor Vehicle,,No Pedestrian Involved,,
,,,,,,,,,,,,,,,,,,,1,,,,,4/25/2006,1:00 PM,06-2268,G Street,First Street,50',North,VC 22106,Other,,,,,,,,Passenger Car,Passenger Car,Parked Motor Vehicle,,No Pedestrian Involved,,
,,,,,,,,,,,,1,,,,,,,,,,,,4/26/2006,8:10 AM,06-2276,Anderson Road,W Covell Blvd,220',North,VC 21804.(a),Broadside,1,,,,,,,Passenger Car,Passenger Car,Other Motor Vehicle,,No Pedestrian Involved,,
,,,,,,,,,,,,,,,,,,,,,,,,4/26/2006,8:40 AM,06-2278,Sycamore Lane,Hawthorne Lane,150',South,VC 22107,Rear-End,1,,,,,,,Passenger Car,Passenger Car,Parked Motor Vehicle,,No Pedestrian Involved,,
,,,1,,,,,,,,,,,1,,,,,,,,,,4/27/2006,3:44 PM,06-2298,E Covell Blvd,Alhambra Drive,200',East,VC 22350,Rear-End,3,,,,,,,Passenger Car,Passenger Car,Other Motor Vehicle,,No Pedestrian Involved,,
1,,,,,,,,,,,,,,,,,,,,,,,,4/22/2006,8:00 PM,06-2300,Lindo Place,Mercedes Avenue,100',East,VC 22106,Vehicle - Pedestrian,1,,,,1.0,,,Passenger Car,,Pedestrian,,In Road,,
,,,,,,,,,,,,,,,,,,,,,,,,4/27/2006,10:00 AM,06-2302,W Covell Blvd,Unknown,0',In Int.,VC .,Broadside,,,,,,,,Passenger Car,Passenger Car,Other Motor Vehicle,,No Pedestrian Involved,,
,,,,,,,,,,,,,,,,,,,,,,1,,4/28/2006,,06-2322,J Street,Fourth Street,90',North,VC ,Sideswipe,,,,,,,,Passenger Car,Other,Parked Motor Vehicle,,No Pedestrian Involved,,
,,,,,,,,,,,,,,,,,,,,,,,,5/3/2006,2:51 PM,06-2413,Russell Blvd,Sycamore Lane,75',West,VC 21658.(a),Sideswipe,,,,,,,,Passenger Car,Pickup Truck,Other Motor Vehicle,,No Pedestrian Involved,,
,,,,,,1,,,1,,,,,,,,,,1,,1,,,5/3/2006,9:00 PM,06-2418,F Street,Fifth Street,0',In Int.,VC 21801.(a),Broadside,,,,,,,,Passenger Car,Passenger Car,Other Motor Vehicle,,No Pedestrian Involved,,
,,,,,,,,,,,,,,,,,,,,,,1,,5/4/2006,1:47 AM,06-2420,K Street,Third Street,5',North,VC .,Sideswipe,,,,,,,,Passenger Car,Passenger Car,Parked Motor Vehicle,,No Pedestrian Involved,,
,1,1,1,,,,,,,,,,,,,,,,,,,,,5/4/2006,8:04 AM,06-2425,Crystal Grove Lane,Cape Cod Street,0',In Int.,VC 21804.(a),Other,1,1.0,,,,,,Motorcycle,Bicycle,Non-Collision,,No Pedestrian Involved,,
,1,1,1,,,,,,,1,,,,,,,,,,,,,,4/23/2006,2:00 AM,06-2431,J Street,Drexel Drive,50',North,VC 22107,Other,1,1.0,,,,,,Bicycle,Passenger Car,Bicycle,,In Road,,
,,,,1,,,,,,,,,,,,,,,1,,,,,5/5/2006,2:13 AM,06-2474,First Street,F Street,61',East,VC 23152.(a),Sideswipe,1,,,,,,,Passenger Car,Passenger Car,Other Motor Vehicle,,No Pedestrian Involved,,
,,,1,,,,,,,,,,,,,,,,,,,,,5/5/2006,12:10 PM,06-2493,Lillard Drive,Cowell Blvd,15',East,VC 22350,Rear-End,,,,,,,,Passenger Car,Passenger Car,Other Motor Vehicle,,No Pedestrian Involved,,
,,1,1,,,,,,,,,,1,,,,,,,,,,,5/5/2006,2:11 PM,06-2494,Anderson Road,Villanova Drive,0',In Int.,VC 21453.(a),Broadside,1,,,,,,,Passenger Car,Passenger Car,Motor Vehicle on Other Roadway,,No Pedestrian Involved,,
,,,,,,,,,,,,,,1,,,,,,,,,,5/6/2006,2:10 AM,06-2516,Denison Drive,Manzanita Lane,25',West,VC 23152.A,Rear-End,1,,,,,,,Passenger Car,Passenger Car,Parked Motor Vehicle,,No Pedestrian Involved,,
,,,,,1,,,,,,,,,,,,,,,,,,,5/6/2006,10:40 PM,06-2525,Mace Blvd,Second Street,0',In Int.,VC 21453.(a),Other,1,,,,,,,Passenger Car,Passenger Car,Other Motor Vehicle,,No Pedestrian Involved,,
,,,,,,,,,,,,,,,,,,,,,,,,5/7/2006,4:45 PM,06-2540,W Covell Blvd,Rt 113 Sbon/R,0',In Int.,VC 22350,Rear-End,,,,,,,,Passenger Car,Passenger Car,Other Motor Vehicle,,No Pedestrian Involved,,
,,,,,,,,,,,,,,,,,,,,,,,,5/7/2006,7:35 PM,06-2542,Fifth Street,Cantrill Drive,0',In Int.,VC 23152.A,Hit Object,1,,,,,,,Passenger Car,,Fixed Object,,No Pedestrian Involved,,
,,,,,,,,,,,,,,,,,1,,,,,,,5/8/2006,10:25 AM,06-2551,Russell Blvd,Rt 113 Nboff/R,30',North,VC 22350,Rear-End,1,,,,,,,Passenger Car,Passenger Car,Other Motor Vehicle,,No Pedestrian Involved,,
,,,,,,,,,,,,,,,,,,,,,,,,5/8/2006,8:46 PM,06-2565,Richards Blvd,Research Park Drive,70',West,VC 22350,Rear-End,1,,,,,,,Passenger Car,Passenger Car,Other Motor Vehicle,,No Pedestrian Involved,,
,1,,,,,,,,,,,,,,,,,,1,,,,,5/8/2006,9:18 PM,06-2568,C Street,First Street,112',South,VC 21803.(a),Other,1,1.0,,,,,,Passenger Car,Bicycle,Bicycle,,No Pedestrian Involved,,
,,,,,,,1,,,,,,,,,,,,,,,,,5/9/2006,8:10 AM,06-2573,Sycamore Lane,W Eighth Street,180',South,VC 22350,Rear-End,,,,,,,,Passenger Car,,Parked Motor Vehicle,,No Pedestrian Involved,,
,,,,,,,,1,,,,,,,,,,,1,,,,,5/9/2006,9:45 AM,06-2574,B Street,Third Street,0',In Int.,VC 22107,Hit Object,,,,,,,,Other Bus,,Fixed Object,,No Pedestrian Involved,,
,,,,,,,,,,,,,,,,,,,,,,,,5/9/2006,10:39 AM,06-2575,Shasta Drive,W Covell Blvd,0',In Int.,VC 22350,Rear-End,,,,,,,,Passenger Car,Passenger Car,Other Motor Vehicle,,No Pedestrian Involved,,
,,,,,,,,,,,,,1,,,,,,,,,,,5/10/2006,3:38 PM,06-2585,Anderson Road,W Covell Blvd,130',South,VC 21650.1,Broadside,1,,,,,,,Passenger Car,Passenger Car,Other Motor Vehicle,,No Pedestrian Involved,,
,,,,,,,,,,,,,,,,,,,,,,,,5/10/2006,12:13 PM,06-2593,Mace Blvd,Chiles Road,0',In Int.,VC 21453.(a),Broadside,,,,,,,,Passenger Car,Passenger Car,Other Motor Vehicle,,No Pedestrian Involved,,
,1,,,,,,,,,,,,,,1,,,,,,,,,5/10/2006,8:31 PM,06-2603,Olive Drive,Richards Blvd,0',In Int.,VC 22107,Other,1,1.0,,,,,,Passenger Car,Bicycle,Bicycle,,No Pedestrian Involved,,
,,,,,,,,1,,,,,,,,,,,1,,,,,5/11/2006,8:35 AM,06-2608,B Street,Third Street,0',In Int.,VC 21801.(a),Broadside,3,,,,,,,Passenger Car,Passenger Car,Other Motor Vehicle,,No Pedestrian Involved,,
,,,,,,,,,,,,,,,,,,,,,,,,5/12/2006,7:34 PM,06-2638,Belhaven Place,Tulip Lane,60',East,VC .,Rear-End,,,,,,,,Passenger Car,Passenger Car,Parked Motor Vehicle,,No Pedestrian Involved,,
,,,,,,,,,,,,,,,,,,,,,,,,5/13/2006,3:25 AM,06-2648,W Covell Blvd,Denali Drive,0',In Int.,VC 22350,Hit Object,,,,,,,,Passenger Car,,Fixed Object,,No Pedestrian Involved,,
,,,,,,,,,,,,,,,,,,,,,,,,5/12/2006,,06-2652,Halsey Circle,Null,0',In Int.,VC 22350,Sideswipe,,,,,,,,Passenger Car,,Other Motor Vehicle,,No Pedestrian Involved,,
,,,,,,,,,,,,,,,,,,,,,,,,5/14/2006,1:54 AM,06-2661,Drake Drive,Apple Lane,0',In Int.,VC 22350,Rear-End,,,,,,,,Passenger Car,Passenger Car,Parked Motor Vehicle,,No Pedestrian Involved,,
,,,,,,,,,,,,,,,,,,,,,,,,5/15/2006,10:35 AM,06-2678,W Covell Blvd,Denali Drive,0',In Int.,VC 21453.c,Broadside,,,,,,,,Passenger Car,Passenger Car,Other Motor Vehicle,,No Pedestrian Involved,,
,,,,,,,,,,,,,,,,1,,,,,,,,5/8/2006,4:15 PM,06-2688,Pole Line Road,Bidwell,0',In Int.,VC ,Sideswipe,,,,,,,,,,Other Motor Vehicle,,,,
,,,,,,,,,,,,,,,,,,,,,,,,5/10/2006,3:50 PM,06-2689,Aisle,Anderson Rd,0',In Int.,VC ,Other,,,,,,,,,,Other Motor Vehicle,,,,
,,,,,,,,,,,,,,,,,,,,,,,,5/16/2006,9:18 AM,06-2696,Chiles Road,El Cemonte Avenue,24',West,VC 22350,Hit Object,,,,,,,,Passenger Car,,Fixed Object,,No Pedestrian Involved,,
1,,,,,,,,1,,,,,,,,,,,1,1,,,,5/18/2006,10:43 AM,06-2724,B Street,First Street,0',In Int.,VC 21950.(a),Other,2,,,,2.0,,,Motorcycle,,Pedestrian,,Crossing In Crosswalk At Intersection,,
,,,,,,,,,,,,,,,,,,1,,,,,,5/20/2006,1:47 PM,06-2772,Russell Blvd,California Avenue,0',In Int.,VC 22107,Broadside,1,,,,,,,Passenger Car,Passenger Car,Other Motor Vehicle,,No Pedestrian Involved,,
,,,,,,,,,,,,,,1,,1,,,,,,,,5/20/2006,11:23 PM,06-2780,E Covell Blvd,Pole Line Road,0',In Int.,VC 21453.(a),Broadside,3,,,,,,,Passenger Car,Passenger Car,Parked Motor Vehicle,,No Pedestrian Involved,,
,,,,,,1,,,1,,,,,,,,,,1,,1,,,5/21/2006,7:07 PM,06-2792,Fifth Street,F Street,40',West,VC 22350,Hit Object,,,,,,,,Passenger Car,,Fixed Object,,No Pedestrian Involved,,
,,,,,,,,,,,,1,1,,,,,,,,,,,5/22/2006,10:15 PM,06-2817,W Covell Blvd,Anderson Road,14',East,VC 23152.A,Rear-End,1,,,,,,,Passenger Car,Passenger Car,Other Motor Vehicle,,No Pedestrian Involved,,
,,,,,,,,,,,,,,,,,,,,,,,,5/22/2006,10:20 PM,06-2818,W Covell Blvd,John Jones Road,20',East,VC 23152.(a),Rear-End,,,,,,,,Passenger Car,Passenger Car,Other Motor Vehicle,,No Pedestrian Involved,,
,,,,,,,,,,,,,,,1,,,,,,,,,5/23/2006,6:00 PM,06-2832,Richards Blvd,Olive Drive,1056',East,VC 22350,Rear-End,3,,,,,,,Passenger Car,Passenger Car,Other Motor Vehicle,,No Pedestrian Involved,,
,,,,,,,,,,,,,,,,,,,1,,,,,5/24/2006,2:03 PM,06-2869,Third Street,D Street,50',East,VC 22107,Sideswipe,,,,,,,,Passenger Car,Passenger Car,Other Motor Vehicle,,No Pedestrian Involved,,
,,,,,,,,,,,,,,,,1,,,,,,,,4/7/2006,5:00 PM,06-2892,Pole Line Road,Lehigh Drive,0',In Int.,VC ,Sideswipe,,,,,,,,,,Other Motor Vehicle,,Not Stated,,
,,,,,,,,,,,,,,,,,,,,,,,,5/25/2006,10:36 PM,06-2894,Becerra Way,La Vida Way,183',West,VC 22350,Hit Object,,,,,,,,Passenger Car,,Fixed Object,,No Pedestrian Involved,,
,,,,,,1,,,,,,,,,,,,,1,,1,,,5/26/2006,1:05 PM,06-2907,Fifth Street,D Street,0',In Int.,VC 21802.(a),Sideswipe,,,,,,,,Passenger Car,Passenger Car,Other Motor Vehicle,,No Pedestrian Involved,,
,,,,,,,,,,,,,,,,,,,1,,,,,5/26/2006,5:44 PM,06-2913,G Street,Third Street,30',South,VC 22106,Other,,,,,,,,Passenger Car,Passenger Car,Other Motor Vehicle,,No Pedestrian Involved,,
,,,,,,,,,,,,,,,,,,,1,,,,,5/26/2006,6:57 PM,06-2915,E Street,Fourth Street,100',South,VC 21801.(a),Broadside,,,,,,,,Passenger Car,Passenger Car,Other Motor Vehicle,,No Pedestrian Involved,,
,,,,,,,,,,,,,,,,,,,,,,,,5/27/2006,1:14 AM,06-2923,Hunt Way,K Street,20',West,VC 22350,Sideswipe,,,,,,,,Passenger Car,,Parked Motor Vehicle,,No Pedestrian Involved,,
,,,1,,,,,,,,,,,,,,,,,,,,,5/29/2006,12:03 PM,06-2960,Cypress Lane,Simmons Way,85',North,VC 23152.(a),Hit Object,,,,,,,,,,Fixed Object,,No Pedestrian Involved,,
,,,,,,1,,1,,,,,,,,,,,1,1,1,,,5/31/2006,12:23 PM,06-3004,Russell Blvd,B Street,200',West,VC 22107,Hit Object,,,,,,,,Passenger Car,,Fixed Object,,No Pedestrian Involved,,
,1,,,,,1,,,,,,,,,,,,,,,,1,,5/30/2006,3:50 PM,06-3007,I Street,Fifth Street,0',In Int.,VC 22350,Other,1,1.0,,,,,,,Passenger Car,Bicycle,,No Pedestrian Involved,,
,,,,,,,,,,,,,,1,,1,,,,,,,,12/27/2005,4:17 PM,06-302,E Covell Blvd,Pole Line Road,300',West,VC 21804.A,Broadside,1,,,,,,,Passenger Car,Passenger Car,Other Motor Vehicle,,No Pedestrian Involved,,
,,,,,,,,,,,1,,,,,,,,,,,,,5/26/2006,4:00 PM,06-3047,Sycamore Lane,W Covell Blvd,35',South,VC 22350,Rear-End,1,,,,,,,Passenger Car,Passenger Car,Other Motor Vehicle,,No Pedestrian Involved,,
,,,,,,,,,,,,,,1,,1,,,,,,,,6/3/2006,9:10 AM,06-3069,E Covell Blvd,Pole Line Road,15',East,VC 22106,Rear-End,,,,,,,,Passenger Car,Passenger Car,Other Motor Vehicle,,No Pedestrian Involved,,