Ped,Bike,Bike Loop,School Area,1st St,E 2nd St,5th St,8th St,B St,F St,J St N,North Sycamore,North Anderson,North Anderson,East Covell,Olive Drive,Pole Line,West Russell,Russell,Downtown,University Rice,Old North,Old East,A St,DATE,TIME,REPORT,STREET 1,STREET 2,DISTANCE,DIRECTION,PRIMARY CAUSE,COLLISION TYPE,INJURY,Bike,5 Year Bike,5 Year  Ped,Ped,FATAL,TYPE OF COLLISION,VEHICLE 1,VEHICLE 2,INVOLVED WITH,OBJECT HIT,PEDESTRIAN ACTION,TRAFFIC CONTROL DEVICES,NOTES
,,,,,,,,,,,,,,,,,,,,,,,,6/3/2006,4:46 PM,06-3078,Mace Blvd,Interstate 80 Wb,0',In Int.,VC 21453.(a),Broadside,1,,,,,,,Passenger Car,Passenger Car,Other Motor Vehicle,,No Pedestrian Involved,,
,,,1,,,,,,,,,,,,,,,,,,,,,6/3/2006,9:09 PM,06-3082,W Covell Blvd,Oak Avenue,0',In Int.,VC 21453.c,Broadside,1,,,,,,,Passenger Car,Motorcycle,Other Motor Vehicle,,No Pedestrian Involved,,
,,,,,,1,,,1,,,,,,,,,,1,,1,,,6/4/2006,11:50 PM,06-3101,F Street,Fifth Street,0',In Int.,VC 21801.(a),Head-On,,,,,,,,Passenger Car,Pickup Truck,Other Motor Vehicle,,No Pedestrian Involved,,
,,,,,,,,,,,,,,,,,,,,,,,,6/5/2006,8:06 AM,06-3103,Russell Blvd,Oak Avenue,0',In Int.,VC 21801.(a),Broadside,,,,,,,,Passenger Car,Passenger Car,Other Motor Vehicle,,No Pedestrian Involved,,
,,,,,,,,,,,,,,,,,,,,,,,,6/5/2006,3:55 PM,06-3113,W Covell Blvd,113 (1),30',West,VC 22350,Rear-End,,,,,,,,Passenger Car,Passenger Car,Other Motor Vehicle,,No Pedestrian Involved,,
,,,,,,1,,1,,,,,,,,,,,1,1,1,,,6/6/2006,2:23 AM,06-3118,Russell Blvd,B Street,10',West,VC 26453,Hit Object,1,,,,,,,Motorcycle,,Fixed Object,,No Pedestrian Involved,,
1,,,,,,,,,,,,,,,,,,,,,,,,6/6/2006,12:39 PM,06-3123,1550 E Covell - Private Property,Null,',Not Stated,VC .,Vehicle - Pedestrian,1,,,,1.0,,,Passenger Car,,Pedestrian,,Not In Road,,
,,,1,,,,,,,,,,,1,,,,,,,,,,6/7/2006,8:50 AM,06-3140,E Covell Blvd,Birch Lane,20',East,VC 22350,Rear-End,1,,,,,,,Passenger Car,Passenger Car,Other Motor Vehicle,,No Pedestrian Involved,,
,,,,,,1,,,,,,,,,,,,,1,,1,,,6/7/2006,7:23 PM,06-3151,Fifth Street,C Street,0',In Int.,VC 21802.A,Broadside,,,,,,,,,,Other Motor Vehicle,,Crossing Not In Crosswalk,,
,,,,,,1,,,,,,,,,,,,,1,,1,,,6/7/2006,6:30 PM,06-3180,Fifth Street,E Street,0',In Int.,VC .,Not Stated,,,,,,,,Passenger Car,Passenger Car,Not Stated,,Not Stated,,
,,,,,,,,,,,,,,1,,1,,,,,,,,6/10/2006,9:23 PM,06-3222,Pole Line Road,E Covell Blvd,0',In Int.,VC 21453.(a),Broadside,,,,,,,,,,Other Motor Vehicle,,No Pedestrian Involved,,
,,,1,,,,,,1,,,,,1,,,,,,,,,,6/12/2006,1:15 AM,06-3243,F Street,W Covell Blvd,30',South,VC .,Rear-End,,,,,,,,Passenger Car,Passenger Car,Other Motor Vehicle,,No Pedestrian Involved,,
,,,,,,,,,,,,,,,,,,,,,,,1,6/12/2006,10:05 AM,06-3252,Russell Blvd,Miller Drive,20',West,VC 22350,Rear-End,2,,,,,,,Passenger Car,Passenger Car,Other Motor Vehicle,,No Pedestrian Involved,,
,1,,,,,,,,,,,,,,,,,,,,,,,6/11/2006,6:50 PM,06-3261,Arlington Blvd,Garrison Street,270',East,VC 22107,Other,1,1.0,,,,,,Passenger Car,Bicycle,Bicycle,,No Pedestrian Involved,,
,,,,,,,,,,,,,,,,,,,,,,,,6/12/2006,5:57 PM,06-3263,Chiles Road,Rt 80 Ebon/Off/R,33',West,VC 22350,Head-On,,,,,,,,Passenger Car,,Fixed Object,,No Pedestrian Involved,,
,,,,,,,,,,,,,,,,,,,,,,,,6/15/2006,12:28 PM,06-3303,Loyola Drive,Regis Drive (E),0',In Int.,VC .,Hit Object,,,,,,,,Passenger Car,,Fixed Object,,No Pedestrian Involved,,
,,,,,,,,,,,,,,,,1,,,,,,,,6/15/2006,1:00 PM,06-3304,Pole Line Road,Chestnut Lane,0',In Int.,VC 22350,Rear-End,1,,,,,,,Passenger Car,Passenger Car,Other Motor Vehicle,,No Pedestrian Involved,,
,,,,,,1,,,,,,,,,,,,,,,,1,,6/16/2006,1:42 PM,06-3333,Fifth Street,Rowe Place,0',In Int.,VC .,Broadside,1,,,,,,,Other,Passenger Car,Other Motor Vehicle,,No Pedestrian Involved,,
,1,,,,,,,1,,,,,,,,,,,1,1,,,,7/18/2006,2:12 PM,06-3334,Second Street,B Street,0',In Int.,VC 22450.(a),Other,1,1.0,,,,,,Bicycle,Passenger Car,Bicycle,,No Pedestrian Involved,,
,,,,,,,,,,,,,,,,,,,1,,,,,6/13/2006,1:15 PM,06-3360,Second Street,E Street,10',East,VC .,Rear-End,,,,,,,,Passenger Car,Passenger Car,Other Motor Vehicle,,Crossing In Crosswalk At Intersection,,
,,,,,,,,,,,,,,,,,,,,,,,,6/18/2006,7:55 AM,06-3385,Richards Blvd,Interstate 80 Eb,0',In Int.,VC 22350,Rear-End,1,,,,,,,Passenger Car,Passenger Car,Other Motor Vehicle,,No Pedestrian Involved,,
,,,,1,,,,1,,,,,,,,,,,1,,,,,6/20/2006,10:30 AM,06-3435,First Street,B Street,30',East,VC 22350,Rear-End,1,,,,,,,Passenger Car,Other Bus,Other Motor Vehicle,,No Pedestrian Involved,,
,,,,,,,,,,,,,,,,,,,,,,,,6/21/2006,12:16 PM,06-3451,Mace Blvd,Alhambra Drive,350',North,VC 22350,Rear-End,1,,,,,,,Passenger Car,Passenger Car,Other Motor Vehicle,,No Pedestrian Involved,,
,1,,,,,1,,,,,,,,,,,,,1,,1,,,6/21/2006,5:23 PM,06-3461,Fifth Street,E Street,0',In Int.,VC 21802.(a),Other,1,1.0,,,,,,Passenger Car,Bicycle,Bicycle,,No Pedestrian Involved,,
,,,,,,,,,,,,,,,,,,,1,,,,,6/23/2006,2:21 PM,06-3489,Second Street,D Street,0',In Int.,VC 22107,Hit Object,,,,,,,,Truck With Trailer,,Fixed Object,,No Pedestrian Involved,,
,,,,1,,,,,,,,,,,,,,,1,,,,,6/23/2006,3:58 PM,06-3491,First Street,C Street,75',East,VC 22350,Rear-End,2,,,,,,,Passenger Car,Passenger Car,Other Motor Vehicle,,No Pedestrian Involved,,
,1,,,,,,1,,,,,,,,,,,,,,,,,6/26/2006,8:50 AM,06-3532,E Eighth Street,D Street,60',East,VC 22107,Sideswipe,1,1.0,,,,,,Bicycle,Passenger Car,Bicycle,,No Pedestrian Involved,,
,,,,,,,,,,,,,,,,,,,,,,,,6/27/2006,8:32 AM,06-3545,Richards Blvd,Research Park Drive,0',In Int.,VC 22350,Rear-End,2,,,,,,,Passenger Car,Passenger Car,Other Motor Vehicle,,No Pedestrian Involved,,
,,,,,,,,,,,,,,,,,,,,,,,,6/27/2006,12:10 PM,06-3547,Mace Blvd,Interstate 80 Wb On Ramp,150',North,VC 22350,Rear-End,,,,,,,,Passenger Car,Passenger Car,Other Motor Vehicle,,No Pedestrian Involved,,
,1,,,,,,,,,,,,,,,,,,,,,,,6/27/2006,1:47 PM,06-3549,Howard Way,Russell Blvd,0',In Int.,VC 21650.1,Other,1,1.0,,,,,,Passenger Car,Bicycle,Bicycle,,No Pedestrian Involved,,
,,,,,,,,,,,,,,,,,1,,,,,,,6/28/2006,2:33 PM,06-3571,Russell Blvd,Highway 113 Sb,0',In Int.,VC 21453.(a),Broadside,,,,,,,,Passenger Car,,Other Motor Vehicle,,No Pedestrian Involved,,
,,,1,,,,,,,,,,,,,,,,,,,,,6/29/2006,5:27 AM,06-3578,W Covell Blvd,Oak Avenue,100',East,VC 22350,Hit Object,,,,,,,,Pickup Truck,,Fixed Object,,No Pedestrian Involved,,
,,,,,,,,,,,,,,,,,,,,,,1,,6/20/2006,11:43 AM,06-3583,904 3rd St,"""""",',Not Stated,VC .,Rear-End,1,,,,,,,,,Parked Motor Vehicle,,Not In Road,,
,,,,,,,,,,,,,,,,,,,,1,,,,3/1/2006,12:01 AM,06-3586,Third Street,University Avenue,0',In Int.,VC .,Sideswipe,,,,,,,,Passenger Car,Passenger Car,Other Motor Vehicle,,No Pedestrian Involved,,
,,,,,,,,1,,,,,,,,,,,1,1,,,,7/1/2006,10:55 AM,06-3614,B Street,Second Street,0',In Int.,VC 21801.(a),Broadside,2,,,,,,,Passenger Car,Passenger Car,Other Motor Vehicle,,No Pedestrian Involved,,
,,,,,,,,,,,,,,,,,,,,,,1,,7/2/2006,7:10 PM,06-3631,J Street,Fourth Street,0',In Int.,VC 22450.(a),Broadside,1,,,,,,,Passenger Car,Passenger Car,Other Motor Vehicle,,No Pedestrian Involved,,
,1,,1,,,,1,,,,,,,,,,,,,,,,,7/3/2006,2:49 PM,06-3639,E Eighth Street,Chestnut Lane,215',East,VC 21650.1,Head-On,1,1.0,,,,,,Bicycle,Bicycle,Bicycle,,No Pedestrian Involved,,
,,,,,,,,,1,,,,,,,,,,,,,,,7/4/2006,10:27 PM,06-3664,F Street,Ninth Street,0',In Int.,VC 21802.(a),Broadside,1,,,,,,,Passenger Car,Passenger Car,Other Motor Vehicle,,No Pedestrian Involved,,
,,,,,,,,,,,,,,,,,,,,,,,,7/5/2006,9:20 PM,06-3685,Cowell Blvd,Drew Avenue,0',In Int.,VC 23152.A,Broadside,,,,,,,,,,Other Motor Vehicle,,No Pedestrian Involved,,
,,,1,,,,1,,,,,,1,,,,,,,,,,,7/6/2006,11:10 AM,06-3690,Anderson Road,W Eighth Street,25',North,VC 22350,Rear-End,1,,,,,,,Passenger Car,Passenger Car,Other Motor Vehicle,,No Pedestrian Involved,,
,,,,,1,,,,,,,,,,,,,,,,,,,7/6/2006,2:20 PM,06-3693,Second Street,Cantrill Drive,4752',West,VC 22106,Other,,,,,,,,Passenger Car,Truck,Other Motor Vehicle,,No Pedestrian Involved,,
,,,,,,,,,,,,,,,,,,,,,,,,7/6/2006,3:10 PM,06-3694,W Covell Blvd,Highway 113 Sb,60',East,VC 22350,Rear-End,,,,,,,,Passenger Car,Passenger Car,Other Motor Vehicle,,No Pedestrian Involved,,
,,,,,,1,,,,,,,,,,,,,,1,,,1,7/16/2006,5:44 AM,06-3855,Russell Blvd,A Street,110',East,VC .,Hit Object,1,,,,,,,Passenger Car,,Fixed Object,,No Pedestrian Involved,,
,,,1,,,,,,,,,1,1,,,,,,,,,,,7/18/2006,7:47 PM,06-3901,Anderson Road,W Covell Blvd,0',In Int.,VC 22350,Rear-End,1,,,,,,,Passenger Car,Passenger Car,Other Motor Vehicle,,No Pedestrian Involved,,
,,,,,,1,,,,,,,,,,,,,,,,1,,7/22/2006,,06-4001,Fifth Street,L Street,35',West,VC .,Head-On,,,,,,,,Other,,Fixed Object,,No Pedestrian Involved,,
,,,1,,,,,,,,,,,1,,,,,,,,,,7/25/2006,8:38 AM,06-4018,Alhambra Drive,E Covell Blvd,300',South,VC 22350,Hit Object,,,,,,,,Passenger Car,,Fixed Object,,No Pedestrian Involved,,
,1,,,,,,,,,,,,,,,,,,,,,,,7/26/2006,6:40 PM,06-4042,Alvarado Avenue,Espana Court,160',West,VC 21801.(a),Other,1,1.0,,,,,,Bicycle,Passenger Car,Bicycle,,No Pedestrian Involved,,
,,,,,,,,,,,,,,,,,,,,,,,,12/20/2005,1:30 PM,06-632,875 Russell Blvd,Sycamore Lane,0',In Int.,VC ,Broadside,,,,,,,,,,Parked Motor Vehicle,,No Pedestrian Involved,,
,,,,,,1,,,,,,,,,,,,,1,,1,,,1/2/2007,1338,07-00011,5TH ST,E ST,,,21801(A) VC,broadside,,,,,,,,,,Other Motor Vehicle,,No Pedestrians Involved,,
,1,1,,,,,,,,,,,,,,,,,,,,,,1/4/2007,1210,07-00045,BIKE PATH SOUTH OF W. CHILES RD,,,,,other,1,1.0,,,,,SOLO BIKE,,,Fixed Object,BUSH,No Pedestrians Involved,,
,,,,,,,,,1,,,,,,,,,,,,,1,,1/4/2007,2219,07-00054,I STREET,,10 FEET NORTH OF FIFTH,,22107 cvc,side swipe,,,,,,,,,,Parked Motor Vehicle,,No Pedestrians Involved,,
,,,,,,,,,,,,,1,,,,,,,,,,,1/6/2007,1803,07-00097,ANDERSON RD,RUSSELL BLVD,,,21453 (C) VC,broadside,3,,,,,,,,,Other Motor Vehicle,,No Pedestrians Involved,,
,,,,,,,,,,,,,,,,,,,,,,,,1/7/2007,258,07-00107,HAUSSLER DRIVE,,50 FT. E OF CHESTNUT LANE,,23152A,side swipe,,,,,,,,,,Parked Motor Vehicle,,No Pedestrians Involved,,
,,,,,,,,,,,,,,,,,,,,,,,,1/7/2007,200,07-00111,PEACH PLACE,,200 FEET SOUTH OF W 8TH ST,,23152(A) VC,hit object,,,,,,,,,,Fixed Object,LAWNS,No Pedestrians Involved,,
,,1,,,,,,,,,,,,,,,,,,,,,,1/8/2007,2118,07-00129,LOYOLA DR,,51 FEET NORTH EAST OF BUCKEYE LANE,,23152(a) vc,hit object,,,,,,,,,,Fixed Object,HOUSE,No Pedestrians Involved,,
,,,,,,,,,,,,,1,,,,,,,,,,,1/8/2007,0,07-00133,RUSSELL BLVD,,126 FEET WEST OF ANDERSON RD.,,22107 VC,side swipe,,,,,,,,,,Parked Motor Vehicle,,No Pedestrians Involved,,
,,,,,,,,,,,,,,,,,,,,,,,,1/9/2007,1120,07-00135,RUSSELL BLVD,ORCHARD PARK DR,,,21802(A) VC,broadside,,,,,,,,,,Other Motor Vehicle,,No Pedestrians Involved,,
,,,,,,,,,,,,,,,,,,,,,,,,1/8/2007,2235,07-00136,10TH ST,,400 FEET WEST OF F ST,,,rear end,1,,,,,,,,,Parked Motor Vehicle,,No Pedestrians Involved,,
,,,,,,,,,,,,,,,,,1,,,,,,,1/9/2007,2103,07-00145,RUSSELL BLVD,EISENHOWER ST,,,22103 VC,broadside,2,,,,,,,,,Other Motor Vehicle,,No Pedestrians Involved,,
,,,,,,,,,,,,,,,1,,,,,,,,,1/10/2007,1824,07-00158,RICHARDS BLVD,,170 FEET SOUTH OF OLIVE DR,,22350 VC,rear end,1,,,,,,,,,Other Motor Vehicle,,No Pedestrians Involved,,
,,,,,,,,1,,,,,,,,,,,1,1,,,,1/12/2007,906,07-00194,B ST,,150 FEET SOUTH OF 3RD ST,,21801(A) VC,broadside,,,,,,,,,,Other Motor Vehicle,,No Pedestrians Involved,,
,1,,1,,,,,,,,,,,,,,,,,,,,,1/12/2007,1150,07-00204,SYCAMORE LN,BUCKNELL DR,,,21801(A) VC,other,1,1.0,,,,,AUTO VS. BIKE,,,Bicycle,,No Pedestrians Involved,,
,,,1,,,,,,,,,,,,,,,,,,,,,1/12/2007,1817,07-00209,COVELL BLVD,OAK AVE,,,,rear end,1,,,,,,,,,Other Motor Vehicle,,No Pedestrians Involved,,
1,,,,,,,,1,,,,,,,,,,,1,1,,,,1/12/2007,2007,07-00210,B ST,2ND ST,,,21950(A) VC,vehicle-pedestrian,1,,,,1.0,,,,,Pedestrian,,Crossing in Crosswalk at Intersection,,
,1,,,,,,1,,,,,,,,,1,,,,,,,,1/12/2007,2134,07-00214,EAST EIGHTH ST,,50 FEET WEST OF POLE LINE RD,,21201(D)(1) VC,other,1,1.0,,,,,AUTO VS. BIKE,,,Bicycle,,No Pedestrians Involved,,
,,,,,,,,,,,,1,1,,,,,,,,,,,1/16/2007,154,07-00261,ANDERSON RD,,36 FEET SOUTH OF W COVELL BLVD,,23152(A)(B)VC,rear end,1,,,,,,,,,Other Motor Vehicle,,No Pedestrians Involved,,
1,,,,,,,,,,,,,,1,,,,,,,,,,1/16/2007,840,07-00271,L ST,CLAREMONT DR,,,22107,vehicle-pedestrian,1,,,,1.0,,,,,Pedestrian,,Crossing - Not in Crosswalk,,
,,,,,1,,,,,,,,,,,,,,,,,,,1/16/2007,1509,07-00272,MACE BLVD,SECOND ST,,,22350 VC,rear end,1,,,,,,,,,Other Motor Vehicle,,No Pedestrians Involved,,
,,,,,,,,,,,,,,,,,,,,,,,,1/17/2007,1236,07-00290,OAK AVE,ANTIOCH DR,,,22350 VC,rear end,,,,,,,,,,Other Motor Vehicle,,No Pedestrians Involved,,
,,,,,,1,,,,,,,,,,,,,1,,1,,,1/18/2007,1138,07-00305,5TH ST,G ST,,,22107 VC,hit object,,,,,,,,,,Fixed Object,TRAFFIC SIGNALS,No Pedestrians Involved,,
,,,,,,1,,,,,,,,,,,,,1,,1,,,1/18/2007,1525,07-00310,FIFTH ST,E ST,,,21802(a) VC,broadside,2,,,,,,,,,Other Motor Vehicle,,No Pedestrians Involved,,
,,,,,,,,,,,,,,,,,,,,,,,,1/18/2007,1708,07-00313,COVELL BLVD,,DENALI DR,,22350 VC,rear end,1,,,,,,,,,Other Motor Vehicle,,No Pedestrians Involved,,
,,,,,,1,,,,,,,,,,,,,,,,1,,1/19/2007,1835,07-00338,FIFTH ST,J ST,,,21802(A) CVC,broadside,,,,,,,,,,Other Motor Vehicle,,No Pedestrians Involved,,
,,,,,,,,,,,,,,,,,,,,,,,,1/23/2007,1825,07-00435,MACE BLVD,COWELL BLVD,,,21453(A) VC,broadside,2,,,,,,,,,Other Motor Vehicle,,No Pedestrians Involved,,
,,,,,,1,,,,,,,,,,,,,1,,1,,,1/23/2007,1925,07-00436,E ST,,160 FEET SOUTH OF 5TH ST,,22350 VC,head on,,,,,,,,,,Parked Motor Vehicle,,No Pedestrians Involved,,
1,,,,,,,,,,,,,,,,,,,,,,,,1/25/2007,1810,07-00471,COVELL BLVD,,JOHN JONES BLVD,,21453 (A) VC,vehicle-pedestrian,1,,,,1.0,,,,,Pedestrian,,Crossing in Crosswalk - Not in Intersection,,
,,,,,,,,,,,,,,,,,,,,,,,,1/26/2007,1704,07-00488,JOHN JONES RD,,20 FEET NORTH OF COVELL BLVD,,22350 VC,rear end,,,,,,,,,,Other Motor Vehicle,,No Pedestrians Involved,,
,,,,,,,,,,,,,,,,,,,,,,,,1/28/2007,420,07-00515,RUSSELL BLVD,,81 FEET WEST OF SYCAMORE LANE,,22350 VC,head on,,,,,,,,,,Parked Motor Vehicle,,No Pedestrians Involved,,
,,1,1,,,,,,,,,,,,,,,,,,,,,1/29/2007,940,07-00547,LOYOLA DR,,200 FEET WEST OF REGIS,,21750 VC,side swipe,1,,,,,,,,,Other Motor Vehicle,,No Pedestrians Involved,,
,,,,,,,,,,,,,,,,,,,,,,,,1/31/2007,1523,07-00565,MANZANITA LN,,200 FEET SOUTH OF TEMPLE DR,,22107 CVC,rear end,1,,,,,,,,,Parked Motor Vehicle,,No Pedestrians Involved,,
,,,,1,,,,,,,,,,,,,,,,,,,,1/31/2007,2059,07-00574,RICHARDS BLVD,,168 FEET SOUTH OF FIRST STREET,,23152(B) VC,head on,,,,,,,,,,Other Motor Vehicle,,No Pedestrians Involved,,
,,,,,,,,,1,,,,,1,,,,,,,,,,1/23/2007,0,07-00586,EAST COVELL BLVD,,60 FEET EAST OF F ST,,22350 VC,rear end,3,,,,,,,,,Other Motor Vehicle,,No Pedestrians Involved,,
,,,,,,,,,,,,,,,,,,,,,1,,,2/1/2007,900,07-00587,7TH ST,,110 FEET WEST OF C ST,,,side swipe,,,,,,,,,,Parked Motor Vehicle,,No Pedestrians Involved,,
,1,1,1,,,,,,,,,,,,,,,,,,,,,1/22/2007,815,07-00602,W 14TH ST,OAK AVE,,,21802 (A) VC,other,1,1.0,,,,,AUTO V. BIKE,,,Bicycle,,No Pedestrians Involved,,
,,,1,,,,,,,,,,1,,,,,,,,,,,2/2/2007,1540,07-00604, ANDERSON RD.,,30 FT. NORTH OF RUTGERS DR.,,22350 cvc,rear end,1,,,,,,,,,Other Motor Vehicle,,No Pedestrians Involved,,
,,,,,,1,,,,,,,,,,,,,,1,,,1,2/3/2007,151,07-00609,RUSSELL BLVD,,24 FEET WEST OF A ST,,23152(A) CV,hit object,,,,,,,,,,Fixed Object,LIGHT POLE #C373,No Pedestrians Involved,,
,,,,,,,,,,,,,,,,1,,,,,,,,2/4/2007,1432,07-00630,POLE LINE RD,,500 FEET SOUTH OF MOORE BLVD,,22106 CVC,broadside,1,,,,,,,,,Other Motor Vehicle,,No Pedestrians Involved,,
,,,,,,,,,,,1,,,,,,,,,,,,,2/5/2007,1509,07-00639,WEST COVELL BLVD,SYCAMORE LN,,,21453(A) VC,broadside,1,,,,,,,,,Other Motor Vehicle,,No Pedestrians Involved,,
,,,,,,,,,,,,1,,,,,,,,,,,,2/6/2007,2007,07-00661,ANDERSON RD,,7 FEET NORTH OF ALVARADO AVE,,22350 VC,hit object,,,,,,,,,,Fixed Object,TREE,No Pedestrians Involved,,
,,,,,,,,,,,,,1,,,,,,,,,,,2/8/2007,1330,07-00694,ANDERSON RD,RUSSELL BLVD,,,22350 VC,rear end,,,,,,,,,,Other Motor Vehicle,,No Pedestrians Involved,,
,,,,,,1,,,,,,,,,,,,,1,,1,,,2/8/2007,1549,07-00700,5TH,G STREET,,,22350,rear end,1,,,,,,,,,Other Motor Vehicle,,No Pedestrians Involved,,
,,,,,,,,,,,,,,,,,,,,,,1,,2/8/2007,1804,07-00703,THIRD ST,I ST,,,21802(A) CVC,broadside,,,,,,,,,,Other Motor Vehicle,,No Pedestrians Involved,,
,,,1,,,,,,,,,,,,,,,,,,,,,2/9/2007,1238,07-00715,OAK AVE,,25 FEET SOUTH OF COVELL BLVD,,22107,head on,1,,,,,,,,,Other Motor Vehicle,,No Pedestrians Involved,,
,,,,1,,,,,,,,,,,,,,,,,,,,2/13/2007,1300,07-00791,RICHARDS BLVD,,300 FEET SOUTH OF FIRST ST,,21703 VC,rear end,,,,,,,,,,Other Motor Vehicle,,No Pedestrians Involved,,
,,,,,,,,,,,,,,,,,,,1,,,,,2/15/2007,1254,07-00833,THIRD STREET,C STREET,,,21802(A) cvc,broadside,,,,,,,,,,Other Motor Vehicle,,No Pedestrians Involved,,
,,,,,,,,,,,,,,,,,,,,,,,,2/15/2007,1915,07-00838,MACE BLVD,CHILES RD,,,21453(C) VC ,broadside,1,,,,,,,,,Other Motor Vehicle,,No Pedestrians Involved,,
,,,,,,1,,,1,,,,,,,,,,1,,1,,,2/16/2007,1540,07-00858,F ST,5TH ST,,,22350 VC,rear end,,,,,,,,,,Other Motor Vehicle,,No Pedestrians Involved,,
,,,,,,,,,,,,,,,,,,,,,,,,2/18/2007,115,07-00883,SYCAMORE LN,,25 FEET NORTH OF RUSSELL BLVD,,22106 VC,other,,,,,,,BACKING,,,Other Motor Vehicle,,No Pedestrians Involved,,
,,,,,,,,,,,,,,1,,,,,,,,,,2/20/2007,1921,07-00930,COVELL BLVD,,100 FEET WEST OF BAYWOOD LANE,,22350 VC,head on,,,,,,,,,,Other Object,"TREE, WATER PIPE",No Pedestrians Involved,,
,,,,,,,,,,,,,,,,,,,,,,,,2/26/2007,1545,07-01013,731 J ST,,100 FEET SOUTH OF PENNSYLVANIA AVE,,22350 VC,side swipe,,,,,,,,,,Parked Motor Vehicle,,No Pedestrians Involved,,
,,,,,,,,,,,,,,,,,,,,,,,,2/27/2007,736,07-01055,W COVELL BLVD,,80 FEET WEST OF SHASTA DR,,22350 VC,rear end,,,,,,,,,,Other Motor Vehicle,,No Pedestrians Involved,,
,,,,,,,,,,,,,,,,,,,,,,,,2/27/2007,1941,07-01073,CHILES RD,MACE BL,,,21453(a) CVC,broadside,,,,,,,,,,Other Motor Vehicle,,No Pedestrians Involved,,
,,,,,,,,,,,,,,,,,1,,,,,,,2/28/2007,1620,07-01084,RUSSELL BLVD,HWY 113,,,22350 VC,side swipe,,,,,,,,,,Fixed Object,TRAFFIC LIGHT POLE,No Pedestrians Involved,,
,1,,,,,,,,,,,,,,,,,,,,,,,3/1/2007,2335,07-01099,RUSSELL BLVD,SYCAMORE LN,,,21453(A) VC,other,2,2.0,,,,,VEHICLE VS. BIKE,,,Bicycle,,No Pedestrians Involved,,
,,,,,,,,,1,,,,,,,,,,,,1,,,3/2/2007,1207,07-01106,F ST,6TH ST,,,22450 (A) VC,broadside,,,,,,,,,,Other Motor Vehicle,,No Pedestrians Involved,,
,,,,,,,,,,,,,1,,,,,,,,,,,3/2/2007,2054,07-01114,ANDERSON RD,RADCLIFFE DR,,,21801(A) VC,broadside,2,,,,,,,,,Other Motor Vehicle,,No Pedestrians Involved,,
,,,,,,,,,,1,,,,,,,,,,,,,,3/3/2007,0,07-01127,CRANBROOK,,100 FEET WEST OF J ST,,,side swipe,,,,,,,,,,Parked Motor Vehicle,,No Pedestrians Involved,,
,,,,,,,,,,,,,,,,,,,,,,,,3/4/2007,1240,07-01143,WAKE FOREST DR,,400 FEET WEST OF SYCAMORE LANE,,22350,broadside,1,,,,,,,,,Parked Motor Vehicle,,No Pedestrians Involved,,
,1,,,,,,,1,,,,,,,,,,,1,1,,,,3/5/2007,1300,07-01151,B ST,,10 FEET NORTH OF 2ND ST,,22101(D) VC,broadside,1,1.0,,,,,,,,Bicycle,,No Pedestrians Involved,,
,1,,,,,,,,,,,,,,,,,,,,1,,,3/5/2007,1538,07-01153,7TH ST,,21 FEET WEST OF D ST,,,other,1,1.0,,,,,SOLO BICYCLE,,,Non-collision,,No Pedestrians Involved,,
,,,,,,,,,,,,,,,,,,,,,,,,3/6/2007,2500,07-01161,JAVIER PL,,130 FEET WEST OF TULIP LN,,,side swipe,,,,,,,,,,Parked Motor Vehicle,,No Pedestrians Involved,,
,,,,,1,,,,,,,,,,,,,,,,,,,3/6/2007,1708,07-01168,2ND ST,CANTRILL DR,,,22107 VC,hit object,,,,,,,,,,Fixed Object,"CURB, POLE",No Pedestrians Involved,,
,1,,,,,,,,,,,,,,,,,,,,,,,3/7/2007,731,07-01175,COWELL BLVD,,200 FEET EAST OF ENSENADA DR,,21804(A) VC,broadside,1,1.0,,,,,,,,Bicycle,,No Pedestrians Involved,,
,,,,,,,,,,,,,,,,,,,,,,,,3/7/2007,835,07-01176,RUSSELL BLVD,,150 FEET WEST OF SYCAMORE LN,,22107,side swipe,,,,,,,,,,Parked Motor Vehicle,,No Pedestrians Involved,,
,,,,,,,,,,,,1,,,,,,,,,,,,3/7/2007,2125,07-01192,ANDERSON RD,,27 FEET SOUTH OF ALVARADO AVE,,23152 VC,rear end,4,,,,,,,,,Other Motor Vehicle,,No Pedestrians Involved,,
,,,,,,1,,1,,,,,,,,,,,1,,1,,,3/10/2007,902,07-01252,FIFTH STREET,B STREET,,,21453a VC,broadside,1,,,,,,,,,Other Motor Vehicle,,No Pedestrians Involved,,
1,,,,,,,,,,,,,,,,,,,1,,,,,3/11/2007,1833,07-01263,F ST,4TH ST,,,21950(A) VC,vehicle-pedestrian,1,,,,1.0,,,,,Pedestrian,,Crossing in Crosswalk at Intersection,,
,,,,,,,,,,,,,,,,,,,1,,,,,3/11/2007,1247,07-01268,3RD ST,,50 FEET EAST OF D ST,,22106 CVC,broadside,,,,,,,,,,Parked Motor Vehicle,,Not in Road,,
,,,,,1,,,,,,,,,,,,,,,,,,,3/12/2007,2305,07-01286,MACE BLVD,,141 FEET NORTH OF SECOND ST,,23152(A) CVC,head on,,,,,,,,,,Other Motor Vehicle,,No Pedestrians Involved,,
,,,,,,,,,1,,,,,,,,,,,,,,,3/13/2007,1524,07-01294,F ST,,45 FEET SOUTH OF 8TH ST,,22350 VC,rear end,1,,,,,,,,,Other Motor Vehicle,,No Pedestrians Involved,,
,1,,1,,,,1,,,,,,,,,,,,,,,,,3/13/2007,1815,07-01300,E 8TH ST,CHESTNUT LN,,,21801(A) VC,other,,,,,,,AUTO VS. BIKE,,,Bicycle,,No Pedestrians Involved,,
,,,,,,,,,,,,,,1,,,,,,,,,,3/14/2007,2205,07-01332,COVELL BLVD,,300 FEET EAST OF L ST,,21804(A) VC,rear end,1,,,,,,,,,Other Motor Vehicle,,No Pedestrians Involved,,
,,,1,,,,,,1,,,,,1,,,,,,,,,,3/15/2007,215,07-01343,COVELL BLVD,F ST,,,22350,hit object,,,,,,,,,,Fixed Object,CURB,No Pedestrians Involved,,