Ped,Bike,Bike Loop,School Area,1st St,E 2nd St,5th St,8th St,B St,F St,J St N,North Sycamore,North Anderson,North Anderson,East Covell,Olive Drive,Pole Line,West Russell,Russell,Downtown,University Rice,Old North,Old East,A St,DATE,TIME,REPORT,STREET 1,STREET 2,DISTANCE,DIRECTION,PRIMARY CAUSE,COLLISION TYPE,INJURY,Bike,5 Year Bike,5 Year  Ped,Ped,FATAL,TYPE OF COLLISION,VEHICLE 1,VEHICLE 2,INVOLVED WITH,OBJECT HIT,PEDESTRIAN ACTION,TRAFFIC CONTROL DEVICES,NOTES
,,,,,,,,,,,,1,,,,,,,,,,,,3/15/2007,2000,07-01355,ANDERSON RD,BARCELONA AVE,,,22350 VC,hit object,,,,,,,,,,Fixed Object,SIGN POST,No Pedestrians Involved,,
,,,,,,1,,,,,,,,,,,,,1,,1,,,3/16/2007,1327,07-01365,5TH ST,G ST,,,22107 VC,hit object,,,,,,,,,,Fixed Object,TRAFFIC SIGNALS,No Pedestrians Involved,,
,,,,,1,,,,,,,,,,,,,,,,,,,3/21/2007,1748,07-01450,MACE BLVD,,.2 MILES SOUTH OF SECOND ST,,21453(A) VC,broadside,,,,,,,,,,Motor Vehicle on other roadway,,No Pedestrians Involved,,
,,,,,,,,,,,,,,,,,,,1,,,,,3/23/2007,208,07-01477,G ST,,30 FEET NORTH OF 2ND ST,,22106 VC,broadside,,,,,,,,,,Other Motor Vehicle,,No Pedestrians Involved,,
,,,,,,,,,,,,,,,,,,,,,,,,3/23/2007,931,07-01481,COVELL BLVD,RISLING CT,,,21453(C) VC,broadside,1,,,,,,,,,Other Motor Vehicle,,No Pedestrians Involved,,
,,,,,,,,,,,,,,,,,,,,,,,,3/24/2007,2053,07-01510,MOORE BLVD,ROCKWELL DR,,,23152(A) CVC,hit object,,,,,,,,,,Fixed Object,CURB BARRIER,No Pedestrians Involved,,
,,,,,,1,,,,,,,,,,,,,,1,,,1,3/25/2007,200,07-01514,RUSSELL BLVD,A ST,,,23152(A) CVC,hit object,,,,,,,,,,Fixed Object,LIGHT POLE,No Pedestrians Involved,,
,,,,,,,,,,,,,,,,,,,,,,,,3/28/2007,824,07-01569,ADAMS TERRACE,,100 FEET EAST OF ARTHUR DR,,,side swipe,,,,,,,,,,Parked Motor Vehicle,,No Pedestrians Involved,,
,,,1,,,,1,,,,,,,,,,,,,,,,,3/28/2007,1835,07-01599,EAST 8TH ST,L ST,,,21453(a),broadside,2,,,,,,,,,Other Motor Vehicle,,No Pedestrians Involved,,
,1,1,,,,,,1,,,,,,,,,,,,,,,,3/29/2007,1521,07-01619,B ST,11TH ST,,,22107,other,1,1.0,,,,,AUTO V. BIKE,,,Bicycle,,No Pedestrians Involved,,
,1,,,,,,,,,,,,,,,,,,,,,,,3/29/2007,1811,07-01626,S/B SR113 OFF RAMP,,2 FEET NORTH OF WEST COVELL BLVD,,21453(A0 VC,other,,,,,,,AUTO VS BIKE,,,Bicycle,,No Pedestrians Involved,,
,,,,,,,1,1,,,,,,,,,,,,,,,1,3/29/2007,1850,07-01627,B STREET,EAST EIGHTH ST,,,21801(A) VC,broadside,,,,,,,,,,Other Motor Vehicle,,No Pedestrians Involved,,
,,,,,,,,,,,,,,,,,,,,,,1,,3/30/2007,1522,07-01649,FOURTH ST,J ST,,,22450(A) VC,broadside,1,,,,,,,,,Other Motor Vehicle,,No Pedestrians Involved,,
,,,,,,1,,,,,,,,,,,,,,,,1,,3/30/2007,1700,07-01652,5TH ST,K ST,,,21802(A) ,broadside,1,,,,,,,,,Other Motor Vehicle,,No Pedestrians Involved,,
,,,,,,,,,,,,,,,,1,,,,,,,,4/1/2007,1558,07-01683,619 POLE LINE RD,,,,,broadside,1,,,,,,,,,Parked Motor Vehicle,,No Pedestrians Involved,,PRIVATE PROPERTY
,1,,,,,,,,,,,,,,,,,,,1,,,,4/1/2007,2039,07-01687,A ST,,50 FEET NORTH OF 3RD ST,,22107,other,1,1.0,,,,,SOLO BIKE,,,Fixed Object,ROADSIDE CURB,No Pedestrians Involved,,
,,,,,,,,,,,,,,,,,,,,,,1,,4/2/2007,1225,07-01698,4TH ST,J ST,,,21802(A) VC,broadside,,,,,,,,,,Other Motor Vehicle,,No Pedestrians Involved,,
,,,,,,,,,,,,,,,,,,,,,,,,4/2/2007,1317,07-01700,W COVELL BLVD,,20 FEET EAST OF S/R 113 N/B,,22350 VC,rear end,1,,,,,,,,,Other Motor Vehicle,,No Pedestrians Involved,,
,,,1,,,,,,,,,,,,,,,,,,,,,4/2/2007,2035,07-01714,LILLARD DR,DRUMMOND AVE,,,,broadside,2,,,,,,,,,Other Motor Vehicle,,No Pedestrians Involved,,
,,,,,,,,1,,,,,,,,,,,1,1,,,,4/3/2007,1500,07-01722,B ST,,130 FEET SOUTH OF 4TH ST,,22107,rear end,,,,,,,,,,Parked Motor Vehicle,,No Pedestrians Involved,,
,,,,,,1,,,,,,,,,,,,,,,,1,,4/3/2007,1730,07-01729,5TH ST,L ST,,,22107,hit object,,,,,,,,,,Fixed Object,TRAFFIC SIGNALS,No Pedestrians Involved,,
,,,,,,,,,,,,,,,,,,,,,,,,4/4/2007,1546,07-01743,ARTHUR ST,BURR ST,,,21801(A) VC,head on,3,,,,,,,,,Other Motor Vehicle,,No Pedestrians Involved,,
,,,,1,,,,,,,,,,,,,,,,1,,,,4/5/2007,1958,07-01780,FIRST ST,,400 FEET WEST OF B ST,,22350 VC,rear end,,,,,,,,,,Other Motor Vehicle,,No Pedestrians Involved,,
,,,1,,,,,,,1,,,,,,,,,,,,,,4/6/2007,1727,07-01822,J ST,,500 FEET SOUTH OF MENLO,,21650 VC,side swipe,,,,,,,,,,Other Motor Vehicle,,No Pedestrians Involved,,
,,,,,,,,,,,,,,,,1,,,,,,,,4/9/2007,23,07-01853,POLE LINE RD,,387 FEET NORTH OF COWELL BLVD,,,other,1,,,,,,PASSENGER FELL FROM VEH,,,Non-collision,,No Pedestrians Involved,,
,1,,,,,,,,,,1,,,,,,,,,,,,,4/9/2007,1630,07-01862,COVELL BLVD,,SYCAMORE LN,,21451 (A) VC,other,,,,,,,AUTO VS. BIKE,,,Bicycle,,No Pedestrians Involved,,
,,,,,,,1,,,,,,,,,,,,,,,,,4/12/2007,1824,07-01919,WEST 8TH ST,OAK AVE,,,21453(A) VC,broadside,1,,,,,,,,,Other Motor Vehicle,,No Pedestrians Involved,,
,,,,,,,,,,,,,,,,,,,,,,,,4/13/2007,2316,07-01946,COVELL BLVD,SHASTA BLVD,,,21453(C),head on,,,,,,,,,,Other Motor Vehicle,,No Pedestrians Involved,,
,,,,,,,,,,,,,,,,,1,,,,,,,4/14/2007,1750,07-01982,RUSSELL BLVD,ARTHUR ST,,,,rear end,,,,,,,,,,Other Motor Vehicle,,Crossing in Crosswalk at Intersection,,
,,,,,,,,,,,,,,,,,,,1,,,,,4/14/2007,2100,07-01988,C ST,,210 FEET NORTH OF THIRD STREET,,22106 CVC,rear end,,,,,,,,,,Parked Motor Vehicle,,No Pedestrians Involved,,
,,,,,,,,,,,,,,,,,,,,,,,,4/13/2007,2100,07-02013,RADCLIFF DR,,100 FEET WEST OF HOLLY LN,,,side swipe,,,,,,,,,,Parked Motor Vehicle,,No Pedestrians Involved,,
,,,,,,,,,,,,,,,,1,,,,,,,,4/16/2007,1641,07-02045,POLELINE RD,,300 FEET NORTH OF 5TH ST,,22350,rear end,1,,,,,,,,,Other Motor Vehicle,,No Pedestrians Involved,,
,,,,,,,,,,,,,,,,,,,,,,,,4/15/2007,1600,07-02046,PORTOLA ST,,4 FEET NORTH OF RIO GRANDE,,,broadside,,,,,,,,,,Parked Motor Vehicle,,No Pedestrians Involved,,
,,,,,,,,,,,,,,1,,,,,,,,,,4/16/2007,2325,07-02050,COVELL BLVD,,58 FEET E OF L ST,,23152(A),hit object,2,,,,,,,,,Fixed Object,"CURB, TREE",No Pedestrians Involved,,
,,,,,,,,,,,,,,,,,,,,,,,,4/19/2007,1628,07-02112,RICHARDS BLVD,,100 FEET SOUTH OF I-80,,22350 VC,rear end,,,,,,,,,,Other Motor Vehicle,,No Pedestrians Involved,,
,,,,,,,,,,,,,1,,,,,,,,,,,4/21/2007,2500,07-02159,RADCLIFFE DR,,10 FEET EAST OF ANDERSON RD,,,side swipe,,,,,,,,,,Parked Motor Vehicle,,No Pedestrians Involved,,
,,,,,,,,,,,,,,,,,,,,,,,,4/24/2007,1050,07-02200,W COVELL BLVD,S/R 113 SOUTH BOUND ON/OFF RAMP,,,21453(A) ,head on,,,,,,,,,,Other Motor Vehicle,,No Pedestrians Involved,,
,,,,,,,,,,,,,,,,,,,,,,1,,4/27/2007,1135,07-02252,3RD ST,I ST,,,21802(A) VC,broadside,,,,,,,,,,Other Motor Vehicle,,No Pedestrians Involved,,
,,,,,,,,,1,,,,,,,,,,1,,,,,4/27/2007,2220,07-02261,F ST,,100 FEET NORTH OF FOURTH ST,,,side swipe,,,,,,,,,,Other Motor Vehicle,,No Pedestrians Involved,,
,,,,,,,,,,,,,,,,,,,,,,,,4/27/2007,2217,07-02262,2612 SYRACUSE CT,,,,22106 VC,broadside,,,,,,,,,,Parked Motor Vehicle,,No Pedestrians Involved,,
,,,,,,,,,,,,,,1,,,,,,,,,,4/30/2007,1053,07-02303,EAST COVELL BLVD,,296 FEET WEST OF L ST,,22350 VC,rear end,,,,,,,,,,Other Motor Vehicle,,No Pedestrians Involved,,
,1,,,,,,,,,1,,,,,,,,,,,,,,4/30/2007,1536,07-02311,J ST,,68 FEET NORTH OF COLUMBIA,,,other,1,1.0,,,,,AUTO VS. BIKE,,,Parked Motor Vehicle,,No Pedestrians Involved,,
1,,,,,,,,,,,,,1,,,,,,,,,,,5/1/2007,2145,07-02328,LA RUE RD,RUSSELL BLVD,,,,vehicle-pedestrian,1,,,,1.0,,,,,Pedestrian,,Crossing in Crosswalk at Intersection,,
,,,,,,,,,,,,,,,,,,,,,,,,5/2/2007,1558,07-02337,LAKE BLVD,,120 FEET NORTH OF SALEM AVE,,22107 VC,rear end,,,,,,,,,,Parked Motor Vehicle,,No Pedestrians Involved,,
,,,,,,,,,,,,,,,,,,,,,,,,5/3/2007,1744,07-02360,SHASTA DR,COVELL BLVD,,,22350 VC,rear end,1,,,,,,,,,Other Motor Vehicle,,No Pedestrians Involved,,
,,,,,,,,,,,,,,,1,,,,,,,,,5/7/2007,1600,07-02437,RICHARDS BLVD,,40 FEET SOUTH OF EAST OLIVE DR,,22106 VC,hit object,,,,,,,,,,Fixed Object,6' METAL POLE,No Pedestrians Involved,,
,,,,,,,,,,,,,,,,,1,,,,,,,5/8/2007,513,07-02443,W COVELL BLVD,,.15 MILES EAST OF S/R 113 NORTH BOUND OFF RAMP,,,broadside,4,,,,,,,,,Fixed Object,LIGHT POLE,No Pedestrians Involved,,
,,,,,,,,,,,,,,,,,1,,,,,,,5/8/2007,1927,07-02456,RUSSELL BLVD,,1068 FEET WEST OF PORTAGE WAY EAST,,22350 VC,rear end,1,,,,,,,,,Other Motor Vehicle,,No Pedestrians Involved,,
,1,,,,,,,,,,,,,,,1,,,,,,,,5/10/2007,740,07-02474,POLE LINE RD,FIFTH ST,,,,other,1,1.0,,,,,SOLO BIKE,,,Fixed Object,CURB,No Pedestrians Involved,,
,1,,,,,,,,,,,,,,,,,,,,,,,5/10/2007,1323,07-02482,RUSSELL BLVD,OAK AVE,,,21801(A) VC,other,1,1.0,,,,,AUTO VS. BIKE,,,Bicycle,,No Pedestrians Involved,,
,,,,1,,,,1,,,,,,,,,,,1,1,,,,5/10/2007,2105,07-02491,FIRST ST,B ST,,,22107 CVC,hit object,,,,,,,,,,Fixed Object,POWER POLE,No Pedestrians Involved,,
,,,,,,,,,,,,,,1,,,,,,,,,,5/11/2007,1840,07-02520,E COVELL BLVD,,2000 FEET EAST OF COUNTY RD 104,,,hit object,,,,,,,,,,Fixed Object,CHAIN LINK FENCE,No Pedestrians Involved,,
,,,,,,,,,,,,,,,,,,,,,,,,5/11/2007,2208,07-02521,MACE BLVD,COVELL BLVD,,,21453(A) ,broadside,1,,,,,,,,,Other Motor Vehicle,,No Pedestrians Involved,,
,,,,,,,,,,,,,,,,,,,,,,1,,5/12/2007,0,07-02532,L ST,,200 FEET NORTH OF THIRD ST,,,side swipe,,,,,,,,,,Parked Motor Vehicle,,No Pedestrians Involved,,
,,,,,,,,,,,,,,,,,,,,,1,,,5/12/2007,1115,07-02536,6TH ST,,300 FEET EAST OF G ST,,22350 VC,side swipe,,,,,,,,,,Parked Motor Vehicle,,No Pedestrians Involved,,
,,,,,,,,,,,,,,,,,,,,,,,,5/13/2007,1623,07-02564,RUSSELL BLVD,,4 FEET WEST OF OAK AVE,,21801(A),broadside,,,,,,,,,,Motor Vehicle on other roadway,,No Pedestrians Involved,,
,,,,,,,,,,,,,,,,,,,,,,,,5/14/2007,822,07-02568,CHILES RD,,200 FEET EAST OF MACE BLVD,,22107 VC,rear end,,,,,,,,,,Parked Motor Vehicle,,No Pedestrians Involved,,
,,,,,,,,,,,,,,,,,,,,,,,,5/15/2007,1525,07-02589,BIDWELL ST,,150 FEET NORTH OF FREMONT CT,,22350 VC,rear end,1,,,,,,,,,Parked Motor Vehicle,,No Pedestrians Involved,,
,,,,,,,,,,,,,,,,,,,,,,,,5/15/2007,1500,07-02595,WEST COVELL BLVD,SR-113,,,,rear end,2,,,,,,,,,Other Motor Vehicle,,No Pedestrians Involved,,
,,,,,,,,,,,,,,,,1,,,,,,,,5/16/2007,250,07-02606,POLE LINE RD,,63 FEET NORTH OF LOYOLA DR,,22350 VC,hit object,,,,,,,,,,Fixed Object,RETAINING WALL,No Pedestrians Involved,,
,,,1,,,,,,,,,,,,,,,,,,,,,5/18/2007,825,07-02651,LILLARD DR,,100 FEET WEST OF EVANS CT,,22107 VC,hit object,,,,,,,,,,Fixed Object,TREE,No Pedestrians Involved,,
,,,,,,,,,,,1,,,,,,,,,,,,,5/18/2007,1130,07-02655,SYCAMORE LN,,200 FEET SOUTH OF QUAIL ST,,22106 VC,side swipe,,,,,,,,,,Other Motor Vehicle,,No Pedestrians Involved,,
,,,,,,,,,,,,,,,,,,,,,,,,5/19/2007,1325,07-02674,MACE BLVD,,187 FEET NORTH OF 2ND ST,,22350 VC,rear end,4,,,,,,,,,Other Motor Vehicle,,No Pedestrians Involved,,
,,,,,,,,,,,1,,,,,,,,,,,,,5/20/2007,1124,07-02690,SYCAMORE LANE,,100 FEET NORTH OF ALVARADO AVE,,21801(A) VC,broadside,,,,,,,,,,Other Motor Vehicle,,No Pedestrians Involved,,
,,,,,,1,,,,,,,,,,,,,1,,1,,,5/20/2007,1315,07-02693,FIFTH ST,,78 FEET EAST OF D ST PROLONGATION,,22350 VC,rear end,,,,,,,,,,Other Motor Vehicle,,No Pedestrians Involved,,
,1,,,,,,,,,,,,,,,1,,,,,,,,5/20/2007,1723,07-02695,POLE LINE,FIFTH ST,,,21650.1 VC,other,,,,,,,AUTO VS. BIKE,,,Bicycle,,No Pedestrians Involved,,
,,,,,,,,,,,,,,,,,,,,,,,,5/14/2007,822,07-02725,CHILES RD,,200 FEET EAST OF MACE BLVD,,22107 VC,side swipe,,,,,,,,,,Parked Motor Vehicle,,No Pedestrians Involved,,
,1,,1,,,,,,,,,,,,,,,,,,,,,5/22/2007,1644,07-02736,CATALINA DR,W COVELL BLVD,,,21804 (A) VC,other,1,1.0,,,,,AUTO VS. BIKE,,,Bicycle,,No Pedestrians Involved,,
,,,1,,,,,,,,,,1,,,,,,,,,,,5/24/2007,845,07-02765,ANDERSON RD,,25 FEET SOUTH OF RUTGERS,,22350 CVC,rear end,1,,,,,,,,,Other Motor Vehicle,,No Pedestrians Involved,,
,1,,,,,,,,1,,,,,,,,,,,,,,,5/24/2007,1530,07-02771,COVELL BLVD,,APPROX 300 FEET WEST OF F ST,,21650.1 VC,other,1,1.0,,,,,AUTO VS. BIKE,,,Bicycle,,No Pedestrians Involved,,
,1,,1,,,,,,,,,,,,,,,,,,,,,5/25/2007,1628,07-02785,COVELL BLVD,BIRCH LANE,,,21453(A) CVC,side swipe,1,1.0,,,,,,,,Bicycle,,No Pedestrians Involved,,
 ,1,,,,,,,,,,,1,,,,,,,,,,,,5/28/2007,1804,07-02816,ANDERSON RD,,397 FEET NORTH OF ALVARADO AVE,,22517 VC,other,1,1.0,,,,,VEH VS BIKE,,,Bicycle,,No Pedestrians Involved,,
,1,,,,,,,,,,,,,,,,,,,,,,,5/29/2007,1509,07-02828,COVELL BLVD,HWY 113 SB OFF,,,21453(B),other,1,1.0,,,,,AUTO VS. BIKE,,,Bicycle,,No Pedestrians Involved,,
,1,,,,,,,,,,,,,,,,,,,,,,,5/30/2007,917,07-02838,WEST COVELL BLVD,S/B HWY 113 OFF RAMP TO COVELL BLVD,,,21650.1 VC,other,1,1.0,,,,,SOLO BIKE,,,Non-collision,,No Pedestrians Involved,,
,,,,,,,,,,,,,,,,,,,,,,,,5/30/2007,1723,07-02853,COWELL BLVD,,300 FEET WEST OF DREW CIRCLE,,22350 CVC,rear end,4,,,,,,,,,Other Motor Vehicle,,No Pedestrians Involved,,
,,,,,,,,,,,,,,,,,,,,,,,,5/30/2007,1843,07-02856,RICHARDS BLVD,,150 FEET NORTH OF I-80 E OFF RAMP,,22350 CVC,rear end,,,,,,,,,,Other Motor Vehicle,,No Pedestrians Involved,,
,,,,,,,,,,,,,,,,,,,,,,1,,5/31/2007,1627,07-02868,FOURTH ST,J ST,,,22450(A) VC,broadside,,,,,,,,,,Other Motor Vehicle,,No Pedestrians Involved,,
,,,,,,,,,,,,,,,,,,,1,,,,,6/1/2007,1339,07-02885,E ST,,100 FEET SOUTH OF 3RD ST,,22350 CVC,rear end,,,,,,,,,,Other Motor Vehicle,,No Pedestrians Involved,,
,,,,,,1,,,,,,,,,,,,,1,,1,,,6/1/2007,1633,07-02890,5TH ST,,125 FEET EAST OF  G ST,,22310 CVC,rear end,1,,,,,,,,,Other Motor Vehicle,,No Pedestrians Involved,,
,,,,,,,,,,,,,,,,,,,1,,1,,,5/31/2007,2330,07-02891,G ST,SWEET BRIAR,,,,rear end,1,,,,,,,,,Other Motor Vehicle,,No Pedestrians Involved,,
,,,1,,,,,,1,,,,,,,,,,,,,,,6/2/2007,1157,07-02906,F STREET,,50 FEET SOUTH OF 14 TH STREET,,22350 CVC,rear end,,,,,,,,,,Other Motor Vehicle,,No Pedestrians Involved,,
,,,,,,,1,,1,,,,,,,,,,,,,,,6/4/2007,1221,07-02923,EAST EIGHTH ST,,15 FEET WEST OF F ST,,22350 VC,rear end,3,,,,,,,,,Other Motor Vehicle,,No Pedestrians Involved,,
,,,,,,,,,,,,,,,,,,,,,,,,6/4/2007,1549,07-02929,2121 COWELL BLVD,,,,,broadside,1,,,,,,,,,Other Motor Vehicle,,No Pedestrians Involved,,PRIVATE PROPERTY
,,,,,,,,,,,,,,,,1,,,,,,,,6/5/2007,704,07-02938,POLE LINE RD,FIFTH ST,,,22107 CVC,head on,,,,,,,,,,Fixed Object,TRAFFIC SIGN,No Pedestrians Involved,,
,1,,,,,,,,,,,,1,,,,,,,,,,,6/6/2007,1102,07-02945,RUSSELL BLVD,ANDERSON RD,,,21453 (B),other,1,1.0,,,,,AUTO VS. BIKE,,,Bicycle,,No Pedestrians Involved,,
,,,1,,,,,,,,,,,1,,,,,,,,,,6/8/2007,228,07-02991,E COVELL BLVD,ALHAMBRA DR,,,23152(A)(B),hit object,1,,,,,,,,,Fixed Object,CENTER MEDIAN,No Pedestrians Involved,,
,,,,,,1,,,,,,,,,,,,,1,,1,,,6/10/2007,1454,07-03035,5TH ST,,15 FEET EAST OF G ST,,22350 VC,rear end,1,,,,,,,,,Other Motor Vehicle,,No Pedestrians Involved,,
,1,,,,1,,,,,,,,,,,,,,,,,,,6/10/2007,2038,07-03038,MACE BLVD,,100 FEET SOUTH OF 2ND ST,,,other,1,1.0,,,,,SOLO BIKE,,,Fixed Object,CURB,No Pedestrians Involved,,
,,,,,,,,,,,,,,,,,,,,,,,,6/10/2007,2209,07-03039,MACE BLVD,THE ON RAMP TO MACE BLVD FROM W/B I-80,,,21461(A) VC,side swipe,2,,,,,,,,,Other Motor Vehicle,,No Pedestrians Involved,,
,,,,,1,,,,,,,,,,,,,,,,,,,6/11/2007,1850,07-03060,2ND ST,,150 FEET WEST OF KENDALL WAY,,22350 VC,rear end,1,,,,,,,,,Other Motor Vehicle,,No Pedestrians Involved,,
,,,,,,,,,,,,,,,,,,,,,,,,6/12/2007,1545,07-03077,RICHARDS BLVD,I-80 W/B OFFRAMP,,,22350 VC,rear end,,,,,,,,,,Other Motor Vehicle,,No Pedestrians Involved,,
,,,,,,,,,,,,,,,,1,,,,,,,,6/15/2007,810,07-03149,5TH ST,,20 FEET WEST OF POLE LINE RD,,22350 VC,rear end,1,,,,,,,,,Other Motor Vehicle,,No Pedestrians Involved,,
,,,,,,,,,,,,,,,1,,,,,,,,,6/15/2007,1030,07-03154,OLIVE DR,,1000 FEET EAST OF RICHARDS BLVD,,21804 (A) VC,broadside,1,,,,,,,,,Other Motor Vehicle,,No Pedestrians Involved,,
,,,,,,,,,,,,,,,,,,,,,,,,6/15/2007,1640,07-03164,COWELL BLVD,,75 FEET WEST OF RESEARCH PARK DR,,22350 CVC,rear end,1,,,,,,,,,Other Motor Vehicle,,No Pedestrians Involved,,
,,,,,,,,,,,,,,,,1,,,,,,,,6/20/2007,1715,07-03244,POLE LINE RD,,150 FEET NORTH OF S DIAMETER DR,,21804 (A) ,broadside,1,,,,,,,,,Other Motor Vehicle,,No Pedestrians Involved,,
,1,,,,,,,,,,,1,1,,,,,,,,,,,6/21/2007,1008,07-03264,COVELL BLVD,ANDERSON RD,,,21800(A) VC,other,1,1.0,,,,,AUTO VS. BIKE,,,Bicycle,,No Pedestrians Involved,,
,,,,,,,,,,,1,,,,,,,,,,,,,6/25/2007,1932,07-03351,W COVELL BLVD,SYCAMORE LANE,,,21453(A) VC,broadside,,,,,,,,,,Other Motor Vehicle,,No Pedestrians Involved,,
1,,,,,,,,,,,,,,,,,1,,,,,,,6/27/2007,830,07-03370,RUSSELL BLVD,HWY 113 S/B OFFRAMP,,,21453 (A) ,vehicle-pedestrian,1,,,,1.0,,,,,Pedestrian,,Crossing in Crosswalk at Intersection,,
,,,,,1,,,,,,,,,,,,,,,,,,,6/28/2007,627,07-03397,2ND ST,,500 FEET WEST OF MACE BLVD,,22350 VC,hit object,1,,,,,,,,,Fixed Object,CURB,No Pedestrians Involved,,
,,,,,,,,,,,,,,,,,,1,,,,,,7/2/2007,0,07-03463,RUSSELL BLVD,,250 FEET WEST OF CALIFORNIA AVE,,22107,side swipe,,,,,,,,,,Parked Motor Vehicle,,No Pedestrians Involved,,
,,,,,,,,,,,,,,,,,,,,,,,,7/4/2007,2212,07-03495,COVELL BLVD,,500 FEET WEST OF F STREET,,22350 VC,rear end,,,,,,,,,,Other Motor Vehicle,,No Pedestrians Involved,,
,,,,,,,,,,,,,,,,,,,,,,,,7/6/2007,1240,07-03527,5TH ST,SPAFFORD ST,,,21802(A) VC,broadside,,,,,,,,,,Other Motor Vehicle,,No Pedestrians Involved,,
,,,,,,,,,,,,,,,,,,,,,,,,7/6/2007,2330,07-03536,BECERRA WAY,,100 FEET SOUTH OF LA VIDA,,23152 (a) VC,hit object,,,,,,,,,,Fixed Object,CURB,No Pedestrians Involved,,
,,,,,,,,,,,,,1,,,,,,,,,,,7/7/2007,231,07-03538,705 RUSSELL BLVD,,,,UNATTENDED VEHICLE,rear end,2,,,,,,,,,Other Motor Vehicle,,No Pedestrians Involved,,
,,1,1,,,,,,,,,,1,,,,,,,,,,,7/7/2007,1523,07-03545,ANDERSON RD,VILLANOVA DR,,,21801(A) VC,broadside,1,,,,,,,,,Other Motor Vehicle,,No Pedestrians Involved,,
,1,,,,,,,,,,,,,,,,,,1,,,,,7/7/2007,51,07-03553,E ST,THIRD ST,,,,other,1,1.0,,,,,BIKE VS. AUTO,,,Bicycle,,No Pedestrians Involved,,
,,,1,,,,1,,,,,,,,,,,,,,,,,7/8/2007,2341,07-03567,8TH ST,L ST,,,23152 VC,head on,,,,,,,,,,Other Motor Vehicle,,No Pedestrians Involved,,
,,1,1,,,,,,,1,,,,,,,,,,,,,,7/9/2007,19,07-03569,J ST,DREXEL DR,,,22350 VC,hit object,,,,,,,,,,Fixed Object,CURB,No Pedestrians Involved,,
,,,,,,,,,,,,,,,1,,,,,,,,,7/11/2007,1530,07-03612,RICHARDS BLVD,,75 FEET SOUTH OF OLIVE DR,,21804(A) VC,broadside,1,,,,,,,,,Other Motor Vehicle,,No Pedestrians Involved,,
1,,,,,,,,,,,,,,,,,,,,,,,,7/16/2007,1445,07-03722,CHILES RD,,2250 FEET EAST OF EL CEMONTE AVE,,21950(B) ,vehicle-pedestrian,1,,,,1.0,,,,,Pedestrian,,Crossing - Not in Crosswalk,,
,,,1,,,,,,,,,,,,,,,,,,,,,7/16/2007,1803,07-03724,GLIDE DR,,500 FEET EAST OF EL CEMONTE AVE,,22350 VC,head on,1,,,,,,,,,Parked Motor Vehicle,,No Pedestrians Involved,,
,,,1,,,,,,,,,,,,,,,,,,,,,7/17/2007,845,07-03728,2650 LILLARD DR (PRIVATE LOT),,,,22350 VC,rear end,2,,,,,,,,,Other Motor Vehicle,,No Pedestrians Involved,,
,,,,,,,,,,,,,,,,,,,,,,,,7/17/2007,2245,07-03808,ARTHUR ST,HUMBOLT AVE,,,22107,side swipe,,,,,,,,,,Parked Motor Vehicle,,No Pedestrians Involved,,
,,,,,,1,,,,,,,,,,,,,1,,1,,,7/20/2007,1501,07-03817,FIFTH ST,E ST,,,21802(A) VC,broadside,1,,,,,,,,,Other Motor Vehicle,,No Pedestrians Involved,,
,,,,,,,,,,,,,,,,1,,,,,,,,7/20/2007,1848,07-03823,COVELL BLVD,,12 FEET WEST OF POLE LINE ROAD,,21453(B) VC,broadside,,,,,,,,,,Other Motor Vehicle,,No Pedestrians Involved,,
,,,,,,,,,,,,,,,,1,,,,,,,,7/21/2007,1614,07-03840,5TH ST,POLE LINE RD,,,22350 CVC,hit object,,,,,,,,,,Fixed Object,"""BIKE LANE ENDS"" SIGN",No Pedestrians Involved,,
,1,,1,,,,1,,,,,,,,,,,,,,,,,7/22/2007,2100,07-03864,EAST EIGHTH ST,L ST,,,22350 VC,rear end,1,1.0,,,,,,,,Bicycle,,No Pedestrians Involved,,
,,,1,,,,,,,,,,,,,,,,,,,,,7/23/2007,1308,07-03874,OAK AVE,,150 FEET NORTH OF 14TH ST,,,side swipe,,,,,,,,,,Parked Motor Vehicle,,No Pedestrians Involved,,
,,,,,1,,,,,,,,,,,,,,,,,,,7/25/2007,832,07-03897,MACE BLVD,,100 FEET NORTH OF 2ND ST,,22350 VC,rear end,,,,,,,,,,Other Motor Vehicle,,No Pedestrians Involved,,
,,,,,,,,,,,,,,,,,,,1,,,,,7/25/2007,100,07-03902,D ST,,100 FEET NORTH OF SECOND ST,,22107 VC,side swipe,,,,,,,,,,Other Motor Vehicle,,No Pedestrians Involved,,
,,,,,,,,,,,,,,1,,,,,,,,,,7/25/2007,1152,07-03903,WRIGHT BLVD,,30 FEET NORTH OF E COVELL BLVD,,22106 VC,other,1,,,,,,BACKING,,,Other Motor Vehicle,,No Pedestrians Involved,,
,,,,,,,,,,,,,,,,,,,,,,,,7/25/2007,1628,07-03910,MACE BLVD,,500 FEET WEST OF COUNTY ROAD 104,,21658 (A),head on,,,,,,,,,,Fixed Object,SCHOOL ZONE SIGN,No Pedestrians Involved,,
,,,,,,,,,,,,,,,,,,,,,,,,7/26/2007,2,07-03919,VALDORA ST,,50 FEET EAST OF WESTERN ENTRANCE TO MARIPOSA,,22350 VC,side swipe,,,,,,,,,,Parked Motor Vehicle,,No Pedestrians Involved,,
,,,,,,,,,,,,,,,,,,,1,,,,,7/28/2007,116,07-03970,H ST,,100 FEET SOUTH OF 2ND ST,,23152 A/B CVC,other,,,,,,,BACKING,,,Other Motor Vehicle,,No Pedestrians Involved,,
,,,,,,,,,,,,,,,,1,,,,,,,,7/28/2007,1624,07-03979,POLE LINE RD,,118 FEET NORTH OF HALSEY CIR,,21804(a) VC,broadside,1,,,,,1,,,,Other Motor Vehicle,,No Pedestrians Involved,,
,,,,,,,,,,,,,,,,,,,,,,1,,8/1/2007,2319,07-04054,3RD ST,K ST,,,21802(A) VC,broadside,,,,,,,,,,Other Motor Vehicle,,No Pedestrians Involved,,
,,,,,,,,,,,,,,,,,,,,,,,,8/2/2007,1105,07-04062,SHASTA DR,COVELL BLVD,,,22107 VC,head on,,,,,,,,,,Fixed Object,SIGN AND POLE,No Pedestrians Involved,,
,,,,,,,,,,,,,,,,,,,,,,,,8/4/2007,130,07-04098,RUSSELL BLVD,,3 FEET EAST OF ORCHARD PARK,,22350 CVC,hit object,,,,,,,,,,Fixed Object,TRAFFIC SIGN,No Pedestrians Involved,,
,1,,,,,,,1,,,,,,,,,,,1,1,,,,8/7/2007,1112,07-04148,3RD ST,,40 FEET EAST OF B ST,,,other,1,1.0,,,,,SOLO BICYCLE,,,Non-collision,,No Pedestrians Involved,,
,,,,,,,,,,,1,,,,,,,,,,,,,8/7/2007,1308,07-04150,COVELL BLVD,,150 FEET WEST OF SYCAMORE LN,,22350 VC,rear end,2,,,,,,,,,Other Motor Vehicle,,No Pedestrians Involved,,