Ped,Bike,Bike Loop,School Area,1st St,E 2nd St,5th St,8th St,B St,F St,J St N,North Sycamore,North Anderson,North Anderson,East Covell,Olive Drive,Pole Line,West Russell,Russell,Downtown,University Rice,Old North,Old East,A St,DATE,TIME,REPORT,STREET 1,STREET 2,DISTANCE,DIRECTION,PRIMARY CAUSE,COLLISION TYPE,INJURY,Bike,5 Year Bike,5 Year  Ped,Ped,FATAL,TYPE OF COLLISION,VEHICLE 1,VEHICLE 2,INVOLVED WITH,OBJECT HIT,PEDESTRIAN ACTION,TRAFFIC CONTROL DEVICES,NOTES
,,,,,,,,,,,,,,,,,,,,,,,,3/17/2008,1916,08-01394,RESEARCH PARK DR,,1/10 FEET NORTH OF RICHARDS BLVD,,21802(A) VC,Sideswipe,3,,,,,,,,,Other motor vehicle,,No pedestrians involved,No controls present/factor,
,,,,,,,,,,,,,,,,,1,,,,,,,3/19/2008,1456,08-01430,RUSSELL BLVD,,50 FEET EAST OF LAKE BLVD,,22350 CVC,Hit object,,,,,,,,,,Fixed object,STREET SIGNS,No pedestrians involved,No controls present/factor,
,,,,,1,,,,,,,,,,,,,,,,,,,3/19/2008,1540,08-01434,MACE BLVD,2ND ST,,,22350 CVC,Rear end,1,,,,,,,,,Other motor vehicle,,No pedestrians involved,Controls functioning,
,,1,1,,,,,,,,,,,,,,,,,,,,,3/22/2008,215,08-01482,BROWN DRIVE,,10 FEET WEST OF SYCAMORE LN,,23152(A),Hit object,,,,,,,,,,Fixed object,CONCRETE CURB,No pedestrians involved,No controls present/factor,
,,,,,,,,,,,,,,,,,,,,,,1,,3/22/2008,1605,08-01492,FOURTH ST,J ST,,,,Other,1,,,,,,,,,Non-collision,,No pedestrians involved,Controls functioning,
,1,,,,,,,,,,,,,,,,,,,,,1,,3/22/2008,1725,08-01495,THIRD ST,J ST,,,21802(A) VC,Other,1,1.0,,,,,AUTO VS. BIKE,,,Bicycle,,No pedestrians involved,Controls functioning,
,1,,,,,,,,,,,,,,,,,,1,,,,,3/25/2008,1450,08-01531,H ST,,50 FEET SOUTH OF 3RD ST,,22350 vc,Other,,,,,,,AUTO VS. BIKE,,,Bicycle,,No pedestrians involved,Controls functioning,
,1,,,,,,,,,,1,,,,,,,,,,,,,3/26/2008,1723,08-01555,SYCAMORE LN,ALVARADO AVE,,,21801(A) VC,Other,1,1.0,,,,,AUTO/BIKE,,,Bicycle,,No pedestrians involved,Controls functioning,
,,,,,,,,,,,,,,,,,,,,,,,,3/27/2008,315,08-01595,BEARDEN ST,BONNARD ST,,,23152 (A) VC,Sideswipe,,,,,,,,,,Fixed object,CURB,No pedestrians involved,Controls functioning,
,,1,1,,,,,,,1,,,,,,,,,,,,,,3/27/2008,1041,08-01598,1111 J ST,,,,23152(A),Hit object,,,,,,,,,,Fixed object,SIGN POLE,No pedestrians involved,Controls functioning,
,,,,,,,,,1,,,1,,,,,,,,,,,,3/27/2008,1136,08-01600,ANDERSON RD,,15 FEET WEST OF F ST,,22350 VC,Rear end,,,,,,,,,,Other motor vehicle,,No pedestrians involved,Controls functioning,
,,,,,,1,,,,,,,,,,,,,,1,,,1,3/28/2008,119,08-01608,FIFTH ST,,49 FEET WEST OF A ST,,23152(A),Hit object,1,,,,,,,,,Fixed object,SIGNAL POLE,No pedestrians involved,Controls functioning,
,,,,,,,,,,,,,,,,,,,,,,,,3/30/2008,2500,08-01635,WEST COVELL BLVD,LAKE BLVD,,,,Head-on,,,,,,,,,,Fixed object,STOP SIGN,No pedestrians involved,Controls functioning,
,,,,,,,,,,,,,,,,,,,,,,,,3/30/2008,1123,08-01639,EL CEMONTE AVE,,40 FEET SOUTH OF CHILES RD,,22350 VC,Head-on,3,,,,,,,,,Fixed object,TREE,No pedestrians involved,Controls functioning,
1,,,,,,1,,,,,,,,,,,,,1,,1,,,4/2/2008,1724,08-01705,5TH ST,,15 FEET WEST OF C ST,,21950 (A) VC,Vehicle/pedestrian,1,,,,1.0,,,,,Pedestrian,,Crossing in crosswalk-at intersection,Controls functioning,
,,,,,,,1,,,,,,,,,1,,,,,,,,4/4/2008,1559,08-01767,POLE LINE RD,,25 FEET NORTH OF E 8TH ST,,22350 VC,Rear end,,,,,,,,,,Other motor vehicle,,No pedestrians involved,Controls functioning,
,,,,,,,,,,,,,,,,,,,,,,,,4/5/2008,1048,08-01795,W COVELL BLVD,,200 FEET WEST OF SYCAMORE LN,,22350 VC,Rear end,1,,,,,,,,,Other motor vehicle,,No pedestrians involved,No controls present/factor,
,,,,,,,,,,,,,,,,,,,,,,,,4/5/2008,1415,08-01799,RUSSELL BLVD,OAK AVE,,,22350 VC,Rear end,,,,,,,,,,Other motor vehicle,,No pedestrians involved,Controls functioning,
,,,,,,,,,,,,,,,,,,,,,,,,4/6/2008,337,08-01805,COVELL BLVD,,199 FEET WEST OF VALDORA,,23152(A) VC,Rear end,,,,,,,,,,Other motor vehicle,,No pedestrians involved,No controls present/factor,COWELL??
,,,,,,,,,,,,,,,,,,,,,,,,4/8/2008,645,08-01855,LAKE BLVD,,.3 MILES SOUTH OF ARLINGTON RD,,21804(A) CVC,Broadside,,,,,,,,,,Other motor vehicle,,No pedestrians involved,Controls functioning,
,,,,,,,,,,,,,,,,,,,1,,,,,4/9/2008,1405,08-01929,G ST,,100 FEET NORTH OF 2ND ST,,22350 CVC,Rear end,,,,,,,,,,Parked motor vehicle,,No pedestrians involved,No controls present/factor,
,,,1,,,,,,,,,,,,,,,,,,,,,4/10/2008,1915,08-01958,DRUMMOND AVE,,60 FEET NORTH OF LILLARD DR,,22106,Other,,,,,,,BACKING,,,Parked motor vehicle,,No pedestrians involved,No controls present/factor,
1,,,1,,,,,,,,,,,,,,,,,,,,,4/11/2008,2000,08-01978,E COVELL BLVD,BIRCH LANE,,,21453 (D) VC,Vehicle/pedestrian,1,,,,1.0,,,,,Pedestrian,,Crossing in crosswalk-at intersection,Controls functioning,
,1,,,,,,,,,,,,,,,,,,1,,,,,4/14/2008,1509,08-02028,E ST,,150 FEET SOUTH OF 3RD ST,,22517 CVC,Other,1,1.0,,,,,AUTO/BIKE,,,Bicycle,,No pedestrians involved,Controls functioning,
,,,,,,1,,,,,,,,,,,,,1,,1,,,4/15/2008,1540,08-02083,D ST,5TH ST,,,21802 (A) VC,Broadside,,,,,,,,,,Other motor vehicle,,No pedestrians involved,Controls functioning,
,,,,,1,,,,,,,,,,,,,,,,,,,4/16/2008,1414,08-02107,MACE BLVD,,20 FEET SOUTH OF 2ND ST,,22350 VC,Rear end,,,,,,,,,,Other motor vehicle,,No pedestrians involved,Controls functioning,
,,,,,,,,,,,,,,,,,1,,,,,,,4/16/2008,1448,08-02108,RUSSELL BLVD,,70 FEET WEST OF EISENHOWER ST,,22350 VC,Rear end,1,,,,,,,,,Other motor vehicle,,No pedestrians involved,Controls functioning,
,,,,,,,,,,,,,1,,,,,,,,,,,4/17/2008,856,08-02127,COVELL BLVD,,300 FEET WEST OF ANDERSON RD,,22350 CVC,Rear end,1,,,,,,,,,Other motor vehicle,,No pedestrians involved,Controls functioning,
,1,,,,,,,,,,,,,,,,,,1,,,,,4/17/2008,1101,08-02131,THIRD STREET,C ST,,,22107 CVC,Other,1,1.0,,,,,NON-CONTACT VEH & BIKE,,,Non-collision,,No pedestrians involved,Controls functioning,
,,,,,,,,,,,,,,,,,,,1,,,,,4/17/2008,1045,08-02134,TIM SPENCER ALLEY,,208 FEET SOUTH OF 3RD ST,,22106 CVC,Other,,,,,,,BACKING,,,Parked motor vehicle,,No pedestrians involved,Controls functioning,
,,,,,,,,,,,,,,,,,,,,,,,,4/17/2008,1700,08-02157,ALVARADO AVE,,670 FEET EAST OF SYCAMORE LANE,,,Rear end,,,,,,,,,,Parked motor vehicle,,No pedestrians involved,No controls present/factor,
,,,,,,,,,,,,,,,,1,,,,,,,,4/18/2008,1751,08-02161,POLE LINE RD,,400 FEET SOUTH OF 5TH ST,,22350 CVC,Rear end,,,,,,,,,,Other motor vehicle,,No pedestrians involved,Controls functioning,
,,,,,,,,,,,,,,,,,,,,,,,,4/18/2008,0,08-02178,MONTE VISTA AVE,,300 FEET EAST OF LOS ROBLES ST,,22350 VC,Sideswipe,,,,,,,,,,Parked motor vehicle,,No pedestrians involved,No controls present/factor,
,,,,,,,,,,,,,,,,,,,1,,,,,4/19/2008,2035,08-02193,G ST,,160 FEET SOUTH OF 3RD ST,,22106,Other,,,,,,,BACKING,,,Parked motor vehicle,,No pedestrians involved,No controls present/factor,
,,,,,,,,,,,,,,,,,,,1,,,,,4/19/2008,1400,08-02194,G ST,,100 FEET SOUTH OF THIRD STREET,,,Sideswipe,,,,,,,,,,Parked motor vehicle,,No pedestrians involved,Controls functioning,
,,,,,,1,,,,,,,,,,,,,,,,1,,4/23/2008,1350,08-02266,5TH ST,J ST,,,22450(A) VC,Broadside,2,,,,,,,,,Other motor vehicle,,No pedestrians involved,Controls functioning,
,1,,,,,,,,,,,,,,,,,,,,,,,4/23/2008,2115,08-02277,FIFTH ST,CANTRILL DR,,,22350 VC,Other,1,1.0,,,,,SOLO BIKE,,,Non-collision,,No pedestrians involved,No controls present/factor,
,,,,,,,,,,,,,,,,,,,,,,,,4/24/2008,755,08-02281,W COVELL BLVD,SYCAMORE LN,,,22350,Rear end,1,,,,,,,,,Other motor vehicle,,No pedestrians involved,Controls functioning,
,,,,,,,1,,1,,,,,,,,,,,,,,,4/24/2008,1037,08-02284,8TH ST,F ST,,,21801 (a) VC,Head-on,2,,,,,,,,,Other motor vehicle,,No pedestrians involved,Controls functioning,
,1,,,,,,,,,,,,,,,,,,1,,,,,4/24/2008,1946,08-02295,4TH ST,,145 FEET EAST OF G ST,,21200.5 VC,Other,1,1.0,,,,,SOLO BIKE,,,Non-collision,,No pedestrians involved,No controls present/factor,
,,,,,,,,,,,,,,,,,,,,,,,,4/27/2008,2130,08-02356,BELLHAVEN PL,,100 FEET EAST OF TULIP,,,Other,,,,,,,UNKNOWN,,,Parked motor vehicle,,No pedestrians involved,No controls present/factor,
,,,,,,,,,,,,,,,,,,,,,,,,4/28/2008,1038,08-02360,COWELL BLVD,,760 FEET WEST DRUMMOND AVE,,22107,Sideswipe,,,,,,,,,,Parked motor vehicle,,No pedestrians involved,Controls functioning,
,,,,,,,,,,,,,,,,,,,,,,,,4/28/2008,630,08-02376,RUSSELL BLVD,,380 FEET EAST OF HWY 113 NB ON RAMP,,22350 VC,Rear end,,,,,,,,,,Parked motor vehicle,,No pedestrians involved,Controls functioning,
,,,,,,1,,,,,,,,,,,,,1,,1,,,4/30/2008,1821,08-02420,E ST,5TH ST,,,21802(a) vc,Broadside,1,,,,,,,,,Other motor vehicle,,No pedestrians involved,Controls functioning,
,,,,,,,,,,,,,,,,,,,,,,,,5/1/2008,1313,08-02430,RESEARCH PK,,200 FEET NORTH OF RICHARDS BLVD,,21801(A) ,Broadside,1,,,,,,,,,Other motor vehicle,,No pedestrians involved,Controls functioning,
,1,,,,,,,,,,,,,1,,,,,,,,,,5/2/2008,1748,08-02455,E COVELL BLVD,,300 FEET WEST OF WRIGHT BLVD,,,Other,1,1.0,,,,,AUTO VS. BIKE,,,Bicycle,,No pedestrians involved,No controls present/factor,
,,,,,,,,,,,,,1,,,,,,,,,,,5/3/2008,418,08-02465,RUSSELL BLVD,LA RUE RD,,,22350 CVC,Head-on,,,,,,,,,,Fixed object,CROSSWALK SIGNAL POLE & CURB,No pedestrians involved,Controls functioning,
,,,1,,,,1,,,,,,,,,,,,,,,,,5/6/2008,1150,08-02535,L ST,8TH ST,,,21801(A) VC,Head-on,,,,,,,,,,Other motor vehicle,,No pedestrians involved,Controls functioning,
,1,1,,,,,,,,,,,,,,,,,,,,,,5/7/2008,736,08-02548,PACIFIC DR,DREXEL DR,,,21801 (A) VC,Other,1,1.0,,,,,AUTO VS. BIKE,,,Bicycle,,No pedestrians involved,Controls functioning,
,,,,,,,,,,,,,,,,,,,,,,,,5/8/2008,853,08-02571,W COVELL BLVD,,20 FEEET WEST OF SR113 SB ON RAMP,,22350 VC,Rear end,1,,,,,,,,,Other motor vehicle,,No pedestrians involved,Controls functioning,
,1,,,,,,,,,,,,,,,,,,,,,,,5/8/2008,1452,08-02590,COWELL BLVD,ROOS ST,,,22100(B) VC,Other,1,1.0,,,,,BICYCLE,,,Bicycle,,No pedestrians involved,No controls present/factor,
,,,,,,,,,,,,,,,,,,,,,,,,5/10/2008,1736,08-02634,COWELL BLVD,,14 FEET WEST OF DRUMMOND AVE,,22350 VC ,Rear end,,,,,,,,,,Other motor vehicle,,No pedestrians involved,Controls functioning,
,1,,,,,1,,,,,,,,,,,,,,,,1,,5/15/2008,1049,08-02712,L ST,5TH ST,,,22350 (A) VC,Other,1,1.0,,,,,BIKE VS POLE,,,Non-collision,,No pedestrians involved,Controls functioning,
,1,,,,,1,,,,,,,,,,,,,1,,1,,,5/15/2008,1638,08-02718,FIFTH ST,,50 FEET EAST OF G ST,,21804 (A) VC,Other,1,1.0,,,,,BICYCLE VS AUTO,,,Bicycle,,No pedestrians involved,No controls present/factor,
,,,,,,,,,,,,,,,,1,,,,,,,,5/15/2008,1852,08-02719,POLE LINE RD,5TH STREET,,,22350 VC,Rear end,,,,,,,,,,Other motor vehicle,,No pedestrians involved,Controls functioning,
,,,,,,1,,,,,,,,,,,,,1,,1,,,5/16/2008,1207,08-02731,FIFTH ST,,4 FEET WEST OF E ST,,21802(A) VC,Broadside,,,,,,,,,,Other motor vehicle,,No pedestrians involved,Controls functioning,
,,,,,,,,,,,,,,,,,,,,,,,,5/17/2008,220,08-02755,VALDORA ST,BARONY PLACE,,,,Sideswipe,,,,,,,,,,Parked motor vehicle,,No pedestrians involved,Controls functioning,
,,,,,,1,,,,,,,,,,,,,1,,1,,,5/17/2008,1257,08-02762,C ST,,70 FEET SOUTH OF FIFTH ST,,22350 VC ,Broadside,,,,,,,,,,Parked motor vehicle,,No pedestrians involved,No controls present/factor,Hit 4 parked cars
,1,,,,,,,,,,,,,,,,,,,,,,,5/17/2008,2137,08-02766,PENA STREET,,69 FEET SOUTH OF FIFTH ST,,22350 CVC,Other,1,1.0,,,,,SOLO BIKE,,,Non-collision,,No pedestrians involved,No controls present/factor,
,,,1,,,,,,,,,,,,,,,,,,,,,5/18/2008,433,08-02770,GLIDE DR,,1/10TH MILE WEST OF SCHMEISER AVE,,23152 (A)(B) VC,Hit object,1,,,,,,"CURB, TREE",,,Fixed object,TREE,No pedestrians involved,No controls present/factor,
,,,,,,,,,,,,,,,,,1,,,,,,,5/19/2008,850,08-02777,RUSSELL BLVD,,550 FEET WEST OF EISENHOWER ST,,22350 VC,Rear end,,,,,,,,,,Other motor vehicle,,No pedestrians involved,Controls functioning,
,,,1,,,,,,,,,,,,,,,,,,,,,5/19/2008,1219,08-02780,OAK AVE,,200 FEET SOUTH OF SCRIPPS DR,,22107 VC,Broadside,1,,,,,,,,,Other motor vehicle,,No pedestrians involved,Controls functioning,
,,,,,,,,,,,,,1,,,,,,,,,,,5/24/2008,840,08-02868,RUSSELL BLVD,ANDERSON RD,,,21703 CVC,Rear end,,,,,,,,,,Other motor vehicle,,No pedestrians involved,Controls functioning,
,1,,,,,,,,,,,,,,,,,,,,,,,5/27/2008,1700,08-02909,ALVARADO AVE,,100 FEET WEST OF DEL RAY,,,Other,1,1.0,,,,,BIKE SOLO,,,Non-collision,,No pedestrians involved,No controls present/factor,
,1,,,,,,1,,,1,,,,,,,,,,,,,,5/28/2008,920,08-02920,E 8TH ST,,J ST,,22450 (A) VC,Other,1,1.0,,,,,AUTO VS BIKE,,,Bicycle,,No pedestrians involved,Controls functioning,
,1,,,,,,,,,,,,,,,,,,,,,,,5/28/2008,1555,08-02930,5TH ST,,250 FEET EAST OF POLE LINE RD,,22107 CVC,Other,1,1.0,,,,,AUTO VS BIKE,,,Bicycle,,No pedestrians involved,No controls present/factor,
,,,,,,,,1,,,,,,,,,,,,,1,,,5/30/2008,1532,08-02977,B ST,,65 FEET NORTH OF SEVENTH ST,,22350 VC,Rear end,,,,,,,,,,Other motor vehicle,,No pedestrians involved,No controls present/factor,
,,,,,,,,,,,,,,,,,,,,,,,,6/2/2008,1458,08-03023,MACE BLVD,I-80 WB ON/OFF RAMPS,,,21453 (A) VC,Broadside,1,,,,,,,,,Other motor vehicle,,No pedestrians involved,Controls functioning,
,1,,,,,,,,1,,,,,,,,,,,,1,,,6/2/2008,1528,08-03024,7TH ST,F ST,,,21755 VC,Sideswipe,,,,,,,,,,Bicycle,,No pedestrians involved,Controls functioning,
,,,,,,,,,,,,,,,,,,,,,,,,6/3/2008,1203,08-03035,COWELL BLVD,,10 FEET EAST OF DREW CIRCLE,,22350 VC,Rear end,1,,,,,,,,,Other motor vehicle,,No pedestrians involved,Controls functioning,
,,,,,,,,,,,,,,,,,,,,,,,,6/4/2008,830,08-03053,CHILES RD,,25 FEET EAST OF ENSENADA DR,,22350 VC,Rear end,,,,,,,,,,Other motor vehicle,,No pedestrians involved,Controls functioning,
,,,,,,,,,1,,,,,,,,,,,,,,,6/5/2008,1816,08-03111,F ST,,66 FEET NORTH OF 12TH ST,,22106 CVC,Sideswipe,1,,,,,,,,,Other motor vehicle,,No pedestrians involved,No controls present/factor,
,,,,,,,,,,,,,1,,,,,,,,,,,6/5/2008,1800,08-03112,ANDERSON RD,,234 FEET SOUTH OF WEST 8TH ST,,22350 VC,Rear end,,,,,,,,,,Other motor vehicle,,No pedestrians involved,Controls functioning,
,,,,,,,,,,,,,,,,,,,,,,,,6/5/2008,2229,08-03114,MACE BLVD,,150 FEET NORTH OF CHILES RD,,22350 VC,Hit object,,,,,,,,,,Fixed object,CENTER DIVIDER CURB,No pedestrians involved,Controls functioning,
,,,,,,,,,,,,,,,,,,,1,,,,,6/6/2008,1526,08-03135,325 E ST,,,,,,,,,,,,,,,,,,,
,,,,,,,,,,,,,,,,,,,,,,,,6/6/2008,2108,08-03142,POMONA DR,,48 FEET EAST OF N ST,,22350 VC,Rear end,2,,,,,,,,,Parked motor vehicle,,No pedestrians involved,No controls present/factor,
,,,,,,,1,,,,,,,,,1,,,,,,,,6/8/2008,1415,08-03162,POLE LINE RD,,10 FEET NORTH OF E 8TH ST,,22350,Rear end,,,,,,,,,,Other motor vehicle,,No pedestrians involved,Controls functioning,
,,,1,,,,,,,,,,,,,,,,,,,,,6/9/2008,1249,08-03181,OAK AVE,,200 FEET SOUTH OF SCRIPPS DR,,21804(A) VC,Broadside,,,,,,,,,,Other motor vehicle,,No pedestrians involved,Controls functioning,
,,,,,,1,,,,,,,,,,,,,1,,1,,,6/9/2008,1428,08-03184,5TH ST,,64 FEET WEST OF D ST,,22107 VC,Sideswipe,,,,,,,,,,Other motor vehicle,,No pedestrians involved,No controls present/factor,
,,,,,,,,,,,,,,,,,,,,,,,,6/9/2008,1407,08-03185,BARONY PL,,60 FEET EAST OF VALDORA ST,,22107,Broadside,,,,,,,,,,Other motor vehicle,,No pedestrians involved,Controls functioning,
,,,,,,,,,,,,,,,,,,1,,,,,,6/9/2008,1527,08-03187,RUSSELL BLVD,,80 FEET WEST OF CALIFORNIA BLVD,,22350 VC,Rear end,2,,,,,,,,,Other motor vehicle,,No pedestrians involved,Controls functioning,
,,,,,,,1,,,,,,,,,1,,,,,,,,6/9/2008,2023,08-03193,E 8TH ST,POLELINE RD,,,21453(a) VC,Broadside,1,,,,,,,,,Other motor vehicle,,No pedestrians involved,Controls functioning,
,,,,,,1,,,,,,,,,,,,,1,,1,,,6/10/2008,2339,08-03224,5TH STREET,C STREET,,,22350 vc,Sideswipe,,,,,,,,,,Other motor vehicle,,No pedestrians involved,No controls present/factor,
,1,,1,,,,,,1,,,,,,,,,,,,,,,6/9/2008,1000,08-03238,F ST,,200 FEET SOUTH OF COVELL BLVD,,22350 cvc,Other,1,1.0,,,,,AUTO VS BIKE,,,Bicycle,,No pedestrians involved,Controls functioning,
,1,,,,,1,,,,,,,,,,,,,1,,1,,,6/12/2008,2226,08-03275,D STREET,5TH ST,,,21200.5 VC,Other,1,1.0,,,,,SOLO BIKE,,,Non-collision,,No pedestrians involved,No controls present/factor,
,,,,,,,,,,,,,,,,,,,,,,,,6/12/2008,1700,08-03298,GRAMBLING CT,,15 FEET EAST OF MESQUITE DR,,,Broadside,,,,,,,,,,Parked motor vehicle,,No pedestrians involved,No controls present/factor,
,,,,,,,,,,,,,,,,,,,1,,,,,6/13/2008,1920,08-03299,H ST,,15 FEET SOUTH OF 3RD ST,,22106 CVC,Other,,,,,,,BACKING,,,Other motor vehicle,,No pedestrians involved,Controls functioning,
,,,,,,,,,,1,,,,,,,,,,,,,,6/14/2008,950,08-03306,J ST,CRANBROOK CT,,,21801(A) VC,Head-on,2,,,,,,,,,Other motor vehicle,,No pedestrians involved,No controls present/factor,
,1,,,,,,1,,,,,,,,,,,,,,,,,6/19/2008,1214,08-03383,E EIGHTH ST,NORTH DIAMETER DRIVE,,,22450(c) cvc,Other,1,1.0,,,,,AUTO VS BIKE,,,Bicycle,,No pedestrians involved,Controls functioning,
,,,,,,,,,,,,,,,,,,,,,,,,6/20/2008,147,08-03401,CANTRILL DR,,21 FEET SOUTH FIFTH STREET,,22350 VC,Hit object,,,,,,,CURB,,,Fixed object,,No pedestrians involved,No controls present/factor,
,,,,,,,,,,,,,,,1,,,,,,,,,6/20/2008,2340,08-03423,RICHARDS BLVD,OLIVE DR,,,22350 CVC,Rear end,,,,,,,,,,Other motor vehicle,,No pedestrians involved,Controls functioning,
,,,,,,1,,,,,,,,,,,,,1,,1,,,6/23/2008,1429,08-03446,5TH ST,,160 FEET EAST OF G ST,,22350 VC,Hit object,1,,,,,,,,,Fixed object,CURB,No pedestrians involved,Controls functioning,
,,,,,,,,,,,,,,,,,,,,,,,1,6/23/2008,1428,08-03452,RUSSELL BLVD,,70 FEET EAST OF MILLER DR,,22107 VC,Sideswipe,,,,,,,,,,Parked motor vehicle,,No pedestrians involved,Controls functioning,
,1,,,,,,,,,,,,,,1,,,,,,,,,6/24/2008,1544,08-03465,RICHARDS,OLIVE,,,21453(A) VC,Other,1,1.0,,,,,AUTO VS. BIKE,,,Bicycle,,No pedestrians involved,Controls functioning,
,,,,,,,,,,,,,,,,,,,,,,,,6/25/2008,1144,08-03483,MACE BLVD,I-80 WB OFF RAMP,,,21453 (C) VC,Broadside,,,,,,,,,,Other motor vehicle,,No pedestrians involved,Controls functioning,
,,,,,,,,,,,,,,,,,,,1,,,,,6/25/2008,1253,08-03523,3RD ST,,20 FEET EAST OF C ST,,,Rear end,,,,,,,,,,Parked motor vehicle,,No pedestrians involved,No controls present/factor,
,,,,,,,,,,,,,,,,,1,,,,,,,6/27/2008,1330,08-03569,RUSSELL BLVD,,15 FEET WEST OF ARTHUR ST,,22350 VC,Rear end,1,,,,,,,,,Other motor vehicle,,No pedestrians involved,Controls functioning,
,,,,,,,,,,,,,,,,1,,,,,,,,6/27/2008,1648,08-03574,5TH,POLELINE RD,,,22350 VC,Rear end,1,,,,,,,,,Other motor vehicle,,No pedestrians involved,Controls functioning,
,,,,,,,,,1,,,,,,,,,,,,1,,,6/28/2008,1150,08-03584,F ST,,130 FEET SOUTH OF 6TH ST,,22350 VC,Rear end,1,,,,,,,,,Other motor vehicle,,No pedestrians involved,No controls present/factor,
,1,,1,,,,,,1,,,,,1,,,,,,,,,,7/1/2008,1443,08-03622,F ST,,100 FEET SOUTH OF W COVELL BLVD,,21804 (A) VC,Other,1,1.0,,,,,AUTO VS BIKE,,,Bicycle,,No pedestrians involved,Controls functioning,
,1,,,,,,,,,,,,,,,1,,,,,,,,7/2/2008,1445,08-03636,POLELINE RD,,100 FEET NORTH OF 5TH ST,,21650.1 VC,Other,1,1.0,,,,,AUTO VS. BIKE,,,Bicycle,,No pedestrians involved,Controls functioning,
,1,,,,,,,,,,,,,,1,,,,,,,,,7/3/2008,805,08-03642,OLIVE DR,RICHARDS BLVD,,,22107 VC,Other,,,,,,,AUTO VS BIKE,,,Bicycle,,No pedestrians involved,Controls functioning,
,,,,,1,,,,,,,,,,,,,,,,,,,7/4/2008,1918,08-03676,2ND ST,,480' WEST OF FARADAY AVE EAST,,23153(a) VC,Hit object,2,,,,,1,,,,Fixed object,STREET LAMP POLE,No pedestrians involved,Controls functioning,
,,,,,,,,,,,,,,,,,,,1,,1,,,7/5/2008,1335,08-03685,6TH ST,G ST,,,21802 (A) VC,Broadside,1,,,,,,,,,Other motor vehicle,,No pedestrians involved,No controls present/factor,
1,,,,,,,,,,,,,,,,,,,,,,,,7/5/2008,1548,08-03688,DENISON DR,,600 FEET WEST OF MANZANITA,,21954 (A) VC,Vehicle/pedestrian,1,,,,1.0,,,,,Pedestrian,,Crossing-not in crosswalk,No controls present/factor,
,,,,1,,,,,,,,,,,,,,,1,,,,,7/9/2008,1523,08-03722,FIRST ST,,20 FEET WEST OF D ST,,22350 VC,Rear end,2,,,,,,,,,Other motor vehicle,,No pedestrians involved,Controls functioning,
,,,,,,,,,,,,,,,,,,,,,,,,7/11/2008,1555,08-03746,COVELL BLVD,,15 FEET WEST OF SR 113,,22350 VC,Rear end,1,,,,,,,,,Other motor vehicle,,No pedestrians involved,Controls functioning,
,,,,,1,,,,,,,,,,,,,,,,,,,6/13/2008,1643,08-03770,MACE BLVD,,30 FEET SOUTH OF 2ND ST,,22350 VC,Rear end,,,,,,,,,,Other motor vehicle,,No pedestrians involved,Controls functioning,
,,,,,,,,,,,,,,,,,1,,,,,,,7/14/2008,1442,08-03785,LAKE BLVD,RUSSELL BLVD,,,21802(A) VC,Broadside,,,,,,,,,,Other motor vehicle,,No pedestrians involved,Controls functioning,
,,,1,,,,,,,,,,,,,,,,,,,,,7/15/2008,726,08-03796,OAK STREET,,10 FEET SOUTH OF SCRIPPS DR,,22106 CVC,Sideswipe,,,,,,,,,,Other motor vehicle,,No pedestrians involved,No controls present/factor,
,,,,,,,,1,,,,,,,,,,,1,,,,,7/15/2008,930,08-03811,3RD ST,,10 FEET WEST OF B ST,,,Rear end,,,,,,,,,,Parked motor vehicle,,No pedestrians involved,No controls present/factor,
,,,,,,,,,,1,,,,1,,,,,,,,,,7/19/2008,1656,08-03890,E COVELL BLVD,J ST,,,22350 VC,Head-on,1,,,,,,,,,Fixed object,TRAFFIC SIGNAL POLE,No pedestrians involved,Controls functioning,
,,,,,,,,,,,,,,,,,,,,,,,,7/19/2008,1803,08-03891,SOUTH BOUND RICHARDS BLVD,,40 FEET NORTH OF RESEARCH PARK DRIVE,,22350 CVC,Rear end,4,,,,,,,,,Other motor vehicle,,No pedestrians involved,Controls functioning,
,,,,,,,,,,,,,,,,,,,,,,,,7/22/2008,1545,08-03931,CHILES RD,,300 FEET WEST OF CITY LIMITS,,22350 VC,Head-on,1,,,,,,,,,Fixed object,TREE,No pedestrians involved,No controls present/factor,