Ped,Bike,Bike Loop,School Area,1st St,E 2nd St,5th St,8th St,B St,F St,J St N,North Sycamore,North Anderson,North Anderson,East Covell,Olive Drive,Pole Line,West Russell,Russell,Downtown,University Rice,Old North,Old East,A St,DATE,TIME,REPORT,STREET 1,STREET 2,DISTANCE,DIRECTION,PRIMARY CAUSE,COLLISION TYPE,INJURY,Bike,5 Year Bike,5 Year  Ped,Ped,FATAL,TYPE OF COLLISION,VEHICLE 1,VEHICLE 2,INVOLVED WITH,OBJECT HIT,PEDESTRIAN ACTION,TRAFFIC CONTROL DEVICES,NOTES
,1,,1,,,,1,1,,,,,,,,,,,,,,,1,7/23/2008,1758,08-03952,B ST,8TH ST,,,22350 VC,Other,1,1.0,,,,,AUTO VS BIKE,,,Bicycle,,No pedestrians involved,Controls functioning,
1,,,,,,,,,,,,,,,1,,,,,,,,,7/25/2008,202,08-03975,RICHARDS BLVD,OLIVE DR,,,21950 (a) vc,Vehicle/pedestrian,1,,,,1.0,,,,,Pedestrian,,Crossing in crosswalk-at intersection,Controls functioning,
,1,,1,,,,,,,,,,,,,,,,,,,,,7/25/2008,1310,08-03986,LILLARD DR,COWELL BLVD,,,22350 VC,Other,2,2.0,,,,,AUTO VS. BIKE,,,Bicycle,,No pedestrians involved,Controls functioning,
,,,,,,,,,,,,,,,1,,,,,,,,,7/27/2008,1715,08-04032,RICHARDS BLVD,,320 FEET SOUTH OF OLIVE DRIVE,,22350 VC,Rear end,,,,,,,,,,Other motor vehicle,,No pedestrians involved,No controls present/factor,
,1,,,,,1,,,,,,,,,,,,,,,,1,,7/28/2008,920,08-04037,FIFTH ST,J ST,,,22450(A) VC,Other,1,1.0,,,,,AUTO VS. BIKE,,,Bicycle,,No pedestrians involved,Controls functioning,
,,,,,,,,,,,,,,,1,,,,,,,,,7/28/2008,1454,08-04043,OLIVE DR,,.1 MILE EAST OF HICKORY LANE,,21804 (a) vc,Broadside,1,,,,,,,,,Other motor vehicle,,No pedestrians involved,Controls functioning,
,,,,,,,,,,,,,,,,,,,,,,,,7/28/2008,2135,08-04047,MOORE BLVD,,253 FEET NORTH OF BONNARD ST,,22107 VC,Hit object,,,,,,,TREE,,,Fixed object,TREE,No pedestrians involved,No controls present/factor,
,,,1,,,,1,,,,,,1,,,,,,,,,,,7/30/2008,1920,08-04085,ANDERSON RD,W 8TH ST,,,22350 VC,Rear end,2,,,,,,,,,Other motor vehicle,,No pedestrians involved,Controls functioning,
,,,,,,,,,,,,,,,,,,,,,,,,8/2/2008,1232,08-04128,W COVELL BLVD,,500 FEET EAST OF ANDERSON RD,,21801(A) VC,Broadside,1,,,,,,,,,Other motor vehicle,,No pedestrians involved,Controls functioning,
,,,,,,,,,,,,,,,,1,,,,,,,,8/3/2008,1254,08-04143,POLE LINE RD,,300 FEET SOUTH OF MOORE BLVD,,22350 VC,Hit object,1,,,,,,,,,Parked motor vehicle,,No pedestrians involved,No controls present/factor,
,1,,,,,,1,1,,,,,,,,,,,,,,,1,8/3/2008,1720,08-04147,8TH STREET,B STREET,,,21801 (A) VC,Other,1,1.0,,,,,BIKE VS AUTO,,,Bicycle,,No pedestrians involved,Controls functioning,
,1,,,,,1,,,,,,,,,,,,,1,,1,,,8/4/2008,1600,08-04159,5TH ST,F ST,,,,Other,,,,,,,AUTO/BIKE,,,Bicycle,,No pedestrians involved,Controls functioning,
,,,,,,,,,,,,,,,,,,,,,,,1,8/8/2008,1120,08-04217,RUSSELL BLVD,,100 FEET EAST OF MILLER DR,,22350 VC,Rear end,1,,,,,,,,,Other motor vehicle,,No pedestrians involved,Controls functioning,
,1,,,,,,,,,,,,,,,,,,,,,,,8/8/2008,1241,08-04219,SYCAMORE LN,,200 FEET SOUTH OF KENT ST,,,Other,1,1.0,,,,,SOLO BIKE,,,Non-collision,,No pedestrians involved,No controls present/factor,
,,,,,,,1,,,,,,,,,,,,,,,,,8/8/2008,800,08-04231,EUREKA AVE,,5 FEET SOUTH OF W 8TH ST,,,Rear end,,,,,,,,,,Parked motor vehicle,,No pedestrians involved,No controls present/factor,
,,,,,,,,,,,,,,,,,,,,,,,,8/11/2008,1655,08-04275,RUSSELL BLVD,,60 FEET WEST OF OAK AVENUE,,22350 VC,Rear end,,,,,,,,,,Other motor vehicle,,No pedestrians involved,Controls functioning,
,1,1,,,,,,,,,,,,,,,,,,,,,,8/12/2008,1837,08-04293,RESEARCH PARK DRIVE,NEWTON COURT,,,,Other,1,1.0,,,,,SOLO BICYCLE,,,Other object,GROUND,No pedestrians involved,No controls present/factor,
,,,,,,1,,,,,,,,,,, ,,,1,,,,8/17/2008,146,08-04348,RUSSELL BLVD,,140 FEET EAST OF A ST,,23152(a) vc,Hit object,,,,,,,,,,Fixed object,CURB/TREE,No pedestrians involved,No controls present/factor,
,,,,,,,,,,,,,1,,,,,,,,,,,8/19/2008,2208,08-04415,RUSSELL BLVD,,73 FEET WEST OF ANDERSON RD,,,Hit object,,,,,,,,,,Fixed object,CURB,No pedestrians involved,No controls present/factor,
,,,,,,,,,,,,,,,,,1,,,,,,,8/20/2008,1412,08-04426,RUSSELL BLVD,,30 FEET WEST OF ARTHUR ST,,22350 VC,Rear end,2,,,,,,,,,Other motor vehicle,,No pedestrians involved,Controls functioning,
,,,,,,,,,,,,,,,,,,,1,,,,,8/22/2008,1310,08-04476,C ST,,40 FEET NORTH OF 3RD ST,,22100 VC,Rear end,,,,,,,,,,Other motor vehicle,,No pedestrians involved,No controls present/factor,
,,,,,,,1,,,,,,,,,1,,,,,,,,8/24/2008,513,08-04498,POLE LINE RD,,300 FEET NORTH OF 8TH ST,,22350 VC,Rear end,1,,,,,,,,,Parked motor vehicle,,No pedestrians involved,Controls functioning,
,,,,,,,,,,,,,,,,,,,,,,,,8/25/2008,1152,08-04509,RICHARDS BLVD,,30 FEET SOUTH OF I-80,,22350 VC,Rear end,1,,,,,,,,,Other motor vehicle,,No pedestrians involved,Controls functioning,
,,,,1,,,,,,,,,,,,,,,1,,,,,8/27/2008,1830,08-04554,E STREET,,100 FEET NORTH OF FIRST STREET,,22107 VC,Sideswipe,,,,,,,,,,Parked motor vehicle,,No pedestrians involved,No controls present/factor,
,,1,1,,,,,,,,,,,,,,,,,,,,,8/28/2008,1554,08-04569,VILLANOVA DR,SYCAMORE LN,,,22450 VC,Broadside,1,,,,,,,,,Other motor vehicle,,No pedestrians involved,Controls functioning,
,,,1,,,,,,,,,,,,,,,,,,,,,8/29/2008,2014,08-04589,DRUMMOND AVE,LILLARD DR,,,22450 (a) VC,Head-on,,,,,,,,,,Other motor vehicle,,No pedestrians involved,Controls functioning,
,,,,,,,,,,,,,,,,,,,,,,,,9/1/2008,1352,08-04626,COVELL BLVD,,550 FEET EAST OF JOHN JONES RD,,22350 VC,Rear end,1,,,,,,,,,Other motor vehicle,,No pedestrians involved,Controls functioning,
,1,,,,,,,,,,,,,,,,,,,,,,,9/2/2008,1256,08-04641,PINNACLES ST,RIO GRANDE ST,,,22350 VC,Other,1,1.0,,,,,AUTO VS. BIKE,,,Bicycle,,No pedestrians involved,No controls present/factor,
,,,,,,,,,,,,,,1,,,,,,,,,,9/2/2008,1543,08-04642,COVELL BLVD,,200 FEET EAST OF L ST,,21804 (a) VC,Broadside,1,,,,,,,,,Other motor vehicle,,No pedestrians involved,No controls present/factor,
,,,,,,,,1,,,,,,,,,,,1,1,,,,9/2/2008,1940,08-04647,B STREET,3RD ST,,,21801 (A) VC,Broadside,,,,,,,,,,Other motor vehicle,,No pedestrians involved,Controls functioning,
,1,,,,,,,,,,,,,,,,,,,,,,,9/3/2008,1006,08-04659,ARLINGTON DR,,150 FEET EAST OF LAKE BLVD,,,Other,1,1.0,,,,,SOLO BIKE,,,Non-collision,,No pedestrians involved,No controls present/factor,
,1,,,,,,1,,,,,,,,,,,,,,,,1,9/4/2008,1229,08-04684,E 8TH ST,A ST,,,22450(A) VC,Other,1,1.0,,,,,AUTO VS. BIKE,,,Bicycle,,No pedestrians involved,Controls functioning,
,1,,,,,,,,,,,,,,,,,,,,,,,9/2/2008,1625,08-04685,ALVARADO AVE,,10 FEET EAST OF ESPANA CT,,22107 VC,Other,1,1.0,,,,,AUTO VS. BIKE,,,Bicycle,,No pedestrians involved,No controls present/factor,
,,,1,,,,,,,,,,,,,,,,,,,,,9/5/2008,237,08-04696,FIFTH ST,ALHAMBRA DRIVE,,,23152 (A) VC,Hit object,,,,,,,,,,Fixed object,CURB,No pedestrians involved,No controls present/factor,
,1,,,,,,,,,,,,,,,,,,,,,,,9/7/2008,918,08-04753,ANTIOCH DR,,331 FEET EAST OF OESTE DR,,22350 VC,Other,1,1.0,,,,,AUTO VS. BIKE,,,Bicycle,,No pedestrians involved,No controls present/factor,
,,,,,,1,,,1,,,,,,,,,,1,,1,,,9/7/2008,2100,08-04756,F STREET,5TH ST,,,21801(A) CV,Head-on,,,,,,,,,,Other motor vehicle,,No pedestrians involved,Controls functioning,
,,,,,,,,,,,,,,,,,,,,,,,,9/8/2008,207,08-04757,SYCAMORE LANE,,66 FEET SOUTH DRAKE DR,,22350 VC,Rear end,,,,,,,,,,Parked motor vehicle,,No pedestrians involved,No controls present/factor,
1,,1,1,,,,,,,,,,,,,,,,,,,,,9/8/2008,750,08-04760,W 14TH ST,,75 FEET WEST OF EUREKA AVE,,21950 (A) VC,Vehicle/pedestrian,1,,,,1.0,,,,,Pedestrian,,Crossing in crosswalk-not at intersection,Controls functioning,
,,,,,,,,,,,,,,,,,,,,,,,,9/4/2008,1530,08-04761,MACE BLVD,REDBUD DRIVE,,,22350 VC,Hit object,,,,,,,,,,Fixed object,"STOP SIGN, UTILITY BOX",No pedestrians involved,Controls functioning,
,1,,,,,,,,,,,,,,,,,,,,,,,9/9/2008,1041,08-04785,COVELL BLVD,SR 113,,,21650.1  CVC,Other,1,1.0,,,,,VEHICLE VS. BIKE,,,Bicycle,,No pedestrians involved,Controls functioning,
,1,1,1,,,,,,,,,,,,,,,,,,,,,9/9/2008,1123,08-04786,PONTEVERDE DR,TULIP LN,,,,Other,1,1.0,,,,,SOLO BIKE,,,Non-collision,,No pedestrians involved,Controls functioning,
,1,,,,,,,,,,,,,,,,,,,,,,,9/11/2008,1012,08-04818,RUSSELL BLVD,HOWARD WAY,,,21650.1 VC,Other,1,1.0,,,,,AUTO VS. BIKE,,,Bicycle,,No pedestrians involved,Controls functioning,
,,,1,,,,1,,,,,,,,,,,,,,,,,9/12/2008,50,08-04835,L ST,,50 FEET NORTH OF E 8TH ST,,22350 VC,Rear end,,,,,,,,,,Parked motor vehicle,,No pedestrians involved,No controls present/factor,
,,,,,,,,,,,,,,,,,,,,,,,,9/17/2008,1750,08-04941,COWELL BLVD,,100 FEET WEST OF DREW AVE,,22350 VC,Rear end,2,,,,,,,,,Other motor vehicle,,No pedestrians involved,Controls functioning,
,1,,,,,,,,,1,,,,1,,,,,,,,,,9/19/2008,807,08-04965,COVELL BLVD,J ST,,,21650.1 VC,Other,1,1.0,,,,,AUTO VS. BIKE,,,Bicycle,,No pedestrians involved,Controls functioning,
,,,,,,,,1,,,,,,,,,,,1,1,,,,9/20/2008,1508,08-04996,B ST,3RD ST,,,21801 (A) VC,Broadside,1,,,,,,,,,Other motor vehicle,,No pedestrians involved,Controls functioning,
,1,1,1,,,,,,,,,,,,,,,,,,,,,9/22/2008,1530,08-05029,L ST,,10 FEET NORTH OF DREXEL DR,,22107 VC,Other,1,1.0,,,,,AUTO VS. BIKE,,,Bicycle,,No pedestrians involved,Controls functioning,
,1,1,,,,,,,,,,,,,,,,,,,,,,9/22/2008,1728,08-05033,RESEARCH PARK DRIVE,DA VINCI CT,,,21801 (A) VC,Other,1,1.0,,,,,AUTO VS. BIKE,,,Bicycle,,No pedestrians involved,Controls functioning,
,,,,,,,,,,,,,,,,,,,,,,,,9/23/2008,1950,08-05053,W COVELL BLVD,,15 FEET EAST OF HWY 113,,23152(A) VC,Rear end,1,,,,,,,,,Other motor vehicle,,No pedestrians involved,Controls functioning,
,,,,,,,,,,,,,,,,,,,,,,,,9/24/2008,2053,08-05071,RUSSELL BLVD,,200 FEET EAST OF SOUTH CAMPUS,,22106,Other,,,,,,,BACKED INTO,,,Parked motor vehicle,,No pedestrians involved,No controls present/factor,
,,,,,,,,,,,,,,,,,,,,,,,,9/26/2008,1700,08-05106,RUSSELL BLVD,,1/8 MILE WEST OF COLLEGE PARK,,22350 VC,Rear end,4,,,,,,,,,Other motor vehicle,,No pedestrians involved,No controls present/factor,
,1,,,,,,,,,,,,,,,,1,,,,,,,9/26/2008,1738,08-05108,RUSSELL BLVD,EISENHOWER ST,,,22350 VC,Other,1,1.0,,,,,AUTO VS. BIKE,,,Bicycle,,No pedestrians involved,Controls functioning,
,,,,,,,,,,,,1,1,,,,,,,,,,,9/26/2008,1500,08-05109,COVELL BLVD,,17 FEET EAST OF ANDERSON RD,,22350 VC,Rear end,3,,,,,,,,,Other motor vehicle,,No pedestrians involved,Controls functioning,
,,,,,,,,,,,,,,,,,,,,,,,,9/27/2008,27,08-05113,CHILES RD,,500 FEET WEST OF ENSENADA DR,,23152(A) VC,Hit object,,,,,,,,,,Fixed object,ATT PHONE BOX,No pedestrians involved,Controls functioning,
,,,,,,,,,,,,,,,,,,,,,,,,9/27/2008,1830,08-05132,ARROYO AVE,,102 FEET SOUTH OF ALEGRE WAY,,22107 VC,Sideswipe,,,,,,,,,,Parked motor vehicle,,No pedestrians involved,Controls functioning,
,,,,,,,,,,1,,,,,,,,,,,,,,9/29/2008,1119,08-05146,J ST,,400 FEET SOUTH OF COVELL BLVD,,21801 (A) VC,Sideswipe,,,,,,,,,,Other motor vehicle,,No pedestrians involved,No controls present/factor,
,1,,,,,,,,,,,,,,1,,,,,,,,,9/30/2008,730,08-05161,RICHARDS BLVD,,200 FEET SOUTH OLIVE DR,,21650.1 CVC,Other,1,1.0,,,,,VEHICLE VS. BIKE,,,Bicycle,,No pedestrians involved,No controls present/factor,
,1,,,,,,,,1,,,,,,,,,,,,,,,9/30/2008,1930,08-05179,F ST,,50 FEET SOUTH OF 11TH ST,,22107 VC,Other,1,1.0,,,,,BIKE VS. BIKE,,, ,,No pedestrians involved,No controls present/factor,
,1,,1,,,,,,1,,,,,,,,,,,,,,,10/1/2008,852,08-05188,F ST,,30 FEET NORTH OF 14TH ST,,22350 VC,Other,1,1.0,,,,,AUTO VS. BIKE,,,Bicycle,,No pedestrians involved,Controls functioning,
,,,,,,,,,,,,,,,,,,,,,,,,10/2/2008,2,08-05200,ADAMS ST,,15 FEET EAST OF ARTHUR STREET,,,Sideswipe,,,,,,,,,,Parked motor vehicle,,No pedestrians involved,Controls functioning,
,,,,,,,,,,,,,,,1,,,,,,,,,10/2/2008,1746,08-05212,OLIVE DR,,40 FEET EAST OF RICHARDS BLVD,,22350 VC,Rear end,1,,,,,,,,,Other motor vehicle,,No pedestrians involved,Controls functioning,
,1,1,,,,,,1,,,,,,,,,,,1,,,,,10/2/2008,1814,08-05213,B ST,,154 FEET SOUTH OF 4TH ST,,23153 (A) VC,Other,1,1.0,,,,,AUTO VS. BIKE,,,Bicycle,,No pedestrians involved,No controls present/factor,
,,,,,,,,,,,,,,,,,,,,,,,,10/7/2008,1517,08-05277,RESEARCH PARK DR,,320 FEET NORTH OF RICHARDS BLVD,,21801 (a) vc,Overturned,1,,,,,,,,,Non-collision,,No pedestrians involved,Controls functioning,
,1,,,,,,,,,,,,1,,,,,,,,,,,10/10/2008,1606,08-05330,ANDERSON RD,SUNSET CT,,,22103 VC,Other,1,1.0,,,,,VEHICLE VS BIKE,,,Bicycle,,No pedestrians involved,No controls present/factor,
,,,,,,,,,,,,,,,,,,,,,1,,,10/13/2008,759,08-05368,6TH ST,,100 FEET EAST OF D ST,,22350 vc,Rear end,,,,,,,,,,Other motor vehicle,,No pedestrians involved,No controls present/factor,
,,,,,,,,,,,,,,,,,,,,1,,,,10/12/2008,1500,08-05369,UNIVERSITY AVE,,120 FEET SOUTH OF 4TH ST,,,Other,,,,,,,,,,Parked motor vehicle,,No pedestrians involved,No controls present/factor,
,,,,,1,,,,,,,,,,,,,,,,,,,10/13/2008,1352,08-05372,MACE,2ND ST,,,21453 (A) VC,Sideswipe,,,,,,,,,,Motor vehicle on other roadway,,No pedestrians involved,Controls functioning,
,1,,,,,,1,,1,,,,,,,,,,,,,,,10/13/2008,1658,08-05376,E 8TH ST,F ST,,,21801 (A) VC,Other,1,1.0,,,,,AUTO VS. BIKE,,,Bicycle,,No pedestrians involved,Controls functioning,
,1,,,,,,1,,,,,,,,,,,,,,,,,10/13/2008,1707,08-05377,E EIGHTH ST,D ST,,,22107 CVC,Other,1,1.0,,,,,AUTO VS BIKE,,,Bicycle,,No pedestrians involved,No controls present/factor,
,,,,,,,,,,,,,,,,,,,,,,,,10/14/2008,1200,08-05389,RICHARDS BLVD,,230 FEET SOUTH OF 1ST STREET,,22350 VC,Rear end,3,,,,,,,,,Other motor vehicle,,No pedestrians involved,Controls functioning,
,1,,,,,,,,1,,,,,,,,,,,,,,,10/15/2008,910,08-05416,F ST,,210 FEET SOUTH OF WEST COVELL BLVD,,21804(a) VC,Other,1,1.0,,,,,AUTO VS. BIKE,,,Bicycle,,No pedestrians involved,Controls functioning,
,1,,,,,,1,,1,,,,,,,,,,,,,,,10/15/2008,1615,08-05424,E 8TH ST,F ST,,,21801 (A) VC,Other,1,1.0,,,,,AUTO VS BIKE,,,Bicycle,,No pedestrians involved,Controls functioning,
,1,,,,,,,,,,,,,,,,,,,,,,,10/15/2008,1610,08-05427,COWELL BLVD,DREW CIRCLE,,,22107 vc,Other,,,,,,,AUTO VS BIKE,,,Bicycle,,No pedestrians involved,Controls functioning,
,,,,,,,,,,,,,,,,,,,,,,,,10/13/2008,1104,08-05435,WAKE FOREST DR,,1000 FEET WEST OF OXFORD CIRCLE,,,Sideswipe,,,,,,,,,,Parked motor vehicle,,No pedestrians involved,No controls present/factor,
,,,,,,,,,,,,,,,,,,,,,,1,,10/16/2008,2142,08-05446,4TH ST,I ST,,,21802 (A) VC,Broadside,,,,,,,,,,Other motor vehicle,,No pedestrians involved,Controls functioning,
,,,,,,1,,,,,,,,,,,,,,,,1,,10/17/2008,1300,08-05456,L ST,,100 FEET SOUTH OF 5TH ST,,22350 VC,Rear end,1,,,,,,,,,Other motor vehicle,,No pedestrians involved,No controls present/factor,
,,,,,,,,,,,,,,,,,,,,,,,,10/17/2008,2015,08-05463,RUSSELL BL,,220 FEET WEST OF ANDERSON RD,,22350 VC,Rear end,1,,,,,,,,,Other motor vehicle,,No pedestrians involved,Controls functioning,
,,,,,,,,,,,,,,1,,,,,,,,,,10/22/2008,1219,08-05542,E COVELL BLVD,,300 FEET WEST OF POLE LINE RD,,22350 CVC,Rear end,1,,,,,,,,,Other motor vehicle,,No pedestrians involved,Controls functioning,
,1,,,,,,,,,,,,,,,,,,,,,,,10/22/2008,1444,08-05548,HAMPTON DR,,130 FEET SOUTH OF SHASTA DR,,22450 (A) VC,Other,1,,,,,,AUTO VS. BIKE,,,Bicycle,,No pedestrians involved,Controls functioning,
,,,,,,1,,,,,,,,,,,,,,1,,,1,10/23/2008,206,08-05555,FIFTH,A ST,,,23152,Hit object,3,,,,,,,,,Fixed object,CURB AND TREE,No pedestrians involved,Controls functioning,
,,,,,1,,,,,,,,,,,,,,,,,,,10/23/2008,1623,08-05564,2ND ST,MACE BLVD,,,22350 VC,Rear end,1,,,,,,,,,Other motor vehicle,,No pedestrians involved,Controls functioning,
,1,,1,,,,,,,,,,,,,,,,,,,,,10/25/2008,400,08-05595,E 14TH ST,,104 FEET WEST OF ASPEN PL,,21200.5 CVC,Other,1,,,,,,SOLO BIKE,,,Bicycle,,No pedestrians involved,No controls present/factor,
,1,,,,,,1,1,,,,,,,,,,,,,,,1,10/26/2008,1604,08-05612,8TH ST,B ST,,,21801 (A) VC,Broadside,1,1.0,,,,,AUTO VS. BIKE,,,Bicycle,,No pedestrians involved,Controls functioning,
,1,,,,,,,,,1,,,,1,,,,,,,,,,10/28/2008,742,08-05634,J ST,COVELL BLVD,,,21804 (A) VC,Other,1,1.0,,,,,AUTO VS. BIKE,,,Bicycle,,No pedestrians involved,Controls functioning,
,,,1,,,,,,1,,,,,,,,,,,,,,,10/29/2008,824,08-05653,F ST,,500 FEET NORTH OF 14TH ST,,22350 VC,Rear end,2,,,,,,,,,Other motor vehicle,,No pedestrians involved,No controls present/factor,
1,,,,,,,,,,,1,,,,,,,,,,,,,10/29/2008,1942,08-05676,SYCAMORE LN,,375 FEET NORTH OF ALVARADO AVE,,21950 (A) VC,Vehicle/pedestrian,2,,,,2.0,,,,,Pedestrian,,Crossing in crosswalk-not at intersection,Controls functioning,
,,,,,,,,,1,,,,,,,,,,1,,,,,10/31/2008,158,08-05695,SECOND ST,F ST,,,,Broadside,,,,,,,,,,Other motor vehicle,,No pedestrians involved,Controls functioning,
,,,,1,,,,,,,,,,,,,,,1,,,,,10/31/2008,1739,08-05745,1ST ST,,100 FEET EAST OF C ST,,22350 VC,Rear end,1,,,,,,,,,Other motor vehicle,,No pedestrians involved,No controls present/factor,
,,,1,,,,1,,,,,,,,,,,,,,,,,10/31/2008,2039,08-05748,L ST,E 8TH ST,,,21801(a) VC,Broadside,,,,,,,,,,Other motor vehicle,,No pedestrians involved,Controls functioning,
,1,,,,,,,,,,,,,,,,,,,,,,,10/31/2008,2156,08-05750,RUSSELL BL,OAK AVE,,,21453 (A) VC,Other,1,1.0,,,,,AUTO VS. BIKE,,,Bicycle,,No pedestrians involved,Controls functioning,
,,,,,,,,,,,,,,,,,,,,,,,,11/1/2008,1010,08-05764,COWELL BL,GREEN TERRACE SOUTH ENTRANCE,,,21801 (A) ,Broadside,1,,,,,,,,,Other motor vehicle,,No pedestrians involved,No controls present/factor,
,,,1,,,,1,,,,,,,,,,,,,,,,,11/1/2008,1805,08-05771,E 8TH ST,CHESTNUT LN,,,21650 CVC,Head-on,1,,,,,,,,,Other motor vehicle,,No pedestrians involved,Controls functioning,
,,,,,1,,,,,,,,,,,,,,,,,,,11/3/2008,940,08-05793,MACE BLVD,,100 FEET NORTH OF 2ND ST,,21658(A) VC,Sideswipe,,,,,,,,,,Other motor vehicle,,No pedestrians involved,Controls functioning,
,1,1,1,,,,,1,,,,,,,,,,,,,,,,11/4/2008,607,08-05809,14TH ST,,60 FEET EAST OF B ST,,22350 VC,Other,1,1.0,,,,,SOLO BIKE,,,Non-collision,,No pedestrians involved,No controls present/factor,
,,,,,,,,,,,1,,,,,,,,,,,,,11/4/2008,1857,08-05824,W COVELL BL,,40 FEET WEST OF SYCAMORE LN,,22350 CVC,Rear end,,,,,,,,,,Other motor vehicle,,No pedestrians involved,No controls present/factor,
,1,,,,,,,,,,,,,,,,,,,,,,,11/4/2008,2040,08-05827,RICHARDS BL,,300 FEET NORTH OF RESEARCH PARK DRIVE,,,Other,1,,,,,,SOLO BIKE,,,Non-collision,,No pedestrians involved,Controls functioning,
, ,,,1,,,,,,,,,,,,,,,1,,,,,11/5/2008,1730,08-05849,RICHARDS BLVD,,50 FEET EAST OF 1ST ST,,22350 VC,Rear end,,,,,,,,,,Other motor vehicle,,No pedestrians involved,Controls functioning,
,1,,,,,,1,,1,,,,,,,,,,,,,,,11/6/2008,1200,08-05864,8TH ST,,10 FEET WEST OF F ST,,22108 VC,Other,1,1.0,,,,,BIKE VS. POLE,,,Non-collision,,No pedestrians involved,Controls functioning,
,,,1,,,,,,1,,,,,1,,,,,,,,,,11/6/2008,1914,08-05874,F ST,W COVELL BLVD,,,22350 VC,Rear end,1,,,,,,,,,Other motor vehicle,,No pedestrians involved,Controls functioning,
,1,,,,,,,,,,,,,,,,,,1,,,,,11/6/2008,2109,08-05878,E ST,,150 FEET SOUTH OF 3RD SST,,21200.5 VC,Other,,,,,,,BIKE VS. AUTO,,,Bicycle,,No pedestrians involved,No controls present/factor,
,1,,,,,,,,,,,,,,,,,,1,,1,,,11/11/2008,157,08-05951,620 G ST,,100 FEET NORTH OF 6TH ST,,22350,Other,1,1.0,,,,,SOLO BICYCLE,,,Non-collision,,No pedestrians involved,No controls present/factor,
,,,,,,,,,1,,,,,,,,,,,,,,,11/13/2008,856,08-05992,9TH ST,,50 FEET WEST OF F ST,,,Sideswipe,,,,,,,,,,Parked motor vehicle,,No pedestrians involved,No controls present/factor,
,1,,,,,,,,,,,,,,,,,,,,,,,11/14/2008,1518,08-06020,TEMPLE LN,,75 FEET WEST OF POPLAR,,22107 VC,Other,1,1.0,,,,,AUTO VS. BIKE,,,Bicycle,,No pedestrians involved,No controls present/factor,
,,,1,,,,,,,,,,,,,,,,,,,,,11/15/2008,200,08-06043,SCRIPPS DR,,20 FEET EAST OF REDWOOD DR,,,Rear end,,,,,,,,,,Parked motor vehicle,,No pedestrians involved,No controls present/factor,
,,,,,,,,,,,,,,,,,,,1,,,,,11/15/2008,1630,08-06050,E STREET,,40 FEET SOUTH OF SECOND STREET,,21801(A) VC,Broadside,,,,,,,,,,Other motor vehicle,,No pedestrians involved,No controls present/factor,
,,,,,,,,,,,,,,,,1,,,,,,,,11/17/2008,1613,08-06085,POLE LINE RD,,30 FEET NORTH OF 5TH ST,,22350 VC,Rear end,1,,,,,,,,,Other motor vehicle,,No pedestrians involved,Controls functioning,
,1,,,,,,,,,,,,,1,,,,,,,,,,11/18/2008,1730,08-06108,WRIGHT BL,E COVELL BLVD,,,21803 VC,Other,1,1.0,,,,,BIKE VS. AUTO,,,Bicycle,,No pedestrians involved,Controls functioning,
,,,,,,,,,,,,,,,,,,,,,,,,11/20/2008,31,08-06127,SOUTH CURB LINE OF FIFTH ST,,400 FEET EAST OF POLE LINE RD,,23152 (A) VC,Hit object,1,,,,,,,,,Fixed object,LIGHT POLE,No pedestrians involved,No controls present/factor,
,,,,,,,,,,,,,,,,,,,,,,,,11/21/2008,1200,08-06154,RICHARDS BLVD,ON RAMP TO E/B HWY 80,,,22350 VC,Rear end,3,,,,,,,,,Other motor vehicle,,No pedestrians involved,Controls functioning,
1,1,,,,,,,,,,,,,,,,,,1,,,,,11/18/2008,1250,08-06155,3RD ST,F ST,,,21950 (A) VC,Other,1,0.5,0.5,,0.5,,BIKE VS. PED,,,Pedestrian,,Crossing in crosswalk-at intersection,Controls functioning,
,,,,,,,,,,,,,,,,,,,1,,,,,11/22/2008,907,08-06171,E ST,,50 FEET SOUTH OF 4TH ST,,21804(A) CVC,Broadside,,,,,,,,,,Other motor vehicle,,No pedestrians involved,No controls present/factor,
,,,,,,,,,,,,,,,,,,,,,,,,11/21/2008,2030,08-06173,BAJA AVE,BUENO DR,,,,Sideswipe,,,,,,,,,,Parked motor vehicle,,No pedestrians involved,No controls present/factor,
,,,,,,1,,,,,,,,,,,,,1,,1,,,11/22/2008,2228,08-06179,FIFTH ST,E ST,,,22350 VC,Hit object,,,,,,,,,,Fixed object,CURB,No pedestrians involved,Controls functioning,