Ped,Bike,Bike Loop,School Area,1st St,E 2nd St,5th St,8th St,B St,F St,J St N,North Sycamore,North Anderson,North Anderson,East Covell,Olive Drive,Pole Line,West Russell,Russell,Downtown,University Rice,Old North,Old East,A St,DATE,TIME,REPORT,STREET 1,STREET 2,DISTANCE,DIRECTION,PRIMARY CAUSE,COLLISION TYPE,INJURY,Bike,5 Year Bike,5 Year  Ped,Ped,FATAL,TYPE OF COLLISION,VEHICLE 1,VEHICLE 2,INVOLVED WITH,OBJECT HIT,PEDESTRIAN ACTION,TRAFFIC CONTROL DEVICES,NOTES
,,,,,,,,1,,,,,,,,,,,1,1,,,,11/24/2008,1210,08-06201,B ST,,15 FEET NORTH OF 2ND ST,,22350 VC,Rear end,1,,,,,,,,,Other motor vehicle,,No pedestrians involved,Controls functioning,
,1,,,,,,,,,,,,,,,,,,1,,,,,11/26/2008,1202,08-06245,THIRD ST,D ST,,,21800 (A) VC,Other,1,1.0,,,,,AUTO VS. BIKE,,,Bicycle,,No pedestrians involved,Controls functioning,
,,,,,,1,,1,,,,,,,,,,,1,1,1,,,11/26/2008,1300,08-06247,B ST,,100 FEET NORTH OF RUSSELL BLVD,,22350 VC,Rear end,1,,,,,,,,,Other motor vehicle,,No pedestrians involved,No controls present/factor,
,,,,,,,,,,,,,,,,,,,,,,,,11/27/2008,141,08-06257,667 JEROME ST,,,,23152 (A) VC,Hit object,,,,,,,,,,Fixed object,HOUSE,No pedestrians involved,Controls functioning,
,,,,,,1,,,,,,,,,,,,,,,,1,,11/27/2008,833,08-06258,5TH ST,,100 FEET WEST OF L ST,,,Hit object,,,,,,,,,,Fixed object,WOODEN PHONE POLE,No pedestrians involved,Controls functioning,
,,,,,,,,,,,,,,,,,,,,,,,,11/30/2008,2224,08-06288,CHILES RD,,110 FEET WEST OF EL CEMONTE AVE,,23152 (A) VC,Rear end,,,,,,,,,,Parked motor vehicle,,No pedestrians involved,No controls present/factor,
,,,,,,,,,,,,,,,,,,,,,,,,12/2/2008,1243,08-06305,COWELL BLVD,,260 FEET WEST OF DREW AVE,,21804 (A) VC,Broadside,,,,,,,,,,Other motor vehicle,,No pedestrians involved,Controls functioning,
,1,,,,,,,,,,,,,,,,,,,,,,,12/5/2008,1812,08-06396,CHESTNUT LN,,50 FEET NORTH OF ALICE ST,,,Other,1,1.0,,,,,AUTO VS. BIKE,,,Bicycle,,No pedestrians involved,No controls present/factor,
1,,,,,,,,,,,,,,1,,1,,,,,,,,12/5/2008,2106,08-06397,COVELL BLVD,,POLE LINE RD,,21950 (B) CVC,Vehicle/pedestrian,1,,,,1.0,,,,,Pedestrian,,Crossing in crosswalk-at intersection,Controls functioning,
,,,,,,,,,,,,,,1,,,,,,,,,,12/7/2008,2500,08-06412,COVELL BLVD,,315 FEET W OF COUNTY ROAD 104,,22350,Hit object,,,,,,,,,,Fixed object,SPEED LIMIT SIGN,No pedestrians involved,Controls obscured,
,,,,,,,,,,,,,,,,,,,,,,,,12/7/2008,2200,08-06424,BIDWELL ST,,15 FEET NORTH OF EL PASO AVENUE,,22350 VC,Sideswipe,,,,,,,,,,Parked motor vehicle,,No pedestrians involved,No controls present/factor,
,,,,,,,,,,,,,,,,,,,,,,,,12/9/2008,150,08-06439,RUSSELL BLVD,SYCAMORE LN,,,23152(A) VC,Sideswipe,,,,,,,,,,Fixed object,TRAFFIC POLE,No pedestrians involved,Controls functioning,
,,,1,,,,,,,,,,,,,,,,,,,,,12/9/2008,1702,08-06452,ALHAMBRA DR,LOYOLA DR,,,22450 (A) VC,Broadside,1,,,,,,,,,Other motor vehicle,,No pedestrians involved,Controls functioning,
,,,,,,,,,,,,,,,,,,,,,,,,12/9/2008,1815,08-06453,COWELL BLVD,,1/10TH OF A MILE EAST OF RESEARCH PARK DRIVE,,22350 CVC,Hit object,,,,,,,,,,Fixed object,ROAD SIGN,No pedestrians involved,No controls present/factor,
,1,,,,,,,,,,,,,,,,,,,,,,,12/9/2008,1735,08-06455,FULL CIRCLE DR,,20 FEET NORTH OF 86 FULL CIRCLE DRIVE,,,Other,1,1.0,,,,,SOLO BIKE,,,Non-collision,,No pedestrians involved,No controls present/factor,
,,,,,,1,,1,,,,,,,,,,,1,1,1,,,12/10/2008,1623,08-06484,RUSSELL BL,,100 FEET WEST OF B ST,,22350 VC,Head-on,,,,,,,,,,Fixed object,SIGN,No pedestrians involved,No controls present/factor,
,,,,,,,,,,,,,,,,,,,,,,1,,12/12/2008,1326,08-06517,J ST,FOURTH ST,,,22107,Rear end,,,,,,,,,,Parked motor vehicle,,No pedestrians involved,No controls present/factor,
,,,,,,,,,,,,,,,,,,,,,,,,12/12/2008,1550,08-06521,RICHARDS BLVD,,60 FEET WEST OF I-80 OFFRAMP,,22350 VC,Rear end,,,,,,,,,,Other motor vehicle,,No pedestrians involved,Controls functioning,
1,,,,,,1,,,1,,,,,,,,,,1,,1,,,12/14/2008,1831,08-06539,5TH ST,F ST,,,21950 (A) VC,Vehicle/pedestrian,1,,,,1.0,,,,,Pedestrian,,Crossing in crosswalk-at intersection,Controls functioning,
,,,,,,,,,,,,,,,,,,,,,,,,12/15/2008,738,08-06543,CHILES RD,MACE BLVD,,,22107 VC,Sideswipe,,,,,,,,,,Other motor vehicle,,No pedestrians involved,Controls functioning,
,1,,,,,,1,,,,,,,,,,,,,,,,,12/15/2008,1209,08-06546,8TH ST,,ELMWOOD DR,,22350 VC,Other,1,1.0,,,,,SOLO BIKE,,,Fixed object,ROADWAY,No pedestrians involved,No controls present/factor,
,1,,,,,,,,,,,,,,,1,,,,,,,,12/16/2008,951,08-06562,POLE LINE RD,,25 FEET NORTH OF 5TH ST,,22107 VC,Other,1,1.0,,,,,AUTO VS. BIKE,,,Bicycle,,No pedestrians involved,Controls functioning,
,,,,,,,,,,,,,,,,,,,,,,,,12/15/2008,2500,08-06563,MAGPIE ST,,100 FEET SOUTH OF ORIOLE AVE,,,Other,,,,,,,UNKNOWN,,,Parked motor vehicle,,No pedestrians involved,No controls present/factor,
,,,,,,,,,,,,,,1,,1,,,,,,,,12/16/2008,1113,08-06565,POLE LINE RD,COVELL BLVD,,,21453 (A) VC,Broadside,,,,,,,,,,Other motor vehicle,,No pedestrians involved,Controls functioning,
,,,,,,,,,,,,1,,,,,,,,,,,,12/17/2008,2200,08-06599,CURLEW ST,,100 FEET NORTH OF ANDERSON RD,,22107,Head-on,,,,,,,,,,Parked motor vehicle,,No pedestrians involved,Controls functioning,
,,1,1,,,,,,,,,,,,,,,,,,,,,12/18/2008,1939,08-06628,315 W 14TH ST,,,,,Hit object,,,,,,,,,,Fixed object,CEMENT LINED PLANTER,No pedestrians involved,No controls present/factor,inattention
,,,,,1,,,,,,,,,,,,,,,,,1,,12/19/2008,447,08-06640,2ND ST,L STREET,,,22350,Hit object,1,,,,,,,,,Fixed object,CEMENT WALL,No pedestrians involved,No controls present/factor,
,,,,,,,,,,,,1,1,,,,,,,,,,,12/19/2008,2050,08-06653,W COVELL BLVD,,80 FEET EAST OF ANDERSON RD,,22350 VC,Hit object,2,,,,,,,,,Fixed object,POLE,No pedestrians involved,No controls present/factor,
,,,,,,,,,,,,1,,,,,,,,,,,,12/24/2008,59,08-06730,ANDERSON RD,,18 FEET SOUTH OF ALVARADO AVE,,22350 VC,Rear end,,,,,,,,,,Other motor vehicle,,No pedestrians involved,No controls present/factor,
,,,,,,,,,,,,,,,,,,,1,,,,,12/24/2008,218,08-06731,2ND ST,E ST,,,23152,Hit object,,,,,,,,,,Other object,SIDEWALK/PLANTER,No pedestrians involved,Controls functioning,
,1,,,,,1,,,,,,,,,,,,,,,,1,,12/24/2008,1533,08-06738,L ST,,100 FEET NORTH OF 5TH ST,,22107,Other,1,1.0,,,,,VEHICLE VS BIKE,,,Bicycle,,No pedestrians involved,No controls present/factor,
,,,,,,,,,,,,,,,,,,,,,,,,12/23/2008,2200,08-06741,607 FLICKER AVE,,,,22350 VC,Hit object,,,,,,,,,,Fixed object,LANDSCAPING,No pedestrians involved,No controls present/factor,
,,,,,1,,,,,,,,,,,,,,,,,,,12/25/2008,1100,08-06743,MACE BLVD,2ND ST,,,23152(A) VC,Rear end,,,,,,,,,,Other motor vehicle,,No pedestrians involved,Controls functioning,
,,,,,,,,,,,,,,,,,,,,,,,,12/31/2008,0,08-06807,MOORE BLVD,,440 FEET EAST OF POLE LINE RD,,,Broadside,,,,,,,,,,Parked motor vehicle,,No pedestrians involved,No controls present/factor,
,,,,,,,,,,,,,,,,,,,,,,,,12/29/2008,1200,08-06811,OYSTER BAY AVE,,200 FEET WEST OF LAKE BLVD,,,Sideswipe,,,,,,,,,,Parked motor vehicle,,No pedestrians involved,No controls present/factor,
,,,,,,,,,,,,,,1,,,,,,,,,,1/2/2009,309,09-00017,E COVELL BL,,289 FEET WEST OF L ST,,23152(A) VC,Overturned,1,,,,,,,,,Fixed Object,"TREE, NO PARKING SIGN",No Pedestrians Involved,No Controls Present/Factor,
,,,,,,,,,,,,,,,,,,,,,,,,1/3/2009,126,09-00027,RESEARCH PARK DR,,105 FEET EAST OF COWELL BLVD,,23152(A) & (B) VC,Hit Object,,,,,,,,,,Fixed Object,NO PARKING SIGN,No Pedestrians Involved,No Controls Present/Factor,
,,,,,,,,,,,,,,,,,,,,,,,,1/5/2009,1035,09-00059,LAKE BLVD,WOODS CIRCLE,,,,Hit Object,1,,,,,,,,,Fixed Object,TREE,No Pedestrians Involved,Controls Functioning,
,,,,,,1,,,,,,,,,,,,,,,,1,,1/5/2009,1454,09-00069,5TH ST,50 FEET WEST OF L ST,,,22350,Rear End,,,,,,,,,,Other Motor Vehicle,,No Pedestrians Involved,No Controls Present/Factor,
,,1,1,,,,,,,,,,,,,,,,,,,,,1/6/2009,1457,09-00090,HEMLOCK LN,,25 FEET NORTH OF DREXEL DR,,22350 VC,Side Swipe,1,,,,,,,,,Parked Motor Vehicle,,No Pedestrians Involved,Controls Functioning,
,1,,,,,,,,,,,1,,,,,,,,,,,,1/6/2009,1516,09-00091,ANDERSON RD,,300 FEET NORTH OF RUSSELL,,22107 VC,Other,1,1.0,,,,,AUTO VS. BIKE,,,Bicycle,,No Pedestrians Involved,Controls Functioning,
,,,1,,,,,,1,,,,,1,,,,,,,,,,1/9/2009,1453,09-00139,COVELL BLVD,,30 FEET WEST OF F ST,,22350 VC,Rear End,1,,,,,,,,,Other Motor Vehicle,,No Pedestrians Involved,Controls Functioning,
,,,,,,,1,,,,,,,,,,,,,,,,,1/14/2009,233,09-00194,DOUGLASS AVE,,135 FEET NORTH OF W 8TH STREET,,22350 VC,Broadside,,,,,,,,,,Other Motor Vehicle,,No Pedestrians Involved,No Controls Present/Factor,
,,,,,,,,,1,,,,,,,,,,,,1,,,1/14/2009,1735,09-00208,F ST,7TH ST,,,21801 (A) VC,Side Swipe,1,,,,,,,,,Other Motor Vehicle,,No Pedestrians Involved,No Controls Present/Factor,
,,,,,,,,,,,,,,,,,,,,,,,,1/15/2008,1830,09-00225,RICHARDS OVERPASS,,1000 FEET EAST OF OLIVE DRIVE,,22350 VC,Rear end,,,,,,,,,,Other motor vehicle,,No pedestrians involved,Controls functioning,
,1,,,,,1,,,,,,,,,,,,,1,,1,,,1/16/2009,859,09-00230,G ST,,100 FEET NORTH OF 5TH ST,,22517 VC,Other,1,1.0,,,,,BICYCLE VS. PARKED VEH,,,Bicycle,,No Pedestrians Involved,No Controls Present/Factor,
,1,,,,,1,,,,,,,,,,,,,1,,1,,,1/16/2009,1259,09-00234,F ST,,50 FEET SOUTH OF 5TH ST,,21801 (A) VC,Other,1,1.0,,,,,AUTO VS. BIKE,,,Bicycle,,No Pedestrians Involved,Controls Functioning,
,,,1,,,,,,,,,,,,,,,,,,,,,1/19/2009,1708,09-00299,2101 COWELL BLVD,,,,,Broadside,1,,,,,,,,,Other Motor Vehicle,,No Pedestrians Involved,No Controls Present/Factor,
,1,,,,,1,,,,,,,,,,,,,1,,1,,,1/21/2009,1903,09-00339,5TH ST,,100 FEET EAST OF G ST,,22106 CVC,Other,1,1.0,,,,,AUTO VS. BIKE,,,Bicycle,,No Pedestrians Involved,No Controls Present/Factor,
,,,,,,,,,,,,,,,,,,,,,,1,,1/22/2009,1103,09-00348,4TH ST,J ST,,,21802 (A) VC,Broadside,,,,,,,,,,Other Motor Vehicle,,No Pedestrians Involved,Controls Functioning,
,,,,,,,1,,,,,,,,,1,,,,,,,,1/22/2009,1426,09-00353,E 8TH ST,POLE LINE RD,,,23152 (A) VC,Hit Object,,,,,,,LIGHT POLE,,,Fixed Object,POLE,No Pedestrians Involved,Controls Functioning,
,,,,,,,,,,,,,,,,,,,,,,,,1/22/2009,1617,09-00354,SYCAMORE LN,,30 FEET NORTH OF RUSSELL BLVD,,23152 (A) VC ,Rear End,,,,,,,,,,Parked Motor Vehicle,,No Pedestrians Involved,Controls Functioning,
,,,,,,,,,,,,,,,,,,,,,,,,1/22/2009,1858,09-00355,RESEARCH PARK,,200 FEET NORTH OF COWELL BLVD,,21801 (A) VC,Broadside,5,,,,,,,,,Other Motor Vehicle,,No Pedestrians Involved,Controls Functioning,
,,,,,,,,,,,,,,,,,,,,,,,,1/24/2009,2130,09-00390,MALAGA AV,,100 FEET OFF VALENCIA ST,,,Other,,,,,,,UNKNOWN,,,Parked Motor Vehicle,,No Pedestrians Involved,No Controls Present/Factor,
1,,,,,,,,,,,,,,,,,,,,,,,,1/27/2009,658,09-00414,5TH ST,CANTRILL DR,,,21950 (A) VC,Vehicle/Pedestrian,1,,,,1.0,,,,,Pedestrian,,Crossing in Crosswalk-At Intersection,Controls Functioning,
,,,,,,,,,,,,1,,,,,,,,,,,,12/24/2008,59,09-00447,ANDERSON RD,,10 FEET N/E OF FLICKER AVE,,22350 VC,Hit object,,,,,,,,,,Fixed object,STOP SIGN,No pedestrians involved,No controls present/factor,
,,,1,,,,,,1,,,,,1,,,,,,,,,,1/28/2009,1206,09-00460,F ST,COVELL,,,22350 VC,Rear End,,,,,,,,,,Other Motor Vehicle,,No Pedestrians Involved,Controls Functioning,
,1,,1,,,,1,,,,,,,,,,,,,,,,,1/28/2009,1643,09-00464,E 8TH ST,L ST,,,21801 (A) VC,Other,1,1.0,,,,,AUTO VS. BIKE,,,Bicycle,,No Pedestrians Involved,Controls Functioning,
,,,,,,,,,,,,,,1,,1,,,,,,,,1/29/2009,740,09-00475,POLE LINE RD,,30 FEET SOUTH OF COVELL BLVD,,22350 VC,Rear End,1,,,,,,,,,Other Motor Vehicle,,No Pedestrians Involved,Controls Functioning,
,,,,,,,,,,,,,,,,,,,1,,,,,1/29/2009,920,09-00476,C ST,,35 FEET NORTH OF 3RD ST,,22106 VC,Broadside,,,,,,,,,,Other Motor Vehicle,,No Pedestrians Involved,Controls Functioning,
,,,,,,,,,,,,,,,,,,,,,,,,1/31/2009,1200,09-00510,COVELL BLVD,,500 FEET WEST OF F ST,,22350 VC,Rear End,1,,,,,,,,,Other Motor Vehicle,,No Pedestrians Involved,No Controls Present/Factor,
,,,,,,,1,1,,,,,,,,,,,,,,,,2/1/2009,2112,09-00528,B ST,8TH ST,,,21801 (A) VC,Head-on,2,,,,,,,,,Other Motor Vehicle,,No Pedestrians Involved,Controls Functioning,
,1,,,,,,,,,,,,,,,,,,,,,,,2/1/2009,2229,09-00532,RUSSELL BLVD,SYCAMORE LN,,,21453 (A) VC,Other,1,1.0,,,,,AUTO VS. BIKE,,,Bicycle,,No Pedestrians Involved,Controls Functioning,
,,,,,,,1,1,,,,,,,,,,,,,,,,2/2/2009,1900,09-00542,B ST,8TH ST,,,21801 (A) VC,Head-on,,,,,,,,,,Other Motor Vehicle,,No Pedestrians Involved,Controls Functioning,
,,,,,,,,,,,,,,,,,,,,,,,,2/3/2009,2018,09-00556,VALENCIA,,150 FEET WEST OF ANDERSON RD,,22350 VC,Rear End,,,,,,,,,,Parked Motor Vehicle,,No Pedestrians Involved,No Controls Present/Factor,
,,,,,,,,,,,,,,,,,,,,,,,,2/4/2009,1123,09-00564,N ST,,15 FEET NORTH OF POMONA,,,Rear End,,,,,,,,,,Parked Motor Vehicle,,No Pedestrians Involved,No Controls Present/Factor,
,,,1,,,,,,1,,,,,1,,,,,,,,,,1/4/2009,1450,09-00565,COVELL BLVD,,50 FEET WEST OF F ST,,22350 VC,Rear End,3,,,,,,,,,Other Motor Vehicle,,No Pedestrians Involved,Controls Functioning,
,,,,,,,,,,,,,,,,,,,,,,,,2/6/2009,1339,09-00585,RUSSELL BL,,60 FEET EAST OF OESTE PL,,,Overturned,1,,,,,,,,,Non-Collision,,No Pedestrians Involved,No Controls Present/Factor,
,,,,,,,1,,,,,,,,,,,,,,,,1,2/6/2009,1514,09-00586,8TH ST,A ST,,,21802 (A) VC,Broadside,,,,,,,,,,Other Motor Vehicle,,No Pedestrians Involved,Controls Functioning,
,1,,,,,,,,,1,,,,,,,,,,,,,,2/7/2009,2330,09-00610,CRANBROOK CT,,103 FEET WEST OF J STREET,,,Other,1,1.0,,,,,VEHICLE VS. BIKE,,,Bicycle,,No Pedestrians Involved,No Controls Present/Factor,
,,,,,,,,,,,,,,,,,,,,,,,,2/8/2009,240,09-00615,CHILES RD,,626 FEET EAST OF ENSENADA DR,,22350 VC,Hit Object,2,,,,,,,,,Fixed Object,LIGHT POLE,No Pedestrians Involved,Controls Functioning,
,,,,,,,,,,,,,,,,,,,1,,,,,2/7/2009,2100,09-00620,AGGIE LN,,25 FEET EAST OF COTTAGE CIRCLE,,22106 VC,Hit Object,,,,,,,,,,Fixed Object,"""NO PARKING' SIGN POST",No Pedestrians Involved,Controls Functioning,
,1,,,,,,1,,,,,,,,,,,,,,,,,2/9/2009,22,09-00631,W 8TH ST,,108 FEET EAST OF SYCAMORE LN,,,Other,1,1.0,,,,,SOLO BIKE,,,Other Object,GROUND,No Pedestrians Involved,Controls Functioning,
,,,,,,,,,,,,,,,,,1,,,,,,,2/9/2009,1238,09-00641,RUSSELL BLVD,,30 FEET EAST OF ARTHUR DR,,22350 VC,Rear End,,,,,,,,,,Other Motor Vehicle,,No Pedestrians Involved,Controls Functioning,
,,,,,,,1,,,,,,,,,,,,,,,,,1/13/2009,0,09-00651,DOUGLASS,,185 FEET NORTH OF W 8TH ST,,22350 VC,Rear End,,,,,,,,,,Parked Motor Vehicle,,No Pedestrians Involved,Controls Functioning,1 day and 50 feet apart two parked cars are hit?!?
,,,,,,,1,,,,,,,,,,,,,,,,,2/10/2009,2144,09-00668,W 8TH ST,,75 FEET EAST OF PARKSIDE DR,,22350 VC,Hit Object,,,,,,,,,,Other Object,WOODEN FENCE,No Pedestrians Involved,Controls Functioning,
,,,,,,,,,,,,,,,,,,,,,,,,2/11/2009,1255,09-00671,WAKE FOREST DR,,300 FEET WEST OF SYCAMORE LANE,,22350 CVC,Rear End,,,,,,,,,,Parked Motor Vehicle,,No Pedestrians Involved,No Controls Present/Factor,
,,,,,,,,,,,,,,,,1,,,,,,,,2/11/2009,1741,09-00681,5TH ST,,1000 FEET WEST OF POLE LINE RD,,22350 CV,Side Swipe,,,,,,,,,,Other Motor Vehicle,,No Pedestrians Involved,No Controls Present/Factor,
1,,,,,,1,,1,,,,,,,,,,,1,1,1,,,2/12/2009,1340,09-00697,RUSSELL BLVD,B ST,,,21950 (A) VC,Vehicle/Pedestrian,1,,,,1.0,,,,,Pedestrian,,Crossing in Crosswalk-At Intersection,Controls Functioning,
,1,,,,,,,,,,,,1,,,,,,,,,,,2/13/2009,225,09-00704,ANDERSON,,50 FEET SOUTH OF RADCLIFFE DR,,20001 (a) vc,Other,1,1.0,,,,,AUTO VS BIKE,,,Bicycle,,No Pedestrians Involved,Controls Functioning,
,,,,,,,,,,,,1,,,,,,,,,,,,2/13/2009,2358,09-00744,ANDERSON RD,ALVARADO AVE,,,23152(A) VC,Head-on,1,,,,,,,,,Parked Motor Vehicle,,No Pedestrians Involved,No Controls Present/Factor,
,,,,,,,,,,,,,,,,,,,,,,1,,2/15/2009,1738,09-00757,3RD ST,I STREET,,,22107 VC,Broadside,,,,,,,,,,Other Motor Vehicle,,No Pedestrians Involved,Controls Functioning,
1,,,,,,,,,,,,,,,,1,,,,,,,,2/15/2009,1728,09-00758,POLE LINE RD,5TH ST,,,21954 (A) VC,Vehicle/Pedestrian,1,,,,1.0,,,,,Pedestrian,,In Road - Includes Shoulder,Controls Functioning,
,,,,,,1,,1,,,,,,,,,,,1,1,1,,,2/17/2009,1209,09-00772,B ST,,25 FEET SOUTH OF 5TH ST,,22350 VC,Rear End,1,,,,,,,,,Other Motor Vehicle,,No Pedestrians Involved,Controls Functioning,
,,,,,,1,,1,,,,,,,,,,,1,1,1,,,2/17/2009,1734,09-00780,5TH ST,,20 FEET EAST OF B ST,,22350 VC,Rear End,,,,,,,,,,Other Motor Vehicle,,No Pedestrians Involved,Controls Functioning,
,1,1,1,,,,,,,,,,,,,,,,,,,,,2/18/2009,855,09-00787,OAK AVE,,100 FEET NORTH OF 14TH ST,,21801 (A) VC,Other,1,1.0,,,,,VEHICLE VS BIKE,,,Bicycle,,No Pedestrians Involved,Controls Functioning,
,,,,,,,,,,,,,,,,,,,,,,,,2/19/2009,827,09-00807,COWELL BLVD,,800 FEET WEST OF SCHMEISSEN DR,,22107 VC,Hit Object,,,,,,,,,,Other Object,GARBAGE CAN,No Pedestrians Involved,No Controls Present/Factor,
,,,,,,,,,,,,,,1,,,,,,,,,,2/21/2009,1154,09-00836,COVELL BLVD,BAYWOOD LN,,,21802 (A) VC,Broadside,,,,,,,,,,Other Motor Vehicle,,No Pedestrians Involved,Controls Functioning,
,,,,,,,,,,,,,,,,,,,,,,,,2/24/2009,951,09-00878,RICHARDS BLVD,I-80,,,21453 (A) VC,Head-on,1,,,,,,,,,Fixed Object,CONCRETE WALL,No Pedestrians Involved,Controls Functioning,
,,,,,,,,,,,,,1,,,,,,,,,,,2/24/2009,1823,09-00887,ANDERSON RD,,15 FEET SOUTH OF RADCLIFFE,,22350 VC,Rear End,,,,,,,,,,Other Motor Vehicle,,No Pedestrians Involved,Controls Functioning,
,,,,,,,,,,,,1,1,,,,,,,,,,,2/25/2009,1347,09-00897,W COVELL BL,,75 FEET WEST OF ANDERSON RD,,22350 VC,Rear End,1,,,,,,,,,Other Motor Vehicle,,No Pedestrians Involved,No Controls Present/Factor,
,,,,,,,,,,,,,1,,,,,,,,,,,2/26/2009,2251,09-00922,ANDERSON RD,,40 FEET NORTH OF RUSSELL BLVD,,22106 VC,Other,,,,,,,BACKED INTO,,,Other Motor Vehicle,,No Pedestrians Involved,Controls Functioning,
,,,,,,,,,,,,,,,,,,,,,,,,2/27/2009,840,09-00926,MACE BL,ALHAMBRA DR,,,21453 (A) VC,Head-on,1,,,,,,,,,Other Motor Vehicle,,No Pedestrians Involved,Controls Functioning,
,1,,,,,,,,,,,,,,,,,,,,,,,3/1/2009,2054,09-00966,ALVARADO AV,,120 FEET WEST OF CAMINO COURT,,21200.5 VC,Other,,,,,,,VEHICLE VS. BIKE,,,Bicycle,,No Pedestrians Involved,Controls Functioning,
,1,1,1,,,,,,,,,,1,,,,,,,,,,,3/2/2009,1907,09-00987,ANDERSON RD,VILLANOVA DR,,,21801 VC,Other,1,1.0,,,,,VEHICLE VS. BIKE,,,Bicycle,,No Pedestrians Involved,Controls Functioning,
,,,,,,,,,,,,,,,,,,,,,1,,,3/4/2009,1714,09-01029,E ST,6TH ST,,,22450(A) VC,Broadside,,,,,,,,,,Other Motor Vehicle,,No Pedestrians Involved,Controls Functioning,
,,,,1,,,,,,,,,,,,,,,1,,,,,3/5/2009,1245,09-01038,FIRST ST,D ST,,,21801 (A) VC,Side Swipe,,,,,,,,,,Other Motor Vehicle,,No Pedestrians Involved,Controls Functioning,
,,,,,,,,,,,,,,,,,,,,,,,,3/6/2009,1949,09-01066,MACE BLVD,I-80 WB ON RAMP,,,23152 (A) VC,Broadside,,,,,,,,,,Other Motor Vehicle,,No Pedestrians Involved,Controls Functioning,
,,,,,,,,,,,,,,,,,,,,,,,,3/7/2009,1700,09-01099,CAMINO CT,,171 FEET NORTH OF ALVARADO AVE,,22350 VC,Side Swipe,,,,,,,,,,Parked Motor Vehicle,,No Pedestrians Involved,Controls Functioning,
,,,,,1,,,,,,,,,,,,,,,,,1,,3/10/2009,2124,09-01121,SECOND STREET,,100 FEET EAST OF L ST,,22350 VC,Overturned,2,,,,,,,,,Fixed Object,SOUTH CURB,No Pedestrians Involved,Controls Functioning,
,,,,,,,,,,,,,,,,,,,,,,,,3/12/2009,1743,09-01157,CHESTNUT LN,ALICE ST,,,22106 VC,Broadside,,,,,,,,,,Other Motor Vehicle,,No Pedestrians Involved,Controls Functioning,
,,,,,,,,,,,,,,,,,,,,,,,,3/13/2009,825,09-01165,ALHAMBRA DR,,120 FEET WEST OF MACE BLVD,,22350 VC,Hit Object,,,,,,,,,,Fixed Object,LIGHT POLE,No Pedestrians Involved,No Controls Present/Factor,
,,,,,,,,,,,,,,1,,,,,,,,,,3/16/2009,1002,09-01204,E COVELL BLVD,,1200 FEET WEST OF CR 104,,,Hit Object,1,,,,,,,,,Fixed Object,RAISED MEDIAN,No Pedestrians Involved,No Controls Present/Factor,
,,,,,,,,,,,,,,,,,,,,,,,,3/18/2009,734,09-01234,CAMINO CT,,100 FEET NORTH OF ALVARADO AVE,,22106 VC,Side Swipe,,,,,,,,,,Parked Motor Vehicle,,No Pedestrians Involved,Controls Functioning,
,,,,,,1,,,1,,,,,,,,,,1,,1,,,3/19/2009,1350,09-01251,F ST,5TH ST,,,,Head-on,,,,,,,,,,Other Motor Vehicle,,No Pedestrians Involved,Controls Functioning,
,,,1,,,,,,,,,,,,,,,,,,,,,3/19/2009,1807,09-01254,OAK AVE,,150 FEET SOUTH OF SCRIPPS DR,,22350 CVC,Rear End,3,,,,,,,,,Other Motor Vehicle,,No Pedestrians Involved,No Controls Present/Factor,
,,,1,,,,,,,,,,,,,,,,,,,,,3/20/2009,928,09-01259,W COVELL BL,OAK AVE,,,22350 vc,Rear End,,,,,,,,,,Other Motor Vehicle,,No Pedestrians Involved,Controls Functioning,
,,,,,,,,,,,,,,,,,,,,,1,,,3/22/2009,1228,09-01293,C ST,,150 FEET SOUTH OF D ST,,22106 CVC,Other,,,,,,,BACKING,,,Other Motor Vehicle,,No Pedestrians Involved,No Controls Present/Factor,How can C Street be south of D?
,,,,,,,,,,,,,,,,,,,,,,,,3/24/2009,1605,09-01326,JOHN JONES RD,,251 FEET NORTH OF COVELL BLVD,,22107 CVC,Rear End,1,,,,,,,,,Other Motor Vehicle,,No Pedestrians Involved,Controls Functioning,
,,,,,,,,,,,,,,,,,,,,,,,,3/28/2009,300,09-01401,COWELL BLVD,DREW AVE,,,,Head-on,,,,,,,,,,Fixed Object,SIGNAL POLE,No Pedestrians Involved,Controls Functioning,
,,,,,,,,,,,,,,,,,,,,,,,,3/28/2009,435,09-01402,GLACIER DR,,300 FEET EAST OF DENALI,,23152 VC,Hit Object,,,,,,,,,,Fixed Object,WOODEN BARRIER WALL,No Pedestrians Involved,No Controls Present/Factor,
,1,,,,,,,,,,,,,,,,,,1,,1,,,3/31/2009,839,09-01443,G ST,,218 FEET NORTH OF 6TH ST,,22517 CVC,Other,1,1.0,,,,,BIKE VS. AUTO,,,Bicycle,,No Pedestrians Involved,No Controls Present/Factor,