Ped,Bike,Bike Loop,School Area,1st St,E 2nd St,5th St,8th St,B St,F St,J St N,North Sycamore,North Anderson,North Anderson,East Covell,Olive Drive,Pole Line,West Russell,Russell,Downtown,University Rice,Old North,Old East,A St,DATE,TIME,REPORT,STREET 1,STREET 2,DISTANCE,DIRECTION,PRIMARY CAUSE,COLLISION TYPE,INJURY,Bike,5 Year Bike,5 Year  Ped,Ped,FATAL,TYPE OF COLLISION,VEHICLE 1,VEHICLE 2,INVOLVED WITH,OBJECT HIT,PEDESTRIAN ACTION,TRAFFIC CONTROL DEVICES,NOTES
,,,1,,,,,,1,,,,,1,,,,,,,,,,4/3/2009,1759,09-01511,F ST,,15 FEET NORTH OF COVELL BLVD,,22350 (A) VC,Rear End,1,,,,,,,,,Other Motor Vehicle,,No Pedestrians Involved,Controls Functioning,
,,,,,,,,,,,,,,,,,,,,,,,,4/3/2009,2055,09-01513,SYCAMORE LN,,200 FEET NORTH OF RUSSELL BLVD,,21804 (A) VC,Broadside,1,,,,,,,,,Other Motor Vehicle,,No Pedestrians Involved,Controls Functioning,
,,,,,,,,,,,,1,,,,,,,,,,,,4/4/2009,135,09-01515,ANDERSON RD,ALVARADO AVE,,,23152 VCV,Hit Object,,,,,,,,,,Fixed Object,CURB,No Pedestrians Involved,Controls Functioning,
,,,,,,,,,,,,,,,,,,,,,,,,4/3/2009,2300,09-01518,REDBUD DR,,100 FEET WEST OF MACE BLVD,,,Rear End,,,,,,,,,,Parked Motor Vehicle,,No Pedestrians Involved,No Controls Present/Factor,
,1,,,1,,,,,,,,,,,,,,,1,1,,,,4/4/2009,1057,09-01536,1ST ST,B ST,,,21804 (A) VC,Broadside,1,1.0,,,,,,,,Bicycle,,No Pedestrians Involved,Controls Functioning,
,,,,,,,,,,,,,,,,,,,,,,,,4/4/2009,2352,09-01545,LAKE BLVD,,9 FEET SOUTH OF COVELL BLVD,,23152 (A) VC,Hit Object,,,,,,,,,,Fixed Object,RAISED CURB,No Pedestrians Involved,Controls Functioning,
,1,,,,,,,,,,,,,,,,,,1,,,,,4/6/2009,2030,09-01571,E ST,2ND ST,,,,Other,1,1.0,,,,,AUTO VS. BIKE,,,Bicycle,,No Pedestrians Involved,Controls Functioning,
,,,,,,,,,,,,,,,,,,,1,,,,,4/9/2009,1901,09-01625,3RD ST,C ST,,,21802 (A) VC,Broadside,1,,,,,,,,,Other Motor Vehicle,,No Pedestrians Involved,Controls Functioning,
,,,,,,,,,,,,,,,,,,,,,,,,4/10/2009,233,09-01630,OESTE DR,RUSSELL BLVD,,,23152 VC,Hit Object,,,,,,,,,,Fixed Object,"STOP SIGN, STREET SIGN",No Pedestrians Involved,No Controls Present/Factor,
,1,,1,,,,,,,,,,,,,,,,,,,,,4/10/2009,1043,09-01652,OAK AV,,5 FEET SOUTH OF COVELL,,21804 (a) vc,Other,1,1.0,,,,,AUTO VS BIKE,,,Bicycle,,No Pedestrians Involved,Controls Functioning,
1,,,,,,,,,,,,,,,,,,,,,,,1,4/10/2009,2320,09-01662,7TH ST,MILLER DR,,,,Vehicle/Pedestrian,1,,,,1.0,,,,,Pedestrian,,Crossing - Not in Crosswalk,Controls Functioning,
1,,,,,,,,,,,,,,,,,,,,,,,,4/13/2009,1343,09-01695,ALLEY WAY BETWEEN 3RD AND 4TH ST,,80 FEET EAST OF G ST,,22350 VC,Vehicle/Pedestrian,1,,,,1.0,,,,,Pedestrian,,In Road - Includes Shoulder,No Controls Present/Factor,
,,,1,,,,,,,,,,,,,,,,,,,,,4/14/2009,2015,09-01712,OESTE DR,,35 FEET SOUTH OF RUTGERS DR,,,Side Swipe,,,,,,,,,,Parked Motor Vehicle,,No Pedestrians Involved,No Controls Present/Factor,
,,,,,,1,,,,,,,,,,,,,,,,1,,4/15/2009,2041,09-01726,5TH ST,I ST,,,22350 VC,Rear End,,,,,,,,,,Other Motor Vehicle,,No Pedestrians Involved,Controls Functioning,
,,,,,,,,,,,,,,,,,,,,,,,,4/17/2009,1423,09-01750,LA VIDA WAY,,10 FEET SOUTH OF BECERRA WAY,,,Other,,,,,,,UNKNOWN,,,Parked Motor Vehicle,,No Pedestrians Involved,No Controls Present/Factor,
,1,,1,,,,,,1,,,,,,,,,,,,,,,4/18/2009,1306,09-01773,F ST,,500 FEET NORTH OF 14TH ST,,22517 VC,Other,1,1.0,,,,,AUTO VS. BIKE,,,Bicycle,,No Pedestrians Involved,No Controls Present/Factor,
,,,,,,,,,,,,,,,,,,,,,,,,4/16/2009,0,09-01820,RUSSELL BLVD,,150 FEET EAST OF OAK AVE,,,Other,,,,,,,UNKNOWN,,,Parked Motor Vehicle,,No Pedestrians Involved,Controls Functioning,
1,,,,,,,,,,,,,,,,,,,,,,,,4/20/2009,820,09-01826,ALHAMBRA DR,ARROYO AVE,,,22450 (A) VC,Other,1,,,,1.0,,CAR VS PEDESTRIAN,,,Pedestrian,,Crossing in Crosswalk-At Intersection,Controls Functioning,
,,,,,,,,,,,,,,,,,,,,,,,,4/20/2009,1325,09-01835,MACE BLVD,,30 FEET NORTH OF CHILES RD,,22350 VC,Rear End,,,,,,,,,,Other Motor Vehicle,,No Pedestrians Involved,Controls Functioning,
,,,,,,,,,,,,,,,,,,,,,,,,4/20/2009,2033,09-01841,RUSSELL BLVD,OAK AVE,,,21801 (a) VC,Broadside,,,,,,,,,,Other Motor Vehicle,,No Pedestrians Involved,Controls Functioning,
1,1,,1,,,,,,,,,,,,,,,,,,,,,4/22/2009,831,09-01866,BIRCH LN,,150 FEET SOUTH OF CHAPMAN PL,,21950 (A) VC,Other,1,0.5,,,0.5,,BIKE VS. PED,,,Pedestrian,,Crossing in Crosswalk-Not at Intersection,Controls Functioning,
,,,,,,,,,,,,,,,,,,,,,,,,4/22/2009,1344,09-01871,SHASTA DR,,20 FEET SOUTH OF W COVELL BLVD,,22350 CVC,Rear End,1,,,,,,,,,Other Motor Vehicle,,No Pedestrians Involved,Controls Functioning,
,,,,,,1,,,1,,,,,,,,,,1,,1,,,4/23/2009,310,09-01882,5TH ST,,20 FEET EAST OF F ST,,23152 VC,Side Swipe,,,,,,,,,,Fixed Object,CURB,No Pedestrians Involved,Controls Functioning,
,,,,,,,,,,,,,,1,,1,,,,,,,,4/23/2009,1610,09-01892,COVELL BLVD,,300 FEET WEST OF POLE LINE RD,,21804 (A) VC,Broadside,,,,,,,,,,Other Motor Vehicle,,No Pedestrians Involved,No Controls Present/Factor,
,1,,1,,,,,,,,,,1,,,,,,,,,,,4/25/2009,938,09-01915,ANDERSON RD,RUTGERS DR,,,,Other,1,1.0,,,,,SOLO BIKE,,,Fixed Object,CURB,No Pedestrians Involved,No Controls Present/Factor,
,1,,,,,,,,,,,,,,,,,,,1,,,,4/27/2009,1535,09-01943,3RD ST,,40 FEET EAST OF UNIVERSITY AVE,,22517 VC,Other,1,1.0,,,,,CAR VS. BIKE,,,Bicycle,,No Pedestrians Involved,Controls Functioning,
,1,,,,,,,,,,,,,,,,1,,,,,,,4/27/2009,1734,09-01946,RUSSELL BL,,10 FEET WEST OF PORTAGE BAY EAST,,22107 VC,Other,1,1.0,,,,,CAR VS. BIKE,,,Bicycle,,No Pedestrians Involved,Controls Functioning,
,,,,,,1,,,,,,,,,,,,,1,,1,,,4/28/2009,1615,09-01977,E ST,,20 FEET SOUTH OF 5TH ST,,22350 CVC,Side Swipe,,,,,,,,,,Parked Motor Vehicle,,No Pedestrians Involved,No Controls Present/Factor,
,,,,,,,,,,,,,,,,,,,,,,,,4/28/2009,2114,09-01979,CR 31,,33 FEET WEST OF LAKE BLVD,,21801 (A) VC,Hit Object,,,,,,,,,,Fixed Object,TRAFFIC SIGNAL,No Pedestrians Involved,Controls Functioning,
,,,,,,1,,,,,,,,,,,,,,,,1,,4/29/2009,1514,09-02000,5TH ST,J ST,,,21802(A) VC,Broadside,1,,,,,,,,,Other Motor Vehicle,,No Pedestrians Involved,Controls Functioning,
,,,,,,,,,,,,,,,,,,,,,,,,4/22/2009,1745,09-02006,BARONY PL,400 FEET EAST OF VALDORA ST,,,,Rear End,,,,,,,,,,Parked Motor Vehicle,,,Controls Functioning,
,,,,,,,,,,,,,,,,,,,,,,,,5/1/2009,1623,09-02026,COWELL BL,,250 FEET WEST OF DREW CIR,,22350 CVC,Rear End,1,,,,,,,,,Other Motor Vehicle,,No Pedestrians Involved,Controls Functioning,
,,,,,,,1,,,,,,,,,,,,,,,,,5/1/2009,1830,09-02031,MULBERRY LN,,105 FEET SOUTH OF WEST 8TH ST,,22350 VC,Hit Object,1,,,,,,,,,Fixed Object,TREE,No Pedestrians Involved,No Controls Present/Factor,
,,,,,,,,,1,,,,,,,,,,,,,,,4/2/2009,2357,09-02058,11TH ST,,50 FEET EAST OF F ST,,22350 VC,Side Swipe,,,,,,,,,,Parked Motor Vehicle,,No Pedestrians Involved,Controls Functioning,
,,,,,,,,,,,,,,,,,,,,,,,,5/4/2009,2358,09-02088,RESEARCH PARK,COWELL BLVD,,,21453 (A) VC,Broadside,,,,,,,,,,Other Motor Vehicle,,No Pedestrians Involved,Controls Functioning,
,,,1,,,,,,,,,,,,,,,,,,,,,5/5/2009,700,09-02091,W COVELL BL,OAK AVE,,,21453 (a) VC,Broadside,2,,,,,,,,,Other Motor Vehicle,,No Pedestrians Involved,Controls Functioning,
1,,,,,,,,,,,,1,1,,,,,,,,,,,5/4/2009,1213,09-02100,W COVELL BLVD,ANDERSON RD,,,21453 (C) VC,Vehicle/Pedestrian,1,,,,1.0,,,,,Pedestrian,,Crossing in Crosswalk-At Intersection,Controls Functioning,
,,,,,,,,,,,,,,,,,,,,,,,,5/6/2009,1358,09-02120,W COVELL BL,,300 FEET EAST OF SYCAMORE LN,,22350 VC,Hit Object,1,,,,,,POLE,,,Fixed Object,POLE,No Pedestrians Involved,Controls Functioning,
,,,,,,1,,,,,,,,,,,,,1,,1,,,5/6/2009,1648,09-02123,5TH ST,D ST,,,22350 VC,Rear End,,,,,,,,,,Other Motor Vehicle,,No Pedestrians Involved,No Controls Present/Factor,
1,1,1,,,,,,,,,,,,,,,,,,,,,,5/7/2009,1545,09-02145,DAVE PELTZ BIKE OVER CROSSING,,150 FEET NORTH OF COWELL BLVD,,,Other,1,0.5,,,0.5,,BIKE VS. PED,,,,,Not in Road,No Controls Present/Factor,
,,,,,,,,,1,,,,,,,,,,,,,,,5/7/2009,1750,09-02150,F ST,AMPOLA DR,,,21801 (A) VC,Broadside,1,,,,,,,,,Other Motor Vehicle,,No Pedestrians Involved,Controls Functioning,
,,,,,,,1,,,,,,,,,1,,,,,,,,5/8/2009,1037,09-02159,E 8TH ST,POLE LINE RD,,,21801(A) VC,Broadside,,,,,,,,,,Other Motor Vehicle,,No Pedestrians Involved,Controls Functioning,
,1,,,,,,,,,,,,,,,,,,,,,,,5/8/2009,1224,09-02161,RICHARDS BLVD,,300 FEET NORTH OF I-80 EB ON-RAMP,,,Other,1,1.0,,,,,SOLO BIKE,,,,,No Pedestrians Involved,No Controls Present/Factor,
,,,1,,,,,,1,,,,,1,,,,,,,,,,5/8/2009,1218,09-02163,F ST,COVELL BLVD,,,22350 VC,Rear End,,,,,,,,,,Other Motor Vehicle,,No Pedestrians Involved,Controls Functioning,
,,,,,,1,,,,,,,,,,,,,1,,1,,,5/8/2009,1456,09-02166,G ST,5TH ST,,,22107 VC,Side Swipe,1,,,,,,,,,Other Object,CURB,No Pedestrians Involved,Controls Functioning,
,,,,,,,,,,,,,,1,,,,,,,,,,5/10/2009,1722,09-02205,WRIGHT BL,,12 FEET NORTH OF COVELL BLVD,,22350 VC,Rear End,,,,,,,,,,Other Motor Vehicle,,No Pedestrians Involved,Controls Functioning,
,,,,,,,,,,,,,,,,,,,,,,,,5/11/2009,825,09-02211,5TH ST,,900 FEET EAST OF L ST,,22107 VC,Hit Object,,,,,,,,,,Fixed Object,FENCE,No Pedestrians Involved,Controls Functioning,
,1,,,,,,,,,,,,,,,,,,,,,,1,5/11/2009,958,09-02212,A ST,SHEPARDS LN,,,22350 VC,Other,1,1.0,,,,,SOLO BIKE,,,Fixed Object,ROADWAY,No Pedestrians Involved,Controls Functioning,
,1,1,1,,,,,,,1,,,,,,,,,,,,,,5/11/2009,820,09-02218,J ST,,100 FEET NORTH OF DREXEL DR,,21209 (A) VC,Other,1,1.0,,,,,CAR VS. BIKE,,,Bicycle,,No Pedestrians Involved,Controls Functioning,
,,,,,,,,,,,,,,,,,,,,,1,,,5/12/2009,1333,09-02235,7TH ST,D ST,,,21800 (A) VC,Broadside,,,,,,,,,,Other Motor Vehicle,,No Pedestrians Involved,Controls Functioning,
,,,,,,,,,,,,,,,,,,,1,,,,,5/12/2009,1644,09-02240,G ST,,15 FEET NORTH OF 4TH ST,,22350 VC,Rear End,,,,,,,,,,Other Motor Vehicle,,No Pedestrians Involved,Controls Functioning,
,,,,,1,,,,,,,,,,,,,,,,,,,5/13/2009,910,09-02259,MACE BLVD,,20 FEET SOUTH OF 2ND ST,,22350 VC,Rear End,1,,,,,,,,,Other Motor Vehicle,,No Pedestrians Involved,Controls Functioning,
,,,,,,,,,,,,,,,,,,,,,,,,5/14/2009,137,09-02276,W COVELL BL,,20 FEET WEST OF DENALI DR,,22350 VC,Hit Object,1,,,,,,,,,Fixed Object,RAISED ISLAND,No Pedestrians Involved,Controls Functioning,
,,,,,,,,,1,,,,,1,,,,,,,,,,5/14/2009,749,09-02278,W COVELL BL,,10 FEET EAST OF F ST,,22350 CV,Rear End,,,,,,,,,,Other Motor Vehicle,,No Pedestrians Involved,Controls Functioning,
,,,,,,,,,,,,,,,,1,,,,,,,,5/15/2009,1908,09-02308,LEHIGH DR,POEL LINE RD,,,22106 CVC,Other,1,,,,,,BACKING,,,Other Motor Vehicle,,No Pedestrians Involved,No Controls Present/Factor,
,,,,,,,,,,,,,,,,,,,,,,,,5/15/2009,1815,09-02310,N ST,POMONA DR,,,,Broadside,,,,,,,,,,Parked Motor Vehicle,,No Pedestrians Involved,Controls Functioning,
,,,,,,,,,,,,,,,,,,,,,,,,5/14/2009,1600,09-02323,CRAIG PL,,150 FEET NORTH OF HAUSSLER LN,,,Hit Object,,,,,,,,,,Parked Motor Vehicle,,No Pedestrians Involved,No Controls Present/Factor,
,,,1,,,,,,,,,,,,,1,,,,,,,,5/16/2009,1514,09-02325,POLE LINE RD,,30 FEET NORTH OF COWELL BLVD,,22350 VC,Rear End,2,,,,,,,,,Other Motor Vehicle,,No Pedestrians Involved,Controls Functioning,
,,,,,,,,,,,,,,,,,,,,,,,,5/16/2009,0,09-02326,5TH ST,CANTRILL DR,,,22350 VC,Rear End,1,,,,,,,,,Other Motor Vehicle,,No Pedestrians Involved,No Controls Present/Factor,
,,,,,,,,,,,,,,,,,1,,,,,,,5/16/2009,1827,09-02327,RUSSELL BL,,10 FEET WEST OF N/B SR113 OFF RAMP,,22350 VC,Rear End,1,,,,,,,,,Other Motor Vehicle,,No Pedestrians Involved,Controls Functioning,
,,,,,,,,,,,,,,,,,,,,,,,,5/16/2009,2319,09-02332,COLLEGE PARK,,312 FEET WEST OF EUREKA AVE,,23152 (A) VC,Rear End,1,,,,,,,,,Parked Motor Vehicle,,No Pedestrians Involved,No Controls Present/Factor,
,,,,,,,,,,,,,,,,,,,,,,,,5/17/2009,18,09-02336,RADCLIFFE DR,,132 FEET WEST OF HOLLY LN,,23152 (A) (B) VC,Other,,,,,,,PARKED CAR,,,Parked Motor Vehicle,,No Pedestrians Involved,No Controls Present/Factor,
,,,,,,,,,,,,,,,,,,,,,,,,5/21/2009,339,09-02413,ARENA DR,,100 FEET SOUTH OF LA PLAYA DR,,,Other,,,,,,,UNKNOWN,,,Fixed Object,FENCE AND TREES,No Pedestrians Involved,No Controls Present/Factor,
,,,,,,1,,,,,,,,,,,,,,1,,,1,5/21/2009,1024,09-02421,A ST,RUSSELL BLVD,,,22350 CVC,Rear End,,,,,,,,,,Other Motor Vehicle,,No Pedestrians Involved,Controls Functioning,
,,,,,,,,,,,,,,,,,,,,,,,,5/22/2009,1231,09-02435,CHILES RD,EL CEMONTE ROAD,,,22107 CVC,Side Swipe,,,,,,,,,,Parked Motor Vehicle,,No Pedestrians Involved,No Controls Present/Factor,
,1,,,,,,,,,,,,,,,,1,,,,,,,5/22/2009,1500,09-02441,RUSSELL BL,,130 FEET WEST OF EISENHOWER ST,,,Other,1,1.0,,,,,SOLO BIKE,,,Non-Collision,,No Pedestrians Involved,No Controls Present/Factor,
,,,,,,,,,,,,,,,,,,,,,,,,5/25/2009,357,09-02482,ALHAMBRA DR,,480 FEET EAST OF EAST CURB LINE OF ATLANTIS DR,,,Hit Object,,,,,,,,,,Fixed Object,CURB,No Pedestrians Involved,No Controls Present/Factor,
,,,,,,,,,,,,,,,,,,,,,,,,5/25/2009,847,09-02483,WHITE SANDS LN,,300 FEET EAST OF EL CAPITAN ST,,,Broadside,,,,,,,,,,Parked Motor Vehicle,,No Pedestrians Involved,Controls Functioning,
1,,,,,1,,,,,,,,,,,,,,,,,,,5/26/2009,1013,09-02499,2ND ST,,250 FEET NORTHWEST OF FARADAY AVE EAST,,29004 (A) (1) VC,Vehicle/Pedestrian,1,,,,1.0,,,,,Pedestrian,,Not in Road,Controls Functioning,
,,,,,,,,,,,,,,,,,,,,,,,,5/26/2009,1728,09-02510,MACE BL,,FEET NORTH OF W/B I-80 ON-RAMP,,22350 VC,Rear End,,,,,,,,,,Other Motor Vehicle,,No Pedestrians Involved,Controls Functioning,
,,,,,,1,,,,,,,,,,,,,1,,1,,,5/28/2009,1718,09-02541,5TH ST,C ST,,,22350 CVC,Rear End,4,,,,,,,,,Other Motor Vehicle,,No Pedestrians Involved,Controls Functioning,
,1,,,,,,,,,,,,,,1,,,,,,,,,5/29/2009,1511,09-02552,W OLIVE DR,,300 FEET SOUTH OF RICHARDS BLVD,,21804 (A) VC,Other,1,1.0,,,,,BIKE VS AUTO,,,Bicycle,,No Pedestrians Involved,Controls Functioning,
,,,,,,,,,,,,,,,,,,,,,,,,5/29/2009,2007,09-02554,5TH ST,,200 FEET WEST OF PENA DRIVE,,22400 VC,Rear End,,,,,,,,,,Other Motor Vehicle,,No Pedestrians Involved,No Controls Present/Factor,
1,,,,,,,,,,,,,,,,,,,,,,,,5/31/2009,1504,09-02585,CHESTNUT LN,,375 FEET NORTH OF DREXEL,,21954 (a) vc,Vehicle/Pedestrian,1,,,,1.0,,,,,Pedestrian,,Crossing - Not in Crosswalk,Controls Functioning,
,1,,,,,1,,,,,,,,,,,,,,,,1,,6/1/2009,1125,09-02597,5TH ST,K ST,,,22107 VC,Other,1,1.0,,,,,VEHICLE VS BIKE,,,Bicycle,,No Pedestrians Involved,Controls Functioning,
,,,,,,,,,,,,,,1,,1,,,,,,,,6/2/2009,1509,09-02623,COVELL BLVD,POLE LINE RD,,,22350 CVC,Rear End,1,,,,,,,,,Other Motor Vehicle,,No Pedestrians Involved,Controls Functioning,
,1,,1,,,,,,,,,,,,,,,,,,,,,6/3/2009,1350,09-02637,1600 BIRCH LN,,,,,Other,1,1.0,,,,,SOLO BIKE,,,Non-Collision,,No Pedestrians Involved,No Controls Present/Factor,
,,,,,,,,,,,,1,,,,,,,,,,,,6/4/2009,347,09-02655,ANDERSON RD,VALENCIA DR,,,22350 VC,Hit Object,1,,,,,,,,,Fixed Object,LAMP POST,No Pedestrians Involved,No Controls Present/Factor,
,,,,,,,,,,,,,,,,,,,,,,,,6/5/2009,755,09-02680,5TH ST,SAN RAFAEL,,,21453(a) vc,Broadside,1,,,,,,,,,Other Motor Vehicle,,No Pedestrians Involved,Controls Functioning,
,1,,,,,1,,,,,,,,,,,,,,,,1,,6/5/2009,1723,09-02689,5TH ST,,20 FEET EAST OF ROWE PL,,22350 VC,Other,1,1.0,,,,,SOLO BIKE,,,,,No Pedestrians Involved,No Controls Present/Factor,
,1,,,,,,,,,,,,,,1,,,,,,,,,6/9/2009,903,09-02735,RICHARDS BL,,200 FEET SOUTH OLIVE DR,,22350 VC,Other,1,1.0,,,,,SOLO BICYCLE,,,Non-Collision,,No Pedestrians Involved,Controls Functioning,
,,,,,,1,,,,,,,,,,,,,,,,1,,6/9/2009,1247,09-02737,5TH ST,J ST,,,21802 (A) VC,Broadside,1,,,,,,,,,Other Motor Vehicle,& FIXED OBJECT CITY POLE,No Pedestrians Involved,Controls Functioning,
,,,,,,1,,,,,,,,,,,,,,,,1,,6/9/2009,1256,09-02738,5TH ST,,30 FEET EAST OF J ST,,22350 VC,Rear End,1,,,,,,,,,Other Motor Vehicle,,No Pedestrians Involved,Controls Functioning,
,,,,,,,,,1,,,,,1,,,,,,,,,,6/10/2009,851,09-02748,COVELL BLVD,,20 FEET EAST OF F ST,,22350 VC,Rear End,1,,,,,,,,,Other Motor Vehicle,,No Pedestrians Involved,Controls Functioning,
1,,,,,,1,,,,,,,,,,,,,,,,1,,6/11/2009,955,09-02762,5TH ST,J ST,,,21950 (B) VC,Vehicle/Pedestrian,1,,,,1.0,,,,,Pedestrian,,Crossing in Crosswalk-At Intersection,Controls Functioning,
,,,,,,,,,,,,,,,,,,,,,,,,6/13/2009,135,09-02795,COVELL BLVD,,75 FEET EAST OF HWY 113 NORTH OFF RAMP,,23152 VC,Hit Object,1,,,,,,,,,Fixed Object,CENTER ISLAND,No Pedestrians Involved,Controls Functioning,
,,,1,,,,,,,,,,,,,,,,,,,,,6/14/2009,1534,09-02815,ALHAMBRA DR,,150 FEET SOUTH OF LOYOLA DR,,21804 (A) VC,Broadside,1,,,,,,,,,Other Motor Vehicle,,No Pedestrians Involved,Controls Functioning,
,,1,,,,,,,,,,,,,,,,,,,,,,6/14/2009,1925,09-02817,CHESTNUT LN,,75 FEET SOUTH OF DREXEL DR,,22350 VC,Side Swipe,,,,,,,,,,Parked Motor Vehicle,,No Pedestrians Involved,Controls Functioning,
,,,,,,,,,,,,,,1,,1,,,,,,,,6/15/2009,953,09-02823,E COVELL BL,POLE LINE RD,,,21453 (C) VC,Head-on,2,,,,,,,,,Other Motor Vehicle,,No Pedestrians Involved,,
,,,,,,,,,,,,1,1,,,,,,,,,,,6/15/2009,2300,09-02834,W COVELL BLVD,ANDERSON RD,,,22106 VC,Other,1,,,,,,BACKING,,,Other Motor Vehicle,,No Pedestrians Involved,Controls Functioning,
,,,,,,,,,,,,,,,,,,,,,,,,6/16/2009,1331,09-02839,MODOC PL (3729 MODOC),,400 FEET EAST OF OHLONE ST,,23152 (A) & (B),Broadside,,,,,,,,,,Parked Motor Vehicle,,No Pedestrians Involved,No Controls Present/Factor,
,,,,,,,,,,,,1,,,,,,,,,,,,6/17/2009,300,09-02851,ANDERSON RD,ALVARADO AVE,,,23152 (a) VC,Hit Object,2,,,,,,,,,Fixed Object,ROUNDABOUT /CURB,No Pedestrians Involved,Controls Functioning,
,,,,,,,,,,,,,,,,,,,,,,,,6/17/2009,1043,09-02852,FULL CIRCLE,,200 FEET EAST OF NORTH DIAMETER,,22106 VC,Broadside,1,,,,,,,,,Other Motor Vehicle,,No Pedestrians Involved,No Controls Present/Factor,
,1,,,,,,,,,,,,,,,,,,,,,1,,6/18/2009,1557,09-02865,3RD ST,,50 FEET WEST OF I ST,,22517 VC,Other,1,1.0,,,,,BIKE VS. PARKED CAR,,,Bicycle,,No Pedestrians Involved,Controls Functioning,
,,,,,,,,,,,,,,,,,,,,,,,,6/18/2009,1651,09-02866,CHILES RD,,15 FEET EAST OF MACE BLVD,,22350 VC,Rear End,,,,,,,,,,Other Motor Vehicle,,No Pedestrians Involved,No Controls Present/Factor,
,,,,1,,,,,,,,,,,,,,,1,,,,,6/22/2009,1404,09-02929,1ST ST,,50 FEET WEST OF E ST,,22350 VC,Rear End,1,,,,,,,,,Parked Motor Vehicle,,No Pedestrians Involved,Controls Functioning,
,,,,,,,,,,,,,,,,,,,,,,,,6/24/2009,1533,09-02963,RUSSELL BL,,15 FEET EAST OF COLLEGE PARK,,22350 VC,Rear End,1,,,,,,,,,Other Motor Vehicle,,No Pedestrians Involved,Controls Functioning,
,,,,,,,1,,1,,,,,,,,,,,,,,,6/26/2009,1613,09-02986,F ST,E 8TH ST,,,22350 VC,Other,1,,,,,,SOLO MOTORCYCLE,,,Non-Collision,,No Pedestrians Involved,Controls Functioning,
1,,,,,,1,,1,,,,,,,,,,,1,1,1,,,6/25/2009,2032,09-02988,RUSSELL BL,B ST,,,21950 (b) VC,Vehicle/Pedestrian,1,,,,1.0,,,,,Pedestrian,,Crossing in Crosswalk-At Intersection,Controls Functioning,
,,,,,,,,,,,,,,,,,,,1,,,,,6/26/2009,1958,09-02989,2ND ST,C ST,,,21802 (A) VC,Broadside,,,,,,,,,,Other Motor Vehicle,,No Pedestrians Involved,Controls Functioning,
,,,,,,1,,,,,,,,,,,,,1,,1,,,6/27/2009,1106,09-02993,5TH ST,,10 FEET WEST OF C ST,,22350 VC,Rear End,,,,,,,,,,Other Motor Vehicle,,No Pedestrians Involved,No Controls Present/Factor,
,,,,,,,,,,,,,,,,,,,,,,,,6/30/2009,100,09-03018,OHLONE ST,,55 FEET NORTH OF MONO PLACE,,22350 VC,Rear End,,,,,,,,,,Parked Motor Vehicle,,No Pedestrians Involved,No Controls Present/Factor,
,1,,,,,1,,,,,,,,,,,,,,1,,,1,6/30/2009,1421,09-03026,A ST,,5 FEET NORTH OF RUSSELL BLVD,,21650.1 VC,Other,1,1.0,,,,,AUTO VS BIKE,,,Bicycle,,No Pedestrians Involved,Controls Functioning,
,,,,,,,,,,,,,,,,,,,,,,,,6/30/2009,1700,09-03032,EL SEGUNDO AVE,,600 FEET WEST OF LA VIDA WAY,,,Side Swipe,,,,,,,,,,Parked Motor Vehicle,,No Pedestrians Involved,Controls Functioning,
,1,,,,,1,,,1,,,,,,,,,,1,,1,,,7/2/2009,1201,09-03048,5TH ST,,5 FEET EAST OF F ST,,21801 (a) vc,Other,1,1.0,,,,,CAR VS. BIKE,,,Bicycle,,No Pedestrians Involved,Controls Functioning,
,,,,,,,,,,,,,,,,,,,,,,,,7/3/2009,1010,09-03068,BERNINI ST,,10 FEET EAST ROUALT ST,,22106 VC,Other,1,,,,,,BACKING,,,Other Motor Vehicle,,No Pedestrians Involved,Controls Functioning,
,1,1,1,,,,,1,,,,,,,,,,,,,,,,7/4/2009,2026,09-03086,203 E 14TH ST (CITY BIKE PATH),,60 FEET WEST OF B ST,,22350 VC,Other,1,1.0,,,,,SOLO BIKE,,,Non-Collision,,No Pedestrians Involved,No Controls Present/Factor,
,,,,,,,,,,,,,,,,,,,1,,,,,7/5/2009,1700,09-03104,D ST,,160 FEET SOUTH OF THIRD ST,,22350 VC,Side Swipe,,,,,,,,,,Other Motor Vehicle,,No Pedestrians Involved,Controls Functioning,
,,,,,,,,,,,,,1,,,,,,,,,,,7/6/2009,1205,09-03117,RADCLIFFE DR,,20 FEET EAST OF ANDERSON RD,,22106 VC,Other,,,,,,,BACKING,,,Other Motor Vehicle,,No Pedestrians Involved,No Controls Present/Factor,
,,,,,,,,,,,,,,,,,,,,,,,,7/7/2009,729,09-03128,ALHAMBRA DR,CARICIA DR,,,22450 (a) VC,Broadside,,,,,,,,,,Other Motor Vehicle,,No Pedestrians Involved,Controls Functioning,
,,,,,,1,,,,,,,,,,,,,,1,,,1,7/7/2009,1920,09-03136,RUSSELL BLVD,A ST,,,21453 (A) VC,Broadside,,,,,,,,,,Other Motor Vehicle,,No Pedestrians Involved,Controls Functioning,
,,,1,,,,,,,,,,,,,,,,,,,,,7/9/2009,1857,09-03162,SYCAMORE LN,,10 FEET SOUTH OF COLBY DR,,,Rear End,1,,,,,,,,,Parked Motor Vehicle,,No Pedestrians Involved,Controls Functioning,
,,,,,,,,,,,,,,,,,,,,,,,,7/10/2009,1153,09-03169,RUSSELL BL,,15 FEET EAST OF COLLEGE PARK,,24002 (A) VC,Other,,,,,,,,,,Non-Collision,,No Pedestrians Involved,Controls Functioning,
,,,,,,,,1,,,,,,,,,,,,,1,,,7/13/2009,1746,09-03195,7TH ST,B ST,,,22106 VC,Side Swipe,,,,,,,,,,Other Motor Vehicle,,No Pedestrians Involved,Controls Functioning,