Ped,Bike,Bike Loop,School Area,1st St,E 2nd St,5th St,8th St,B St,F St,J St N,North Sycamore,North Anderson,North Anderson,East Covell,Olive Drive,Pole Line,West Russell,Russell,Downtown,University Rice,Old North,Old East,A St,DATE,TIME,REPORT,STREET 1,STREET 2,DISTANCE,DIRECTION,PRIMARY CAUSE,COLLISION TYPE,INJURY,Bike,5 Year Bike,5 Year  Ped,Ped,FATAL,TYPE OF COLLISION,VEHICLE 1,VEHICLE 2,INVOLVED WITH,OBJECT HIT,PEDESTRIAN ACTION,TRAFFIC CONTROL DEVICES,NOTES
,,,,,,,,,,,,,,,,1,,,,,,,,7/14/2009,1558,09-03206,POLE LINE RD,,100 FEET SOUTH OF 5TH ST,,23152 (a) & (b) VC,Other,,,,,,,BACKING,,,Fixed Object,SIGN,No Pedestrians Involved,Controls Functioning,
,,,,,,1,,,,,,,,,,,,,1,,1,,,7/14/2009,1840,09-03211,5TH ST,C ST,,,22100 (B) VC,Hit Object,,,,,,,,,,Fixed Object,TRAFFIC SIGN,No Pedestrians Involved,No Controls Present/Factor,
,,,,,,,,,,,,,,,,,,,1,,,,,7/14/2009,2026,09-03213,E ST PLAZA,,50 FEET SOUTH OF THE PAINT CHIP STORE,,,Hit Object,,,,,,,,,,Fixed Object,TREE,No Pedestrians Involved,Controls Functioning,
,,,,,,,,,,,,,,,,,,,1,,,,,7/15/2009,1830,09-03238,E ST,,40 FEET SOUTH OF 4TH ST,,,Rear End,,,,,,,,,,Parked Motor Vehicle,,No Pedestrians Involved,No Controls Present/Factor,
,,,,1,,,,,,,,,,,,,,,1,,,,,7/16/2009,1808,09-03270,1ST ST,RICHARDS,,,21453 (A) VC,Head-on,2,,,,,,,,,Other Motor Vehicle,,No Pedestrians Involved,Controls Functioning,
,,,,,,,,,,,,,,,,,,,,,,,,7/10/2009,2200,09-03286,MACE BL,I-80,,,,Broadside,1,,,,,,,,,Other Motor Vehicle,,No Pedestrians Involved,Controls Functioning,
,,,,,1,,,,,,,,,,,,,,,,,,,7/14/2009,1606,09-03288,2ND ST,MACE BLVD,,,,Rear End,1,,,,,,,,,Other Motor Vehicle,,No Pedestrians Involved,Controls Functioning,
,1,,,,,,,1,,,,,,,,,,,1,1,,,,7/20/2009,947,09-03323,2ND ST,,15 FEET EAST OF B ST,,21801 (A) VC,Head-on,1,1.0,,,,,,,,Bicycle,,No Pedestrians Involved,Controls Functioning,
1,,,,,,,,,,,,,,,,,,,,,,,,7/21/2009,1244,09-03341,COVELL BLVD,"HWY 113 OFF RAMP, SOUTH",,,21950 (A) VC,Vehicle/Pedestrian,1,,,,1.0,,,,,Pedestrian,,Crossing in Crosswalk-At Intersection,Controls Functioning,
,,,,,,1,,,,,,,,,,,,,,,,1,,7/21/2009,1603,09-03351,5TH ST,,5 FEET EAST OF L ST,,22107 VC,Side Swipe,,,,,,,,,,Other Motor Vehicle,,No Pedestrians Involved,Controls Functioning,
,,,,,,,,,,,,,,,,,,,,,,,,7/22/2009,1401,09-03364,MOORE BL,,55 FEET NORTH OF BERNINI ST,,22350 VC,Head-on,1,,,,,,,,,Other Motor Vehicle,TREES,No Pedestrians Involved,No Controls Present/Factor,
,,,,,,,,,,,,,,,,,,,1,,,,,7/22/2009,1629,09-03366,2ND ST,C ST,,,21802(A) VC,Broadside,,,,,,,,,,Other Motor Vehicle,,No Pedestrians Involved,Controls Functioning,
,,,,,,,,,,,,,,,,,,,,,,,,7/22/2009,1310,09-03368,OLYMPIC DR,,152 FEET NORTH OF SARATOGA PL,,,Side Swipe,,,,,,,,,,Parked Motor Vehicle,,No Pedestrians Involved,Controls Functioning,
,,,,,,,,,,,,1,,,,,,,,,,,,7/24/2009,113,09-03384,ALVARADO AVE,ANDERSON RD,,,23152 (A) & (B) VC,Hit Object,1,,,,,,,,,Fixed Object,ISLAND/TREE,No Pedestrians Involved,Controls Functioning,
,,,,,,,,,,,,,,,,,,,,,,,,7/24/2009,1700,09-03394,SYCAMORE LN,,75 FEET NORTH OF RUSSELL BLVD,,22106 VC,Other,,,,,,,BACKING,,,Other Motor Vehicle,,No Pedestrians Involved,Controls Functioning,
,,,,,,,,,,,,,,,,,,,,,,,,7/25/2009,1411,09-03405,CHILES RD,,.5 MILES WEST OF CR 105B,,22350 CVC,Rear End,1,,,,,,,,,Other Motor Vehicle,,No Pedestrians Involved,No Controls Present/Factor,
 ,,,,,,,1,,,,,,,,,,,,,,,,1,7/26/2009,1600,09-03416,E 8TH ST,A ST,,,22450 (A) VC,Broadside,1,,,,,,,,,Other Motor Vehicle,,No Pedestrians Involved,Controls Functioning,
,,,,,,,,,,,,,,,,,,,,,,,,7/27/2009,1311,09-03433,RICHARD BLVD,,100 FEET WEST OF RESEARCH PARK DRIVE,,22350 VC,Rear End,2,,,,,,,,,Other Motor Vehicle,,No Pedestrians Involved,Controls Functioning,
,,,1,,,,,,,,,,,,,,,,,,,,,7/27/2009,1630,09-03437,SYCAMORE LN,,50 FEET SOUTH OF CASSELL LN,,22350 VC,Hit Object,,,,,,,,,,Fixed Object,LIGHT POST,No Pedestrians Involved,No Controls Present/Factor,
,,,,,,,,,,,,,,,,,,,,,,,,8/2/2009,2147,09-03528,CANTRILL DR,5TH ST,,,22350 VC,Hit Object,,,,,,,,,,Fixed Object,DIRECTIONAL ARROW WARNING SIGN,No Pedestrians Involved,Controls Functioning,
,1,,,,,,,,,,1,,,,,,,,,,,,,8/4/2009,1305,09-03540,COVELL BLVD,SYCAMORE LANE,,,21804 (A) VC,Other,1,1.0,,,,,AUTO VS BIKE,,,Bicycle,,No Pedestrians Involved,Controls Functioning,
,,,,,,,,,,,,,,,,,,,,,,,,8/7/2009,1351,09-03600,RICHARDS BLVD,,50 FEET WEST OF RESEARCH PARK DR,,22350 VC,Rear End,3,,,,,,,,,Other Motor Vehicle,,No Pedestrians Involved,Controls Functioning,
,,,,,,,,,,,,1,1,,,,,,,,,,,8/8/2009,2316,09-03616,ANDERSON RD,,50 FEET NORTH OF RUSSELL BLVD,,22350 CVC,Hit Object,,,,,,,,,,Other Object,OLEANDER BUSH,No Pedestrians Involved,No Controls Present/Factor,
,,,,,,,,,,,,,,,,,,,,,,,,8/10/2009,1910,09-03638,W. COVELL BLVD,,300 FEET WEST OF SHASTA DR,,22350 VC,Rear End,,,,,,,,,,Other Motor Vehicle,,No Pedestrians Involved,No Controls Present/Factor,
,,,,,,1,,,,,,,,,,,,,1,,1,,,8/11/2009,1207,09-03646,5TH ST,E ST,,,21802 (A) VC,Broadside,2,,,,,,,,,Other Motor Vehicle,,No Pedestrians Involved,Controls Functioning,
,,1,,,,,,,,,,,,,1,,,,,,,,,8/13/2009,1000,09-03679,OLIVE DR,,500 FEET WEST OF RICHARDS BLVD,,,Other,,,,,,,UNKNOWN,,,Parked Motor Vehicle,,No Pedestrians Involved,No Controls Present/Factor,
1,,,,,,,,,,,,,,,,,,,,,,,,8/13/2009,823,09-03681,PUTAH CREEK BIKE PATH,,20 FEET WEST OF PUTAH CREEK PARK,,,Vehicle/Pedestrian,1,,,,1.0,,,,,Pedestrian,,Not in Road,No Controls Present/Factor,
,,,,,,,,,,,,,,,,,,1,,,,,,8/15/2009,20,09-03733,RUSSELL BL,CALIFORNIA AVE,,,,Hit Object,,,,,,,,,,Fixed Object,LIGHT POLE,No Pedestrians Involved,Controls Functioning,
,1,,,,,,,,,,,,1,,,,,,,,,,,8/18/2009,743,09-03768,RUSSELL BLVD,ANDERSON RD,,,21451 (A) VC,Other,1,1.0,,,,,AUTO VS BIKE,,,Bicycle,,No Pedestrians Involved,Controls Functioning,
,,,,,,,,,,,,,,,,,,,,,,,,8/18/2009,0,09-03778,MOORE BL,ROCKWELL DR,,,22350,Hit Object,,,,,,,,,,Fixed Object,LIGHT POLE,No Pedestrians Involved,Controls Functioning,
,,,,,,,,,,,,,,,,,,,,,,,,8/20/2009,812,09-03800,SYCAMORE LN,,5 FEET NORTH OF STANFORD DR,,23152 (A) VC,Head-on,1,,,,,,,,,Fixed Object,TREE,No Pedestrians Involved,Controls Functioning,
,,,,,,,,,,,,,,,1,,,,,,,,,8/21/2009,1321,09-03817,OLIVE DR,,30 FEET EAST OF RICHARDS BLVD,,22350 VC,Rear End,3,,,,,,,,,Other Motor Vehicle,,No Pedestrians Involved,Controls Functioning,
,,,,,,,,1,,,,,,,,,,,1,1,,,,8/21/2009,1745,09-03828,B ST,,15 FEET SOUTH OF 3RD ST,,22350 VC,Rear End,1,,,,,,,,,Other Motor Vehicle,,No Pedestrians Involved,Controls Functioning,
,1,,,,,,1,,,,,,,,,1,,,,,,,,8/21/2009,1929,09-03831,POLE LINE RD,E 8TH ST,,,21451,Other,1,1.0,,,,,VEH VS BIKE,,,Bicycle,,No Pedestrians Involved,Controls Functioning,
,1,,1,,,,,,,,,,,,,,,,,,,,,8/21/2009,1902,09-03845,W COVELL BL,OAK AVE,,,21451,Other,1,1.0,,,,,VEH VS BIKE,,,Bicycle,,No Pedestrians Involved,Controls Functioning,
,,,,1,,,,,,,,,,,,,,,1,,,,,8/24/2009,750,09-03857,1ST ST,,75 FEET WEST OF D ST,,22515,Hit Object,,,,,,,,,,Fixed Object,POLE,No Pedestrians Involved,Controls Functioning,
,,,,,,,,,,,,,,,,,,,,,,,,8/24/2009,1737,09-03871,RESEARCH PARK DR,,300 FEET WEST OF COWELL BLVD,,22350 VC,Rear End,,,,,,,,,,Other Motor Vehicle,,No Pedestrians Involved,No Controls Present/Factor,
,,,,,,,,,,,,,,,,1,,,,,,,,8/26/2009,849,09-03892,POLE LINE RD,,200 FEET SOUTH OF MOORE BLVD,,22103 VC,Broadside,2,,,,,,,,,Other Motor Vehicle,,No Pedestrians Involved,Controls Functioning,
,1,,,,,,,,,,,,,,,,,,,,,,,8/26/2009,1930,09-03898,COWELL BLVD,,230 FEET EAST OF VALDORA,,21650.1 VC,Other,1,1.0,,,,,VEH VS. BIKE,,,Bicycle,,No Pedestrians Involved,Controls Functioning,
1,,,1,,,,,,,,,,,,,,,,,,,,,8/27/2009,807,09-03904,RUTGERS,,150 FEET WEST OF REED DR,,,Other,1,,,,1.0,,AUTO VS. PED,,,Pedestrian,,In Road - Includes Shoulder,No Controls Present/Factor,
,,,,,,,,,,,,,,,,,1,,,,,,,8/29/2009,1900,09-03950,RUSSELL BL,S/B SR 113 OFF RAMP,,,21453(A),Broadside,2,,,,,,,,,Other Motor Vehicle,,No Pedestrians Involved,Controls Functioning,
1,,1,1,,,,,,,,,,,,,,,,,,,,,8/31/2009,756,09-03973,14TH ST,OAK AVE,,,21950,Vehicle/Pedestrian,1,,,,1.0,,,,,Pedestrian,,Crossing in Crosswalk-At Intersection,Controls Functioning,
,1,,,,1,,,,,,,,,,,,,,,,,,,9/1/2009,1047,09-04010,2ND ST,,600 FEET EAST OF L ST,,22530,Other,1,1.0,,,,,BIKE VS VEHICLE,,,Bicycle,,No Pedestrians Involved,No Controls Present/Factor,
,,,,,,,,,,,,,,,,,,,,,,,,8/31/2009,1715,09-04012,4207 ALEGRE WY,,,,,Other,,,,,,,,,,Parked Motor Vehicle,,No Pedestrians Involved,No Controls Present/Factor,
,,,,,,1,,,1,,,,,,,,,,1,,1,,,9/3/2009,708,09-04046,F ST,,100 FEET NORTH OF FIFTH ST,,,Hit Object,,,,,,,,,,Fixed Object,TELEPHONE WIRE,Not in Road,No Controls Present/Factor,
,,,,,,,,,1,,,,,,,,,,,,1,,,9/3/2009,2221,09-04063,F ST,6TH ST,,,,Broadside,,,,,,,,,,Other Motor Vehicle,,No Pedestrians Involved,Controls Functioning,
,,,1,,,,,,,,,,,,,,,,,,,,,9/5/2009,1318,09-04099,LILLARD DR,,500 EAST OF COWELL BLVD,,22350,Rear End,1,,,,,,,,,Parked Motor Vehicle,,No Pedestrians Involved,Controls Functioning,
,1,,1,,,,,,1,,,,,,,,,,,,,,,9/10/2009,1233,09-04141,F ST,14TH ST,,,22350,Other,1,1.0,,,,,VEH VS BIKE,,,Bicycle,,No Pedestrians Involved,Controls Functioning,
,,,,,,,,,,,,,,,,,,,,,,,,9/10/2009,2300,09-04148,CHILES RD,,364 FEET EAST,,23152,Hit Object,1,,,,,,,,,Fixed Object,TRAFFIC SIGN,No Pedestrians Involved,No Controls Present/Factor,
,,,1,,,,,,,,,,,,,,,,,,,,,9/12/2009,55,09-04171,COLGATE DR,,141 FEET WEST OF M ST,,22106,Rear End,,,,,,,,,,Parked Motor Vehicle,,No Pedestrians Involved,No Controls Present/Factor,
,1,,,,,,,,,,,,,,,,,,1,,,,,9/12/2009,1536,09-04176,E ST,,100 FEET NORTH OF 2ND ST,,22107,Other,1,1.0,,,,,AUTO VS BIKE,,,Bicycle,,No Pedestrians Involved,Controls Functioning,
,,,,,,,,,,,,1,,,,,,,,,,,,9/13/2009,328,09-04180,ANDERSON RD,,134 SOUTH OF ALVARADO AVE,,,Broadside,,,,,,,,,,Fixed Object,CURB,No Pedestrians Involved,No Controls Present/Factor,
,,,,,,,,,,,,,,,,,,,,,,,,9/14/2009,1613,09-04203,GALILEO CT,,50 FEET WEST OF DREW AVE,,,Side Swipe,,,,,,,,,,Parked Motor Vehicle,,No Pedestrians Involved,No Controls Present/Factor,
,,,,,,,,,,,,,,,,,,,,,,,,9/15/2009,1323,09-04223,RUSSELL BLVD,,20 FEET WEST OF SOUTH CAMPUS WAY,,22350,Rear End,,,,,,,,,,Other Motor Vehicle,,No Pedestrians Involved,No Controls Present/Factor,
,1,,,,,1,,,,,,,,,,,,,,1,,,1,9/16/2009,1633,09-04242,A ST,RUSSELL BLVD,,,21654(A),Other,1,1.0,,,,,AUTO VS BIKE,,,Bicycle,,No Pedestrians Involved,Controls Functioning,
,1,,,,,,,,,,,,,,,,,,,,,,,9/17/2009,2114,09-04268,COVELL BLVD,,400 FEET EAST OF ANDERSON RD,,21804(A),Other,1,1.0,,,,,AUTO VS BIKE,,,Bicycle,,No Pedestrians Involved,No Controls Present/Factor,
,1,,,,,1,,,,,,,,,,,,,1,,1,,,9/18/2009,1721,09-04292,F ST,5TH ST,,,21650.1,Other,1,1.0,,,,,BIKE VS AUTO,,,Bicycle,,No Pedestrians Involved,Controls Functioning,
,,,,,,,,,,,,,,,,,,,,,,,,9/21/2009,446,09-04326,W COVELL BL,HIGHWAY 113,,,22350,Hit Object,,,,,,,,,,Fixed Object,MEDIAN,No Pedestrians Involved,Controls Functioning,
,,,,,,,,,,,,,,,,,,,1,,,,,9/21/2009,1554,09-04334,C ST,3RD ST,,,21802(A),Broadside,,,,,,,,,,Other Motor Vehicle,,No Pedestrians Involved,Controls Functioning,
,1,,1,,,,,,,1,,,,,,,,,,,,,,9/22/2009,745,09-04343,J ST,,300 FEET SOUTH OF DREXEL,,,Other,1,1.0,,,,,SOLO BIKE,,,,,No Pedestrians Involved,No Controls Present/Factor,
,,,,,,1,,,,,,,,,,,,,,,,,,9/22/2009,846,09-04344,5TH ST,,,,22350,Rear End,1,,,,,,,,,Other Motor Vehicle,,No Pedestrians Involved,Controls Functioning,
,,,,,,,,1,,,,,,,,,,,1,1,,,,9/22/2009,1219,09-04348,B ST,,15 FEET SOUTH OF 3RD ST,,22350,Rear End,1,,,,,,,,,Other Motor Vehicle,,No Pedestrians Involved,Controls Functioning,
,1,,,,,1,,,,,,,,,,,,,1,,1,,,9/24/2009,1318,09-04377,5TH ST,E ST,,,21801(A),Other,1,1.0,,,,,BIKE VS AUTO,,,Bicycle,,No Pedestrians Involved,Controls Functioning,
,,,,,,,,,,,,,,,1,,,,1,,,,,9/24/2009,1537,09-04380,RICHARDS BL,,400 FEET NORTH OF OLIVE DRIVE,,21806(A),Side Swipe,,,,,,,,,,Other Motor Vehicle,,No Pedestrians Involved,No Controls Present/Factor,
,,1,1,,,,,,,,,,1,,,,,,,,,,,9/24/2009,1720,09-04385,ANDERSON RD,,40 FEET SOUTH OF VILLANOVA,,22350,Rear End,1,,,,,,,,,Other Motor Vehicle,,No Pedestrians Involved,Controls Functioning,
,,1,1,,,,,,,,,,1,,,,,,,,,,,9/25/2009,0,09-04409,ANDERSON RD,,15 FEET NORTH OF VILLANOVA,,22350,Rear End,1,,,,,,,,,Other Motor Vehicle,,No Pedestrians Involved,Controls Functioning,
,,,,,,,,,,,,,,,,,,,1,,,,,9/19/2009,1400,09-04414,E ST,,50 FEET 3RD ST,,,Broadside,,,,,,,,,,Other Motor Vehicle,,No Pedestrians Involved,No Controls Present/Factor,
,1,,,,,,,,,,,,,,,1,,,,,,,,9/25/2009,0,09-04415,POLELINE RD,CLAREMONT,,,22450(A),Other,1,1.0,,,,,AUTO VS BIKE,,,Bicycle,,No Pedestrians Involved,Controls Functioning,
,,,,,,,,,,,,,,,,,,,,,,,,9/27/2009,1,09-04446,2325 SHIRE LN,,,,,Rear End,,,,,,,,,,Parked Motor Vehicle,,No Pedestrians Involved,No Controls Present/Factor,
,,,,,,,,,,,,,,,,,,,,,,,,9/27/2009,1511,09-04455,CHILES RD,,50 FEET EAST OF MACE BLVD,,22107,Other,,,,,,,RAN OVER,,,Fixed Object,PIPE COVER,No Pedestrians Involved,Controls Functioning,
,,,,,,,,,,,,,,,1,,,,,,,,,9/27/2009,1754,09-04456,RICHARDS BL,,150 FEET SOUTH OF OLIVE DRIVE,,22350,Rear End,,,,,,,,,,Other Motor Vehicle,,No Pedestrians Involved,Controls Functioning,
,,,,,,,,,,,,,1,,,,,,,,,,,9/28/2009,1330,09-04467,RUSSELL BLVD,,AT UNIVERSITY MALL,,,Rear End,,,,,,,,,,Other Motor Vehicle,,No Pedestrians Involved,No Controls Present/Factor,
,,,,,,,,,,,,,,,,,,,,,,,,9/26/2009,1500,09-04469,2ND ST,,,,,Other,,,,,,,PARKING MANUEVER,,,Parked Motor Vehicle,,No Pedestrians Involved,No Controls Present/Factor,
,1,,,,,,,,,,,,,,,1,,,,,,,,9/29/2009,755,09-04482,POLE LINE RD,LEHIGH DR,,,22350,Other,1,1.0,,,,,SOLO BICYCLE,,,Non-Collision,,No Pedestrians Involved,Controls Functioning,
,,,,,,,,,,,,,,,,,,,,,,,,9/28/2009,1200,09-04484,1260 LAKE BL,,,,,Other,,,,,,,BACKING,,,Parked Motor Vehicle,,No Pedestrians Involved,Controls Functioning,
,1,,,,,1,,,,,,,,,,,,,1,,1,,,9/29/2009,1532,09-04494,5TH ST,F ST,,,22107,Other,1,1.0,,,,,VEHICLE VS BIKE,,,Bicycle,,No Pedestrians Involved,Controls Functioning,
,,,,,,,,,,,,,,,,,,,,,,,,9/29/2009,1709,09-04496,COWELL BLVD,,153 FEET EAST OF RESEARCH PARK,,21460.5(C),Broadside,3,,,,,,,,,Other Motor Vehicle,,No Pedestrians Involved,Controls Functioning,
,,,,,,,,,,,,,,,,,,,,,,,,9/30/2009,812,09-04505,ALEGRE WY,CARICIA DR,,,21800(B)(1),Broadside,2,,,,,,,,,Other Motor Vehicle,,No Pedestrians Involved,No Controls Present/Factor,
,1,,1,,,,1,,,,,,,,,,,,,,,,,9/30/2009,825,09-04506,E 8TH ST,L ST,,,21801(A),Other,1,1.0,,,,,AUTO VS BIKE,,,Bicycle,,No Pedestrians Involved,Controls Functioning,
,,,,,,,,,1,,,,,1,,,,,,,,,,9/30/2009,859,09-04508,COVELL BLVD,,150 FEET EAST OF F ST,,22350,Rear End,,,,,,,,,,Other Motor Vehicle,,No Pedestrians Involved,No Controls Present/Factor,
,,,,,,,,,,,,,,,,,,,,,,,,9/29/2009,2000,09-04515,SUNSET CT,,,,,Head-on,,,,,,,,,,Parked Motor Vehicle,,No Pedestrians Involved,Controls Functioning,
,,,,,,,,,,,,,,1,,,,,,,,,,10/3/2009,240,09-04556,COVELL BLVD,,463 FEET EAST OF J ST,,23152,Broadside,2,,,,,,,,,Other Motor Vehicle,,No Pedestrians Involved,No Controls Present/Factor,
,,,1,,,,,,1,,,,,,,,,,,,,,,10/3/2009,225,09-04568,F ST,,274 FEET SOUTH OF COVELL BLVD,,23152,Rear End,1,,,,,,,,,Other Motor Vehicle,,No Pedestrians Involved,No Controls Present/Factor,
,,,,,,,,,,,,,,,,,,,,,,,,10/4/2009,1803,09-04583,DENALI DR,ISLE ROYALE,,,22350,Hit Object,,,,,,,,,,Fixed Object,CURB,No Pedestrians Involved,No Controls Present/Factor,
,,,,,,,,,,,,,,,,,1,,,,,,,10/5/2009,1438,09-04593,RUSSELL BL,,100 EAST OF EISENHOWSER,,22350,Rear End,1,,,,,,,,,Other Motor Vehicle,,No Pedestrians Involved,No Controls Present/Factor,
,1,,,,,,,,,,,,,,,1,,,,,,,,10/6/2009,837,09-04597,5TH ST,POLE LINE RD,,,21804(A) VC,Other,1,1.0,,,,,AUTO VS BIKE,,,Bicycle,,No Pedestrians Involved,Controls Functioning,
,,,,,1,,,,,,,,,,,,,,,,,,,10/7/2009,1753,09-04619,2ND ST,MACE BLVD,,,22350,Rear End,1,,,,,,,,,Other Motor Vehicle,,No Pedestrians Involved,Controls Functioning,
,1,,,,,,,,,,,,,,,,1,,,,,,,10/7/2009,1910,09-04624,RUSSELL BL,SR 113 NORTHBOUND OFF RAMP,,,21453(A) ,Other,1,1.0,,,,,AUTO VS BIKE,,,Bicycle,,No Pedestrians Involved,Controls Functioning,
,,,,,,,,,,,,,,,,,,,,,,,,9/28/2009,1658,09-04625,RICHARDS BLVD,,,,,Rear End,,,,,,,,,,Other Motor Vehicle,,No Pedestrians Involved,No Controls Present/Factor,
,1,,,,,,,,,,,,,,,1,,,,,,,,10/8/2009,1232,09-04636,POLE LINE RD,,150 FEET SOUTH OF 5TH ST,,,Other,1,1.0,,,,,SOLO BIKE,,,Non-Collision,,No Pedestrians Involved,Controls Functioning,
,,,,,,,1,,,,,,,,,,,,,,,,,10/8/2009,2159,09-04643,W 8TH ST,MULBERRY LN,,,23152(A),Head-on,1,,,,,,,,,Fixed Object,TREE,No Pedestrians Involved,No Controls Present/Factor,
,1,1,1,,,,,,,,,,,,,,,,,,,,,10/9/2009,930,09-04653,FOURTEENTH ST,,275 FEET WEST OF B ST,,21650.1,Other,1,1.0,,,,,AUTO VS BIKE,,,Bicycle,,No Pedestrians Involved,No Controls Present/Factor,
1,,,1,,,,,,,,,,,,,,,,,,,,,10/10/2009,322,09-04685,COVELL BLVD,ALHAMBRA DR,,,23152,Vehicle/Pedestrian,,,,,,,STUCK,,,Other Object,DOWNWARD EMBANKEMENT,No Pedestrians Involved,Controls Functioning,"Well, was there a pedestrian or not?  AB and AJ conflict."
,1,,,,,,,,,,,,,,,1,,,,,,,,10/10/2009,1022,09-04687,POLELINE RD,5TH ST,,,22350,Other,1,1.0,,,,,UNSAFE BRAKING SOLO BIKE,,,Non-Collision,,No Pedestrians Involved,No Controls Present/Factor,
,1,,,,,,,,,,1,,,,,,,,,,,,,10/10/2009,1211,09-04688,SYCAMORE LN,,100 FEET NORTH OF ALVARADO AVE,,21801(A)VC,Other,1,1.0,,,,,AUTO VS BIKE,,,Bicycle,,No Pedestrians Involved,Controls Functioning,
,1,,,,,,,,,,,,,,,1,,,,,,,,10/11/2009,2013,09-04701,5TH ST,,2/10TH'S MILES WEST OF POLELINE RD,,22350,Broadside,1,1.0,,,,,,,,Bicycle,,No Pedestrians Involved,No Controls Present/Factor,
,,,,,,,,1,,,,,,,,,,,,,1,,,10/13/2009,1339,09-04717,B ST,,300 FEET N OF 6TH ST,,,Other,,,,,,,TREE BRANCH FALLING ON V,,,Other Object,FALLING TREE,No Pedestrians Involved,No Controls Present/Factor,
,,,,,,,1,,,,,,1,,,,,,,,,,,10/13/2009,2129,09-04723,ANDERSON RD,W 8TH ST,,,21800(D)(1),Broadside,1,,,,,,,,,Other Motor Vehicle,,No Pedestrians Involved,Controls Not Functioning,
,,,,,,,,,,,,,,,,,,,,,,,,10/13/2009,2223,09-04724,CHILES RD,ENSENADA DR,,,22350,Hit Object,1,,,,,,FENCE POST,,,Fixed Object,FENCE POST,No Pedestrians Involved,No Controls Present/Factor,
,,,,,,,,,,,,,,,,,,,,,,,,10/14/2009,732,09-04727,ALHAMBRA DR,,400 FEET NORTH OF MACE BLVD,,21804(A),Broadside,1,,,,,,,,,Other Motor Vehicle,,No Pedestrians Involved,No Controls Present/Factor,
,,,,,,,,,,,,,,,,,,,,,,,,10/13/2009,2500,09-04728,EL CEMONTE AVE,,20 FEET SOUTH OF CHILES RD,,,Other,,,,,,,UNKNOWN,,,Fixed Object,FIRE HYDRANT,No Pedestrians Involved,Controls Functioning,
,1,,,,,,,,,,,,,,1,,,,,,,,,10/14/2009,1632,09-04732,RICHARDS BLVD,,400 FEET SOUTH OF OLIVE DR,,,Other,1,1.0,,,,,AUTO VS BIKE,,,Bicycle,,No Pedestrians Involved,Controls Functioning,
,,,,,,,,,,,,,,,,,1,,,,,,,10/14/2009,1630,09-04735,RUSSELL BL,EISENHOWER,,,,Rear End,,,,,,,,,,Other Motor Vehicle,,No Pedestrians Involved,No Controls Present/Factor,
,1,,,,,,,,,,1,,,,,,,,,,,,,10/16/2009,804,09-04769,SYCAMORE LN,,100 FEET NORTH OF ALVARADO AVE,,21804(A),Other,1,1.0,,,,,AUTO VS BIKE,,,Bicycle,,No Pedestrians Involved,Controls Functioning,
,,,,,,,,,,,,,,,,,,,,,,,,10/16/2009,826,09-04770,RUSSELL BLVD,OAK AVE,,,210801(A),Broadside,,,,,,,,,,Other Motor Vehicle,,No Pedestrians Involved,Controls Functioning,
,,,,,,,,,,,1,,,,,,,,,,,,,10/17/2009,1430,09-04800,SYCAMORE LN,,100 FEET NORTH OF ALVARADO AVE,,21804(a),Other,1,,,,,,NON-CONTACT,,,Non-Collision,,No Pedestrians Involved,Controls Functioning,
,,,1,,,,,,,,,,,,,,,,,,,,,10/18/2009,615,09-04810,M ST,COLGATE DR,,,22350,Hit Object,,,,,,,,,,Fixed Object,TRAFFIC CIRCLE,No Pedestrians Involved,Controls Functioning,
1,,,,,,1,,,,,,,,,,,,,1,,1,,,10/18/2009,918,09-04812,5TH ST,G ST,,,21950(A),Vehicle/Pedestrian,1,,,,1.0,,,,,Pedestrian,,Crossing in Crosswalk-At Intersection,Controls Functioning,
,,,,,,,,,,,,,,,,,,,1,,,,,10/19/2009,1517,09-04832,G ST,,40 FEET SOUTH OF 2ND ST,,22106,Other,,,,,,,BACKING,,,Parked Motor Vehicle,,No Pedestrians Involved,No Controls Present/Factor,
,,,,,,,,,,,,,,,,,,,,,1,,,10/9/2009,1120,09-04835,C ST,,BETWEEN 6TH AND 5TH STREETS,,,Rear End,,,,,,,,,,Other Motor Vehicle,,No Pedestrians Involved,No Controls Present/Factor,
,,,,,1,,,,,,,,,,,,,,,,,,,10/8/2009,1725,09-04836,MACE BLVD,,FEET SOUTH OF 2ND,,,Other,,,,,,,,,,,,, ,
,,,,,,1,,,,,,,,,,,,,,,,1,,10/20/2009,1725,09-04848,5TH ST,,50 FEET WEST OF K ST,,22350,Rear End,1,,,,,,,,,Other Motor Vehicle,,No Pedestrians Involved,Controls Functioning,
,,,,,,,,,,,,,,,,,,,,,,,,10/21/2009,103,09-04854,LAKE BLVD,,829 FEET NORTH OF SALEM AVE,,23152(A),Other,,,,,,,BACKING,,,Parked Motor Vehicle,,No Pedestrians Involved,Controls Functioning,
,,,,,,,,,,,,,,,,,,,,,,,,10/22/2009,1701,09-04877,MACE BL,,100 FEET NORTH OF CHILES RD,,22350,Rear End,2,,,,,,,,,Other Motor Vehicle,,No Pedestrians Involved,Controls Functioning,
,1,,,,,,,,,,,,,,,,,,1,,,,,10/23/2009,49,09-04885,H ST,3RD ST,,,23153(A),Other,1,1.0,,,,,AUTO VS BIKE,,,Bicycle,,No Pedestrians Involved,Controls Functioning,
,,,,,,,,,,,,,,,,,,,,,,,,10/23/2009,423,09-04886,COWELL BLVD,,212 FEET EAST OF VALDORA ST,,23152 (A)(B),Side Swipe,,,,,,,,,,Parked Motor Vehicle,,No Pedestrians Involved,No Controls Present/Factor,