Ped,Bike,Bike Loop,School Area,1st St,E 2nd St,5th St,8th St,B St,F St,J St N,North Sycamore,North Anderson,North Anderson,East Covell,Olive Drive,Pole Line,West Russell,Russell,Downtown,University Rice,Old North,Old East,A St,DATE,TIME,REPORT,STREET 1,STREET 2,DISTANCE,DIRECTION,PRIMARY CAUSE,COLLISION TYPE,INJURY,Bike,5 Year Bike,5 Year  Ped,Ped,FATAL,TYPE OF COLLISION,VEHICLE 1,VEHICLE 2,INVOLVED WITH,OBJECT HIT,PEDESTRIAN ACTION,TRAFFIC CONTROL DEVICES,NOTES
,,,,,,,,,,,,,,,,,,,,,,,,10/23/2009,1357,09-04890,RUSSELL BL,,,,22350,Rear End,2,,,,,,,,,Other Motor Vehicle,,No Pedestrians Involved,Controls Functioning,
,,,,,,,,,,,,,,1,,,,,,,,,,10/24/2009,445,09-04911,COVELL BLVD,,200 FEET WEST OF POLE LINE RD,,23152,Hit Object,1,,,,,,,,,Fixed Object,TREE,No Pedestrians Involved,No Controls Present/Factor,
,,,,,,,,,,,1,,,,,,,,,,,,,10/24/2009,2024,09-04921,COVELL BLVD,SYCAMORE LN,,,21453(A),Broadside,1,,,,,,,,,Other Motor Vehicle,,No Pedestrians Involved,Controls Functioning,
,,,,,,,,,,,,,,,,1,,,,,,,,10/25/2009,2150,09-04934,POLE LINE RD,,150 FEET SOUTH OF 5TH ST,,21755,Side Swipe,,,,,,,,,,Other Motor Vehicle,,No Pedestrians Involved,Controls Functioning,
,,,,,,,,,,,,,,,,1,,,,,,,,10/25/2009,2149,09-04936,5TH ST,POLELINE RD,,,22350, ,,,,,,,,,,Fixed Object,CENTER ISLAND,No Pedestrians Involved,No Controls Present/Factor,
,,,,,,,,,,,,,,,,,,,,,,,,10/26/2009,1309,09-04949,BLUEBIRD,,300 FEET WEST OF FINCH,,22350,Hit Object,1,,,,,,,,,Fixed Object,LANDSCAPE,No Pedestrians Involved,No Controls Present/Factor,
,,,,,,,,,,,1,,,,,,,,,,,,,10/26/2009,1632,09-04953,SYCAMORE LN,,450 FEET NORTH OF ANTELOPE AVE,,22350,Rear End,2,,,,,,,,,Parked Motor Vehicle,,No Pedestrians Involved,No Controls Present/Factor,
,,,,,,1,,,,,,,,,,,,,1,,1,,,10/27/2009,1216,09-04983,5TH ST,E ST,,,21802(A),Broadside,1,,,,,,,,,Other Motor Vehicle,,No Pedestrians Involved,Controls Functioning,
,,,,,,,,,,,,,,,,,,,,,,,,10/27/2009,2157,09-04990,COWELL BLVD,RESEARCH PARK,,,21453(C),Head-on,1,,,,,,,,,Other Motor Vehicle,,No Pedestrians Involved,Controls Functioning,
,1,,,,,,,,,,,,,,,,,,,,,,,10/28/2009,834,09-05007,OAK AVE,,,,,Other,,,,,,,AUTO VS BIKE,,,Bicycle,,No Pedestrians Involved,No Controls Present/Factor,
1,,,,,,,,,,,1,,,,,,,,,,,,,10/29/2009,1036,09-05014,W COVELL BLVD,SYCAMORE LN,,,21451,Vehicle/Pedestrian,1,,,,1.0,,,,,Pedestrian,,Crossing in Crosswalk-At Intersection,Controls Functioning,
,1,,,,,,,,,,,,,,,,,,,,,,,10/30/2009,1229,09-05044,COWELL BLVD,,.095 MILES WEST OF DREW AVE,,21801(A),Other,1,1.0,,,,,AUTO VS BIKE,,,Bicycle,,No Pedestrians Involved,No Controls Present/Factor,
,1,,,,,,,,,,,,,,,,,,,,,,,10/30/2009,1716,09-05047,CHILES RD,LA VIDA WAY,,,21801(A),Other,1,1.0,,,,,AUTO VS BIKE,,,Bicycle,,No Pedestrians Involved,No Controls Present/Factor,
,,,1,,,,,,,,,,1,,,,,,,,,,,10/27/2009,1730,09-05094,ANDERSON RD,AMHURST,,,,Rear End,,,,,,,,,,Other Motor Vehicle,,No Pedestrians Involved,Controls Functioning,
,,,,,,,,,,,,,,,,,,,,,,,,10/23/2009,0,09-05095,CYPRESS LN,,300 FEET N OF DREXEL DR,,,Other,,,,,,,UNKNOWN,,,Parked Motor Vehicle,,No Pedestrians Involved,No Controls Present/Factor,
,,,1,,,,,,,,,,,,,,,,,,,,,11/3/2009,2047,09-05115,OAK AVE,W COVELL BLVD,,,22350,Rear End,2,,,,,,,,,Other Motor Vehicle,,No Pedestrians Involved,Controls Functioning,
,,,,,,,,,,,,,1,,,,,,,,,,,10/13/2009,2030,09-05118,ANDERSON RD,,260 FEET RUSSELL BLVD,,,Other,,,,,,,DOOR VS DOOR,,,Parked Motor Vehicle,,No Pedestrians Involved,No Controls Present/Factor,
,1,,,,,,,,,,,,,,,,,,,,,,,11/4/2009,835,09-05130,SHASTA DR,,217 FEET NORTH OF RIO GRANDE AVE,,22107,Other,1,1.0,,,,,AUTO VS BIKE,,,Bicycle,,No Pedestrians Involved,Controls Functioning,
,,,,,,1,,,,,,,,,,,,,1,,1,,,11/6/2009,953,09-05160,5TH ST,E ST,,,21801(A),Broadside,1,,,,,,,,,Other Motor Vehicle,,No Pedestrians Involved,Controls Functioning,
,,,,,,,,,,,,,,,,,,,,,,,,11/6/2009,1312,09-05166,COWELL BLVD,,200 FEET EAST OF VALDORA ST,,21804(A),Broadside,1,,,,,,,,,Other Motor Vehicle,,No Pedestrians Involved,Controls Functioning,
,,,,,,,,,,,,,,,,1,,,,,,,,11/6/2009,1700,09-05169,PICASSO AVE,,75 FEET EAST OF POLE LINE RD,,21801(A),Broadside,1,,,,,,,,,Other Motor Vehicle,,No Pedestrians Involved,Controls Functioning,
,,,,,,,,,,,,,,,,,,,,,,,,11/7/2009,452,09-05176,CARICIA ST,,20 FEET SOUTH OF ALHAMBRA DR,,23152,Hit Object,,,,,,,,,,Fixed Object,CURB,No Pedestrians Involved,No Controls Present/Factor,
,,1,1,,,,,1,,,,,,,,,,,,,,,,10/21/2009,1445,09-05212,W 14TH ST,,100 FEET WEST OF B ST,,21804(A),Broadside,,,,,,,,,,Other Motor Vehicle,,No Pedestrians Involved,No Controls Present/Factor,
,,,,,,,,,,,,,,,,,,,,1,,,,11/6/2009,1048,09-05229,236 A ST,,40 FEET FROM 3RD ST,,,Other,,,,,,,,,,Parked Motor Vehicle,,No Pedestrians Involved,No Controls Present/Factor,
,,,,,,,,,,,,,,,,,,,,,,,,11/10/2009,1711,09-05232,COVELL BLVD,,200 FEET WEST OF SYCAMORE LN,,22350,Rear End,1,,,,,,,,,Other Motor Vehicle,,No Pedestrians Involved,Controls Functioning,
,,,,,,1,,,,,,,,,,,,,1,,1,,,11/11/2009,1637,09-05250,5TH ST,C ST,,,22107,Head-on,,,,,,,,,,Fixed Object,TRAFFIC SIGN,No Pedestrians Involved,No Controls Present/Factor,
,,,,,1,,,,,,,,,,,,,,,,,1,,11/12/2009,100,09-05258,2ND ST,L ST,,,23152(A),Hit Object,3,,,,,,,,,Fixed Object,BRICK WALL,No Pedestrians Involved,No Controls Present/Factor,
,,,,,1,,,,,,,,,,,,,,,,,,,11/13/2009,1612,09-05289,MACE BLVD,,20 FEET SOUTH OF 2ND ST,,22350,Rear End,1,,,,,,,,,Other Motor Vehicle,,No Pedestrians Involved,No Controls Present/Factor,
,,,,,,1,,,,,,,,,,,,,1,,1,,,11/14/2009,1847,09-05308,5TH ST,,228 FEET EAST OF G ST,,22350,Rear End,2,,,,,,,,,Other Motor Vehicle,,No Pedestrians Involved,Controls Functioning,
,,,1,,,,,,,,,,,,,,,,,,,,,11/16/2009,745,09-05314,CLARA LANE,,200 FEET SOUTH OF BIRCH LN,,,Side Swipe,,,,,,,,,,Parked Motor Vehicle,,No Pedestrians Involved,No Controls Present/Factor,
,,,1,,,,,,,,,,,,,,,,,,,,,11/16/2009,1446,09-05320,OAK AVE,,150 FEET NORTH OF SCRIPPS AVE,,22350,Rear End,1,,,,,,,,,Other Motor Vehicle,,No Pedestrians Involved,Controls Functioning,
,,,,,,,,,,,,,,,,,,,,,,,,11/16/2009,1735,09-05325,COWELL BL,,450 FEET WEST OF DREW CIRCLE,,22350,Rear End,1,,,,,,,,,Other Motor Vehicle,,No Pedestrians Involved,No Controls Present/Factor,
,1,,,,,,1,,,,,,1,,,,,,,,,,,11/17/2009,2254,09-05337,ANDERSON RD,W 8TH ST,,,2100.5,Broadside,,,,,,,,,,Bicycle,,No Pedestrians Involved,Controls Functioning,
,,,,,1,,,,,,,,,,,,,,,,,1,,11/18/2009,200,09-05339,SECOND ST,,60 FEET EAST OF L ST,,23152(A)(B),Hit Object,1,,,,,,,,,Fixed Object,GUIDE WIRE,No Pedestrians Involved,No Controls Present/Factor,
,,,,,,1,,,,,,,,,,,,,,,,1,,11/18/2009,1519,09-05362,5TH ST,,10 FEET EAST OF L ST,,22107,Overturned,1,,,,,,,,,Non-Collision,,No Pedestrians Involved,Controls Functioning,
,1,,,,,,,,,,,,,,1,,,,,,,,,11/18/2009,1628,09-05366,RICHARDS BLVD,,40 FEET OF OLIVE DR,,21804(A),Other,1,1.0,,,,,AUTO VS BIKE,,,Bicycle,,No Pedestrians Involved,Controls Functioning,
,,,,,,,,,,,,,,,,,,,,,,,,11/24/2009,941,09-05438,COWELL BL,,,,22350,Rear End,,,,,,,,,,Other Motor Vehicle,,No Pedestrians Involved,Controls Functioning,
,,,,1,,,,,,,,,,,,,,,1,,,,,11/27/2009,1817,09-05468,1ST ST,E ST,,,21453,Broadside,,,,,,,,,,Other Motor Vehicle,,No Pedestrians Involved,Controls Functioning,
,,,,,,,,,,,,,,,,,,,,,,,,11/28/2009,1952,09-05480,MACE BLVD OVERPASS,WB I-80,,,21453(a),Broadside,,,,,,,,,,Other Motor Vehicle,,No Pedestrians Involved,Controls Functioning,
,,,,,,,,,,,,,,1,,,,,,,,,,11/30/2009,2102,09-05510,E COVELL BL,,550 FEET EAST OF J ST,,23152(A),Side Swipe,,,,,,,,,,Other Motor Vehicle,,No Pedestrians Involved,No Controls Present/Factor,
,,,,,,,,,,,,,,,,1,,,,,,,,12/1/2009,1436,09-05518,POLELINE RD,,400 FEET SOUTH OF LOYOLA DR,,22350,Rear End,1,,,,,,,,,Other Motor Vehicle,,No Pedestrians Involved,Controls Functioning,
1,,,,,,,,,,,,,1,,,,,,,,,,,12/3/2009,1109,09-05538,ANDERSON RD,RADCLIFFE RD,,,21954,Other,1,,,,1.0,,AUTO VS PED,,,Pedestrian,,In Road - Includes Shoulder,Controls Functioning,
,,,,,,1,,,,,,,,,,,,,1,,1,,,12/4/2009,1432,09-05559,5TH ST,E ST,,,22450,Broadside,,,,,,,,,,Other Motor Vehicle,,No Pedestrians Involved,Controls Functioning,
,,,,,,1,,1,,,,,,,,,,,1,1,1,,,12/5/2009,1330,09-05578,RUSSELL BL,B ST,,,22107,Side Swipe,,,,,,,,,,Fixed Object,TRAFFIC LIGHT,No Pedestrians Involved,Controls Functioning,
,,,,,,,,,,,,,,,,,,,,,,,,12/6/2009,1246,09-05589,ARROYO AVE,,250 FEET WEST OF VALEROSA,,22350,Hit Object,,,,,,,,,,Fixed Object,HOUSE,No Pedestrians Involved,No Controls Present/Factor,
,,,,,,,,,,,,,,,,,,,,,,,,12/6/2009,1500,09-05593,MACE BLVD,I80 OFF RAMP,,,21453(A),Head-on,1,,,,,,,,,Other Motor Vehicle,,No Pedestrians Involved,Controls Functioning,
,,,,,,,,,,,,,,1,,1,,,,,,,,12/6/2009,2136,09-05595,1550 E COVELL BL,,300 FEET WEST OF POLE LINE RD,,22350,Hit Object,,,,,,,,,,Fixed Object,TREES,No Pedestrians Involved,Controls Functioning,
,,,,,,,,,1,,,,,,,,,,,,,,,12/7/2009,731,09-05597,F ST,,200 FEET NORTH OF 8TH ST,,22350,Side Swipe,,,,,,,,,,Parked Motor Vehicle,,No Pedestrians Involved,Controls Functioning,
,,,,,,,,,,,,,,,,,,,,,,,,12/8/2009,755,09-05607,CATALINA DR,GRANDE AVE,,,21802(A),Broadside,,,,,,,,,,Other Motor Vehicle,,No Pedestrians Involved,Controls Functioning,
,,,1,,,,1,,,,,,,,,,,,,,,,,12/8/2009,1302,09-05610,L ST,E 8TH ST,,,22350,Hit Object,,,,,,,,,,Fixed Object,CURB,No Pedestrians Involved,Controls Functioning,
,,,,,1,,,,,,,,,,,,,,,,,,,12/9/2009,209,09-05619,2ND ST,L ST,,,22350,Hit Object,,,,,,,,,,Fixed Object,CURB,No Pedestrians Involved,No Controls Present/Factor,
,,,1,,,,,,1,,,,,,,,,,,,,,,12/9/2009,858,09-05620,F ST,,100 FEET NORTH OF 14TH ST,,22350,Rear End,1,,,,,,,,,Other Motor Vehicle,,No Pedestrians Involved,Controls Functioning,
1,,1,1,,,,,,,,,,1,,,,,,,,,,,12/11/2009,1736,09-05669,VILLANOVA DR,,5 FEET EAST OF ANDERSON RD,,21950(A),Vehicle/Pedestrian,1,,,,1.0,,,,,Pedestrian,,Crossing in Crosswalk-At Intersection,Controls Functioning,
,,,,,,,,,,,,,,,,,,,1,,,,,12/11/2009,0,09-05670,H ST,,100 FEET NORTH OF SECOND ST,,22106,Other,,,,,,,BACKING,,,Parked Motor Vehicle,,No Pedestrians Involved,No Controls Present/Factor,
,,,,1,,,,1,,,,,,,,,,,1,1,,,,12/12/2009,128,09-05674,1ST ST,,100 FEET EAST OF B ST,,23152(A),Hit Object,,,,,,,,,,Fixed Object,POWER POLE,No Pedestrians Involved,Controls Functioning,
,,,1,,,,,,,,1,,,,,,,,,,,,,12/12/2009,1148,09-05679,SYCAMORE LN,,100 FEET NORTH OF NORTH DAVIS FARMS RD,,22107,Broadside,,,,,,,,,,Other Motor Vehicle,,No Pedestrians Involved,No Controls Present/Factor,
,,,,,,,1,,,,,,,,,,,,,,,,,12/13/2009,1857,09-05694,E 8TH ST,,600 FEET WEST OF L ST,,23152,Hit Object,,,,,,,,,,Fixed Object,BRICK WALL/SHRUBS,No Pedestrians Involved,Controls Functioning,
,,,,,,,,,,,,,,1,,,,,,,,,,12/15/2009,1727,09-05734,COVELL BLVD,MONARCH LN,,,21801(A),Broadside,1,,,,,,,,,Other Motor Vehicle,,No Pedestrians Involved,No Controls Present/Factor,
,1,,,,,1,,,,,,,,,,,,,,,,1,,12/18/2009,1412,09-05776,5TH ST,I ST,,,21802(A),Other,1,1.0,,,,,AUTO VS BIKE,,,Bicycle,,No Pedestrians Involved,Controls Functioning,
,,,,,,,,,,,,,,,,,,,1,,,,,12/19/2009,1422,09-05789,2ND ST,G ST,,,22350,Side Swipe,,,,,,,,,,Parked Motor Vehicle,,No Pedestrians Involved,Controls Functioning,
,,,,,1,,,,,,,,,,,,,,,,,,,12/19/2009,1707,09-05793,2ND ST,KENDALL WAY,,,21804,Hit Object,,,,,,,,,,Fixed Object,,No Pedestrians Involved,Controls Functioning,
,,,,,,,,,,,,,,,,,,,,,,,,12/20/2009,645,09-05807,ROCKWELL DR,,300 FEET WEST OF MOORE BLVD,,22350 VC,Rear End,,,,,,,,,,Parked Motor Vehicle,,No Pedestrians Involved,Controls Functioning,
,,,,,,,,,,,,,,,,1,,,,,,,,12/23/2009,1116,09-05846,CLAREMONT DR,,20 FEET WEST OF POLELINE RD,,22350 VC,Head-on,,,,,,,,,,Parked Motor Vehicle,,No Pedestrians Involved,Controls Functioning,
,,,,,,,,,,,,,,,,,,,,,,,,12/22/2009,2300,09-05847,DENISON DR,,150 FEET WEST OF MANZANITA LN,,,Rear End,,,,,,,,,,Parked Motor Vehicle,,No Pedestrians Involved,Controls Functioning,
,,,,,1,,,,,,,,,,,,,,,,,,,12/27/2009,1343,09-05885,MACE BL,,300 FEET SOUTH OF 2ND ST,,22350 VC,Rear End,2,,,,,,,,,Other Motor Vehicle,,No Pedestrians Involved,Controls Functioning,
,,,,,,,,,,,,1,,,,,,,,,,,,12/31/2009,422,09-05920,ANDERSON RD,ALVARADO AVE,,,23152(B),Hit Object,,,,,,,,,,Fixed Object,CURB,No Pedestrians Involved,Controls Functioning,
,,,,,,,,,,,,,,,,,,,,,,,,1/5/2010,826,10-00052,MACE BLVD,I-80 (WB OFF-RAMP),,,21453,Broadside,,,,,,,,,,Other motor vehicle,,No pedestrians involved,Controls functioning,
,,,,,,,,,,,,,,,,,,,,,,,,1/7/2010,1710,10-00099,COWELL BLVD,,480 FEET WEST OF DREW CIRCLE,,21703,Rear end,,,,,,,,,,Other motor vehicle,,No pedestrians involved,No controls present / factor,
,,,,,1,,,,,,,,,,,,,,,,,,,1/12/2010,1444,10-00176,MACE BLVD,2ND ST,,,22106 VC,Rear end,2,,,,,,,,,Other motor vehicle,,No pedestrians involved,Controls functioning,
,,,,,,,,,,,,,,,,,,,,,,,,1/12/2010,2200,10-00195,CHILES RD,ENSENADA DR,,,21801(a),Broadside,5,,,,,,,,,Other motor vehicle,,No pedestrians involved,Controls functioning,
,1,1,,,,,,,,,,,,,,1,,,,,,,,1/13/2010,901,10-00201,POLE LINE RD,LOYOLA DR,,,21451 (A) VC,Other,1,1.0,,,,,AUTO VS. BIKE,,,Bicycle,,No pedestrians involved,Controls functioning,
1,,,,,,,,,,,1,,,,,,,,,,,,,1/13/2010,1039,10-00204,SYCAMORE LN,,150 FEET NORTH OF ALVARADO AVE,,21950 (A) VC,Vehicle/pedestrian,1,,,,1.0,,,,,Pedestrian,,Crossing in crosswalk - not at intersection,Controls functioning,
,,,,,,,,,,,,,,,,,,,,,,,,1/13/2010,1305,10-00207,RUSSELL BL,,150 FEET EAST OF OAK BLVD,,22350 VC,Rear end,1,,,,,,,,,Other motor vehicle,,No pedestrians involved,Controls functioning,
,,,,,,1,,,,,,,,,,,,,1,,1,,,1/13/2010,1414,10-00209,5TH ST,E ST,,,21802(A),Broadside,2,,,,,,,,,Other motor vehicle,,No pedestrians involved,Controls functioning,
,,,,,,,,,,,,,,,,,,,,,,,,1/13/2010,1816,10-00216,RUSSELL BL,HOWARD WY,,,22106,Rear end,,,,,,,,,,Other motor vehicle,,No pedestrians involved,Controls functioning,
,,,,,,,,,,,,,,1,,1,,,,,,,,1/13/2010,1951,10-00217,E COVELL BLVD,POLE LINE RD,,,21453(A),Broadside,,,,,,,,,,Other motor vehicle,,No pedestrians involved,Controls functioning,
,,1,1,,,,,,,,,,,,,,,,,,,,,1/16/2010,1244,10-00260,W 14TH ST,,60 FEET EAST OF OAK ST,,22350,Side swipe,1,,,,,,,,,Parked motor vehicle,,In road - includes shoulder,No controls present / factor,
,1,,,,,1,,,,,,,,,,,,,1,,1,,,1/20/2010,1308,10-00308,G ST,,100 FEET NORTH OF 5TH ST,,22517,Other,1,1.0,,,,,BIKE VS PARKED CAR,,,Bicycle,,No pedestrians involved,Controls functioning,
,,,,,,1,,,,,,,,,,,,,1,,1,,,1/20/2010,1749,10-00312,5TH ST,,300 FEET EAST OF G ST,,22350,Other,,,,,,,,,,Fixed object,ROADWAY,No pedestrians involved,Controls functioning,
,,,,,,,,,,,,,,,,,,,,,,,,1/21/2010,1120,10-00323,ALVARADO AVE,,600 FEET EAST OF SYCAMORE LN,,21801(A),Broadside,1,,,,,,,,,Other motor vehicle,,No pedestrians involved,No controls present / factor,
1,,,,,,,,,,,,,,,,,,,1,,,,,1/22/2010,138,10-00333,G ST,,400 FEET NORTH OF SECOND ST,,22350 VC,Vehicle/pedestrian,1,,,,1.0,,,,,Pedestrian,,In road - includes shoulder,No controls present / factor,
,,,,,,,,,1,,,1,,,,,,,,,,,,1/23/2010,333,10-00349,F ST,,10 FEET NORTH OF ANDERSON RD,,,Hit object,,,,,,,,,,Fixed object,FENCE,No pedestrians involved,No controls present / factor,
,,,,,,,,,,,,,,,,1,,,,,,,,1/25/2010,442,10-00368,POLE LINE RD,,102 FEET NORTH OF WAHL WAY,,21460.5 (C) VC,Hit object,1,,,,,,,,,Fixed object,CEMENT PLANTER,No pedestrians involved,Controls functioning,
,,,,,,,,,,,,,,,,,,,,,,,,1/25/2010,1736,10-00387,COWELL,,300 FEET EAST OF ROOS,,22350,Hit object,1,,,,,,,,,Fixed object,TREE,No pedestrians involved,No controls present / factor,
,,,,,,1,,,,,,,,,,,,,1,,1,,,1/28/2010,1110,10-00431,C ST,,90 FEET SOUTH OF FIFTH ST,,22106,Rear end,,,,,,,,,,Parked motor vehicle,,No pedestrians involved,No controls present / factor,
,,,,,,,,,,,1,,,,,,,,,,,,,1/29/2010,1035,10-00453,W COVELL BLVD,SYCAMORE LN,,,22350 CVC,Broadside,2,,,,,,,,,Other motor vehicle,,No pedestrians involved,Controls functioning,
,,,,,,1,,,1,,,,,,,,,,1,,1,,,1/29/2010,2052,10-00464,F ST,,15 FEET NORTH OF 5TH ST,,22106,Rear end,2,,,,,,,,,Other motor vehicle,,No pedestrians involved,Controls functioning,
,,,,,,,,,,,,,,1,,,,,,,,,,2/1/2010,1339,10-00489,E COVELL BLVD,,150 FEET WEST OF MONARCH LN,,22350,Hit object,1,,,,,,,,,Fixed object,LIGHT POLE,No pedestrians involved,No controls present / factor,
,,,,,,1,,,,,,,,,,,,,1,,1,,,2/1/2010,1909,10-00492,5TH ST,D ST,,,21804(A),Broadside,,,,,,,,,,Other motor vehicle,,No pedestrians involved,Controls functioning,
,,,,,,1,,1,,,,,,,,,,,1,1,1,,,2/1/2010,1949,10-00494,B ST,5TH ST,,,,Other,1,,,,,,OVER BREAKING,,,Non collision,,No pedestrians involved,Controls functioning,
,,,1,,,,,,,,,,,,,1,,,,,,,,1/25/2010,1735,10-00496,COWELL BLVD,POLE LINE RD,,,,Side swipe,,,,,,,,,,Other motor vehicle,,No pedestrians involved,Controls functioning,
,,,,,,,,,,,,,,,,,,,,,,,1,2/2/2010,1312,10-00504,A ST,,400 FEET NORTH OF RUSSELL BLVD,,22350,Side swipe,,,,,,,,,,Parked motor vehicle,,No pedestrians involved,No controls present / factor,
,1,,1,,,,,,,,,,,,,,,,,,,,,2/3/2010,1821,10-00528,SYCAMORE LN,CORNELL DR,,,21802(A),Broadside,1,1.0,,,,,,,,Bicycle,,No pedestrians involved,Controls functioning,
,,1,1,,,,,,,,,,1,,,,,,,,,,,2/4/2010,219,10-00531,ANDERSON RD,,150 FEET EAST OF VILLANOVA DR,,23152 (A) + (B),Side swipe,,,,,,,,,,Parked motor vehicle,,No pedestrians involved,Controls functioning,150 feet east?
,,1,1,,,,,,,,,,1,,,,,,,,,,,2/4/2010,0,10-00538,ANDERSON RD,VILLANOVA DR,,,21801 (A),Broadside,1,,,,,,,,,Other motor vehicle,,No pedestrians involved,Controls functioning,
1,,,,,,,,,,,,,1,,,,,,,,,,,2/4/2010,1930,10-00540,ANDERSON RD,,150 FEET SOUTH OF WEST COVELL BLVD,,21954(A)VC,Vehicle/pedestrian,1,,,,1.0,,,,,Pedestrian,,Crossing - not in crosswalk,No controls present / factor,
1,,,,,,,,,,,,,,,,,,,,,,,1,2/4/2010,1936,10-00542,RUSSELL BL,MILLER DR,,,,Vehicle/pedestrian,1,,,,1.0,,,,,Pedestrian,,Crossing in crosswalk - at intersection,Controls functioning,
,,,,,,,,,,,,,,,,,,,,,,,,2/5/2010,2011,10-00561,CHILES RD,ENSENADA DR,,,21801 (A),Broadside,2,,,,,,,,,Motor vehicle on other roadway,,No pedestrians involved,No controls present / factor,
,,,,,,,,,,,,,,,,1,,,,,,,,2/6/2010,1424,10-00574,5TH ST,POLE LINE RD,,,22350,Rear end,1,,,,,,,,,Other motor vehicle,,No pedestrians involved,Controls functioning,
,1,,,,,,,,,,,,,,,1,,,,,,,,2/6/2010,1539,10-00576,POLE LINE RD,,175 FEET NORTH OF MADRONE PLACE,,22106 CVC,Broadside,1,1.0,,,,,,,,Bicycle,,No pedestrians involved,No controls present / factor,
,,,,,1,,,,,,,,,,,,,,,,,,,2/6/2010,1558,10-00577,MACE BL,SECOND ST,,,22350,Rear end,,,,,,,,,,Other motor vehicle,,No pedestrians involved,Controls functioning,
,,,,,,,,,,,,,,,,,,,,,,,,2/8/2010,811,10-00592,5TH ST,TRINITA TERRACE,,,21804(A),Broadside,,,,,,,,,,Other motor vehicle,,No pedestrians involved,No controls present / factor,
,1,,,,,,,,,,,,,,,,,,,,,,,2/8/2010,951,10-00597,DAVE PELTZ BIKE OVER,,200 FEET N OF COWELL BLVD,,,Other,,,,,,,1,,,Non collision,,No pedestrians involved,No controls present / factor,
,,,,,,,,,,,,1,1,,,,,,,,,,,2/8/2010,1500,10-00606,1900 ANDERSON RD,,,,,Side swipe,,,,,,,,,,Parked motor vehicle,,No pedestrians involved,Controls functioning,
,,,,,,,,,,,,,,,,,,,,,,,,2/9/2010,1534,10-00622,COWELL BLVD,,75 FEET EAST OF RESEARCH PARK DR,,21804 (A),Broadside,,,,,,,,,,Other motor vehicle,,No pedestrians involved,Controls functioning,
,,,,1,,,,,,,,,,,,,,,1,,,,,2/9/2010,1316,10-00623,1ST ST,D ST,,,,Rear end,,,,,,,,,,Other motor vehicle,,No pedestrians involved,Controls functioning,
,,,,,,,,,1,,,,,,,,,,,,1,,,2/9/2010,1651,10-00625,F ST,,100 FEET NORTH OF 7TH ST,,22350,Rear end,3,,,,,,,,,Other motor vehicle,,No pedestrians involved,No controls present / factor,
,1,,,,,,,,,,,,,,,,,,,,,,,2/11/2010,1601,10-00660,CHILES RD,,300 FEET WEST OF ENSENADA DR,,21804 (A),Broadside,1,1.0,,,,,,,,Bicycle,,No pedestrians involved,No controls present / factor,
,,,,,,,,,,,,,,,,,,,,,,,1,2/7/2010,815,10-00662,A ST,7TH ST,,,,,,,,,,,,,,Other motor vehicle,,No pedestrians involved,No controls present / factor,
,,,,,,,,,,,,1,,,,,,,,,,,,2/12/2010,1214,10-00674,ANDERSON RD,,15 FEET NORTH OF ALVARADO AVE,,21650,Hit object,,,,,,,,,,Fixed object,RAISED CONCRETE ISLAND,No pedestrians involved,Controls functioning,
,,,,,,,,,,,,,,,,,1,,,,,,,2/12/2010,1249,10-00675,RUSSELL BL,,SR 113,,21453(A) VC,Broadside,1,,,,,,,,,Other motor vehicle,,No pedestrians involved,Controls functioning,
,,,,,,,,,,,,,,,,,,,,,,1,,2/13/2010,1512,10-00699,FOURTH ST,J ST,,,22106,Broadside,1,,,,,,,,,Other motor vehicle,,No pedestrians involved,Controls functioning,
,,,,,,,,,,,1,,,,,,,,,,,,,2/13/2010,1819,10-00701,SYCAMORE LN,,300 FEET SOUTH OF ANTELOPE AVE,,,Rear end,,,,,,,,,,Parked motor vehicle,,No pedestrians involved,No controls present / factor,
,,,,,,,,,,,,,,,,,,,,,,,,2/20/2010,1630,10-00791,ALBANY AVE,,200 FEET WEST OF DRUMMOND AVE,,23152,Rear end,,,,,,,,,,Parked motor vehicle,,No pedestrians involved,Controls functioning,
,,,,1,,,,,1,,,,,,,,,,1,,,,,2/23/2010,2046,10-00841,1ST ST,F ST,,,21802(A)VC,Broadside,2,,,,,,,,,Other motor vehicle,,No pedestrians involved,Controls functioning,
,,,,,,,,,,,,,,,,,,,,,,,,2/24/2010,1145,10-00851,JOHN JONES RD,LYNDELL TER,,,22350,Rear end,,,,,,,,,,Other motor vehicle,,No pedestrians involved,Controls functioning,