Ped,Bike,Bike Loop,School Area,1st St,E 2nd St,5th St,8th St,B St,F St,J St N,North Sycamore,North Anderson,North Anderson,East Covell,Olive Drive,Pole Line,West Russell,Russell,Downtown,University Rice,Old North,Old East,A St,DATE,TIME,REPORT,STREET 1,STREET 2,DISTANCE,DIRECTION,PRIMARY CAUSE,COLLISION TYPE,INJURY,Bike,5 Year Bike,5 Year  Ped,Ped,FATAL,TYPE OF COLLISION,VEHICLE 1,VEHICLE 2,INVOLVED WITH,OBJECT HIT,PEDESTRIAN ACTION,TRAFFIC CONTROL DEVICES,NOTES
,,,,,,,,,,,,,,,,,,,,,,,,2/25/2010,725,10-00885,MOORE BL,ROCKWELL,,,,Rear end,,,,,,,,,,Other motor vehicle,,No pedestrians involved,Controls functioning,
,,,,,,,1,,,,,,,,,,,,,,,,1,2/26/2010,850,10-00886,E 8TH ST,A ST,,,,Rear end,,,,,,,,,,Other motor vehicle,,No pedestrians involved,,
,,,,,,1,,,,,,,,,,,,,1,,1,,,2/28/2010,202,10-00906,5TH ST,F ST,,,21541(A),Broadside,2,,,,,,,,,Other motor vehicle,,No pedestrians involved,Controls functioning,
,1,,,,,,,,,,,,,,,,,,1,,,,,3/1/2010,541,10-00924,840 SECOND ST,,,,,Other,1,1.0,,,,,SOLO BIKE,,,Non collision,,No pedestrians involved,No controls present / factor,PRIVATE PROPERTY
1,,,,,,,,,,,1,,,,,,,,,,,,,3/1/2010,1845,10-00934,SYCAMORE LN,ALVARADO AVE,,,21950 (A),Vehicle/pedestrian,1,,,,1.0,,,,,Pedestrian,,Crossing in crosswalk - at intersection,No controls present / factor,
,1,,,,,,,,,,1,,,,,,,,,,,,,3/3/2010,800,10-00959,SYCAMORE LN,COVELL BLVD,,,21800(A),Broadside,1,1.0,,,,,,,,Bicycle,,No pedestrians involved,Controls functioning,
,,,,,,,,,,,,,,,,,,,,,,1,,2/26/2010,1000,10-00984,3RD ST,,30 FEET WEST OF J ST,,21209(A),Side swipe,,,,,,,,,,Parked motor vehicle,,No pedestrians involved,No controls present / factor,
,,,,,,,,,,,,1,,,,,,,,,,,,3/6/2010,244,10-00999,ANDERSON RD,ALVARADO AVE,,,23152,Hit object,,,,,,,ROUNDABOUT,,,Fixed object,ROUNDABOUT,No pedestrians involved,Controls functioning,
,,,,,,,,,,,,,,,,1,,,,,,,,3/8/2010,1655,10-01056,POLELINE RD,,250 FEET NORTH OF COVELL BLVD,,22350,Rear end,3,,,,,,,,,Other motor vehicle,,No pedestrians involved,Controls functioning,
,,,,,,,,,,,,,,,,,,,,,,,,3/9/2010,807,10-01061,RUSSELL BL,HOWARD WY,,,21453,Broadside,,,,,,,,,,Other motor vehicle,,No pedestrians involved,Controls functioning,
,,,,,,,,,1,,,,,,,,,,,,,,,3/9/2010,1107,10-01064,11TH ST,,100 FEET EAST OF F ST,,22106,Broadside,,,,,,,,,,Parked motor vehicle,,No pedestrians involved,No controls present / factor,
,1,,,,,,,,,,,,1,,,,,,,,,,,3/9/2010,1640,10-01071,ANDERSON RD,,75 FEET NORTH OF RUSSELL BLVD,,,Other,1,1.0,,,,,SOLO BIKE,,,Non collision,,No pedestrians involved,No controls present / factor,
,,,,,,,,,,,,1,,,,,,,,,,,,3/10/2010,1641,10-01089,ANDERSON RD,,200 FEET NORTH OF PEREGRINE,,23152(A),Hit object,3,,,,,,,,,Fixed object,HOUSE,No pedestrians involved,Controls functioning,
,1,,,,,,,,,,,,,,,,,,1,,,,,3/10/2010,2145,10-01093,E ST,,75 FEET SOUTH OF 2ND ST,,21750,Other,1,1.0,,,,,SOLO BIKE COLLISON,,,Non collision,,No pedestrians involved,Controls functioning,
,,,,,,,,1,,,,,,,,,,,,,1,,,3/12/2010,1012,10-01118,B ST,7TH ST,,,21802 (A),Broadside,,,,,,,,,,Other motor vehicle,,No pedestrians involved,Controls functioning,
,,,,,,,,1,,,,,,,,,,,1,1,,,,3/12/2010,1409,10-01121,B ST,,120 FEET NORTH OF 3RD ST,,22350,Rear end,1,,,,,,,,,Other motor vehicle,,No pedestrians involved,Controls functioning,
,,,1,,,,,,,,,,1,,,,,,,,,,,3/15/2010,1421,10-01151,ANDERSON RD,,200 FEET SOUTH OF RUTGERS,,22107,Broadside,1,,,,,,,,,Parked motor vehicle,,No pedestrians involved,No controls present / factor,
,,,1,,,,,,,,,,,,,,,,,,,,,3/15/2010,2359,10-01157,M ST,,291 FEET SOUTH OF E 8TH ST,,22350,Side swipe,,,,,,,,,,Fixed object,METAL FENCE,No pedestrians involved,Controls functioning,
,,,,,,,,,,,,,,,,1,,,,,,,,3/17/2010,854,10-01187,POLE LINE RD,,5 FEET SOUTH OF 5TH ST,,22350,Rear end,1,,,,,,,,,Other motor vehicle,,No pedestrians involved,Controls functioning,
,,,,,,,1,,,,,,,,,1,,,,,,,,3/17/2010,1049,10-01197,E 8TH ST,POLE LINE RD,,,,Other,,,,,,,BACKING,,,Other motor vehicle,,No pedestrians involved,Controls functioning,
,,,,,,,,,,,,,,,,,,,,,,,,3/17/2010,1956,10-01200,RICHARDS BLVD,,100 FEET SOUTH OF I-80,,22350,Rear end,,,,,,,,,,Other motor vehicle,,No pedestrians involved,Controls functioning,
,,,,,,,,,,,,,,,,,,,,,,,,3/18/2010,1733,10-01218,RUSSELL BL,OESTE DR,,,,Other,1,,,,,,,,,Non collision,,No pedestrians involved,No controls present / factor,
,,,,,,,,,,,,,,,,,,,,,,,,3/18/2010,1738,10-01219,COVELL BLVD,SR 113,,,21461(A),,1,,,,,,,,,Other motor vehicle,,No pedestrians involved,Controls functioning,
,,,,,,,,,1,,,,,,,,,,,,1,,,3/18/2010,1800,10-01220,F ST,6TH ST,,,22350,Rear end,2,,,,,,,,,Other motor vehicle,,No pedestrians involved,Controls functioning,
,,,1,,,,,,,,,,,,,,,,,,,,,3/20/2010,1041,10-01270,ATLANTIS DR,,10 FEET EAST OF VIA COLONNA WAY,,22107,Hit object,,,,,,,,,,Fixed object,HOUSE,No pedestrians involved,No controls present / factor,
,,,,,,,1,,,,,,,,,,,,,,,,,3/21/2010,41,10-01274,OESTE DR,,27 FEET SOUTH OF WEST 8TH ST,,,Side swipe,,,,,,,,,,Fixed object,STOP SIGN,No pedestrians involved,Controls functioning,
,,,1,,,,,,,,,,,,,,,,,,,,,3/22/2010,209,10-01286,COWELL BLVD,DRUMMOND AVE,,,23152(B),Hit object,,,,,,,,,,Other motor vehicle,LIGHT POLE,No pedestrians involved,Controls functioning,
,,,,,,,,,,,,,,,,,,,,,,,,2/26/2010,1105,10-01356,1804 MYRTLE PL,,,,,,,,,,,,,,,,,,,
,,,,,,,,,,,,,,,,,,,,,,,,3/25/2010,1130,10-01357,W COVELL BL,,50 FEET EAST OF JOHN JONES RD,,23152(A),Side swipe,,,,,,,,,,Other motor vehicle,,No pedestrians involved,Controls functioning,
,,,,,,,,,,,,,,,,,,,,,,,,3/29/2010,2332,10-01424,W COVELL BL,SR 113,,,22107,Broadside,,,,,,,,,,Other motor vehicle,,No pedestrians involved,No controls present / factor,
,1,,,,,,,1,,,,,,,,,,,1,1,,,,4/1/2010,1045,10-01459,3RD ST,B ST,,,21801(A),Other,,,,,,,AUTO VS BIKE,,,Bicycle,,No pedestrians involved,Controls functioning,
,,,,,,,,,,,,,,,,,,1,,,,,,4/1/2010,1600,10-01462,RUSSELL BL,,10 FEET EAST OF CALIFORNIA,,22350,Rear end,2,,,,,,,,,Other motor vehicle,,No pedestrians involved,Controls functioning,
,1,,,,,,1,,,,,,,,,,,,,,,,,4/2/2010,1837,10-01488,W 8TH ST,OAK AVE,,,21453 (A),Other,1,1.0,,,,,AUTO VS BIKE,,,Bicycle,,No pedestrians involved,Controls functioning,
1,,,,,,,,,,,,,,,,1,,,,,,,,4/2/2010,2310,10-01491,POLE LINE RD,5TH ST,,,21456(B),Vehicle/pedestrian,2,,,,2.0,,,,,Pedestrian,,Crossing in crosswalk - at intersection,Controls functioning,
,,1,1,,,,,,,,,,,,,,,,,,,,,4/4/2010,730,10-01513,14TH ST,,150 FEET WEST OF B ST,,,Broadside,,,,,,,,,,Parked motor vehicle,,No pedestrians involved,No controls present / factor,
,,,,,,,,,,,,,,,,,1,,,,,,,4/7/2010,1215,10-01584,RUSSELL BLVD,EISENHOWER DR,,,21802 (A),Broadside,2,,,,,,,,,Other motor vehicle,,No pedestrians involved,No controls present / factor,
,1,,,,,,,,,,,,,,,,1,,,,,,,4/9/2010,1308,10-01606,HWY 113 OFF RAMP (NB),,3 FEET SOUTH OF RUSSELL BL,,21461(A),Broadside,1,1.0,,,,,,,,Bicycle,,No pedestrians involved,Controls functioning,
,1,,,,,,,,,,,,,,,,,,,,,,,4/9/2010,1450,10-01611,JOHN JONES RD (CR-99D),,920 FEET NORTH OF W COVELL BLVD,,21650.1 CVC,Head-on,1,1.0,,,,,,,,Bicycle,,No pedestrians involved,No controls present / factor,
,,,,,,,,,,,,,,,,,,,,,,,,4/9/2010,1734,10-01614,EL MACERO DR,VISTA WY,,,22103,Broadside,,,,,,,,,,Other motor vehicle,,No pedestrians involved,Controls functioning,
,,,1,,,,,,,,,,,,,,,,,,,,,4/9/2010,2052,10-01615,ARNOLD ST,,10 FEET NORTH OF LILLARD DR,,22350,Head-on,,,,,,,,,,Parked motor vehicle,,No pedestrians involved,Controls functioning,
,,,,,,,,,,,,,,,,,,,,,,,,4/12/2010,958,10-01647,RUSSELL BLVD,,200 FEET EAST OF COLLEGE PARK,,22350,Rear end,,,,,,,,,,Other motor vehicle,,No pedestrians involved,Controls functioning,
,,,,,1,,,,,,,,,,,,,,,,,,,4/13/2010,955,10-01657,MACE BL,,30 FEET SOUTH OF 2ND ST,,22106,Rear end,1,,,,,,,,,Other motor vehicle,,No pedestrians involved,Controls functioning,
,,,,,,,,,,,,,,,,,,,,,,,,4/13/2010,1153,10-01660,CHILES RD,ENSENADA DR,,,21802 (A),Broadside,,,,,,,,,,Other motor vehicle,,No pedestrians involved,Controls functioning,
,,,,,,,,,,,,,,,,1,,,,,,,,4/13/2010,1431,10-01663,POLELINE RD,,100 FEET SOUTH OF 5TH ST,,21804(A),Broadside,,,,,,,,,,Other motor vehicle,,No pedestrians involved,Controls functioning,
,,,,,,,,,,,,,,,,,,,,,,,,4/15/2010,1628,10-01731,RUSSELL BLVD,,200 FEET EAST OF OAK AVE,,22350,Rear end,1,,,,,,,,,Other motor vehicle,,No pedestrians involved,No controls present / factor,
,,,,,,1,,,,,,,,,,,,,1,,1,,,1/29/2010,0,10-01748,5TH ST,E ST,,,,,,,,,,,,,,Motor vehicle on other roadway,,No pedestrians involved,,
,,,,,,1,,1,,,,,,,,,,,1,1,1,,,4/16/2010,2300,10-01756,RUSSELL BL,,100 FEET WEST OF B ST,,22107 CVC,Side swipe,,,,,,,,,,Other motor vehicle,,No pedestrians involved,Controls functioning,
,,,,,,,1,,,,,,,,,,,,,,,,,4/17/2010,946,10-01769,E 8TH ST,,50 FEET EAST OF N DIAMETER,,22350,Rear end,1,,,,,,,,,Motor vehicle on other roadway,,No pedestrians involved,Controls functioning,
,,,,,,,,,,,,,,,,,,,,,,,,4/17/2010,1915,10-01783,COWELL BLVD,,100 FEET EAST OF VALDORA ST,,22350,Rear end,,,,,,,,,,Parked motor vehicle,,No pedestrians involved,Controls functioning,
,,,,,,,,,,,,,,,,,,,,,,,,4/18/2010,555,10-01805,3719 LILLARD DR,,,,23152 VC,Hit object,,,,,,,,,,Fixed object,SHRUBBERY,No pedestrians involved,No controls present / factor,
,,,,,,,,,,,,,,,,,,1,,,,,,4/21/2010,949,10-01849,RUSSELL BL,CALIFORNIA DR,,,21801(A),Broadside,1,,,,,,,,,Other motor vehicle,,No pedestrians involved,No controls present / factor,
,1,,,,,,,,1,,,,,,,,,,,,1,,,4/22/2010,1826,10-01888,F ST,,15 FEET NORTH OF 7TH ST,,21209 (A) VC,Other,1,1.0,,,,,AUTO VS BIKE,,,Bicycle,,No pedestrians involved,Controls functioning,
,,,,,,,,,,,,,,,1,,,,,,,,,4/22/2010,1859,10-01889,RICHARDS BL,,200 FEET SOUTH OF OLIVE DR,,22350,Rear end,,,,,,,,,,Other motor vehicle,,No pedestrians involved,No controls present / factor,
,,,,,,,1,,,,,,,,,,,,,,,,,4/23/2010,920,10-01903,8TH ST,,300 FEET WEST OF POLE LINE RD,,,Side swipe,1,,,,,,,,,Parked motor vehicle,,No pedestrians involved,No controls present / factor,
,,,,,,,,,,,,,,,,,,,,,,,,4/24/2010,2144,10-01924,RUSSELL BL,,30 FEET EAST OF SYCAMORE,,23153 VC,Rear end,1,,,,,,,,,Other motor vehicle,,No pedestrians involved,No controls present / factor,
,,,,,,,,,,,,,,,,,,,,,,,,4/24/2010,1530,10-01935,MOORE BL,,100 FEET EAST OF WRIGHT BLVD,,22350 vc,Hit object,,,,,,,,,,Fixed object,POLE,No pedestrians involved,No controls present / factor,
,1,1,1,,,,,,,,,,,,,,,,,,,,,4/29/2010,848,10-01992,OAK AVE,,10 FEET NORTH OF 14TH ST,,,Other,1,1.0,,,,,SOLO BIKE,,,Non collision,,No pedestrians involved,Controls functioning,
,1,,,,,,,,,,,,,,,,,,1,,,,,4/30/2010,1430,10-02015,F ST,,50 FEET SOUTH OF 4TH ST,,22350,Other,,,,,,,AUTO VS BIKE,,,Bicycle,,No pedestrians involved,Controls functioning,
,1,,,,,,,,,,,,,,,,,,,,,,,4/30/2010,1601,10-02016,RUSSELL BL,ORCHARD PARK DRIVE,,,22100(B)VC,Other,1,1.0,,,,,AUTO VS BIKE,,,Bicycle,,No pedestrians involved,No controls present / factor,
,,,,,,,,,,,,,,,,1,,,,,,,,4/30/2010,1615,10-02017,POLE LINE RD,,160 FEET NORTH OF PICASSO AVE,,22107,Side swipe,1,,,,,,,,,Other motor vehicle,,No pedestrians involved,No controls present / factor,
,,,,,,,,,1,,,,,,,,,,,,,,,5/1/2010,1159,10-02033,F ST,,50 FEET NORTH OF 12TH ST,,23152A VC,Broadside,,,,,,,,,,Other motor vehicle,,No pedestrians involved,Controls functioning,
,1,,,,,1,,,,,,,,,,,,,,,,1,,5/3/2010,1157,10-02056,5TH ST,J STREET,,,22450(a),Other,1,1.0,,,,,AUTO VS BIKE,,,Bicycle,,No pedestrians involved,Controls functioning,
,1,1,,,,,,,,,,,,,,,,,,,,,,5/7/2010,1530,10-02137,LOYOLA DR,REGIS DR,,,22450(A),Other,1,1.0,,,,,AUTO VS BICYCLE,,,Bicycle,,No pedestrians involved,Controls functioning,
,,,,,,,,,,,,1,,,,,,,,,,,,5/9/2010,1130,10-02172,675 ALVARADO AVE,,,,,Side swipe,,,,,,,,,,Other motor vehicle,,No pedestrians involved,No controls present / factor,In traffic circle?
,,,,,,,,,,,,,,,,,,,1,,,,,5/11/2010,1745,10-02180,C ST,,20 FEET SOUTH OF 2ND ST,,22106,Other,,,,,,,UNSAFE BACKING,,,Other motor vehicle,,No pedestrians involved,Controls functioning,
,,,,,,,,,,,,,,1,,1,,,,,,,,5/12/2010,932,10-02188,POLE LINE RD,,20 FEET N OF COVELL BLVD,,22106,Rear end,2,,,,,,,,,Other motor vehicle,,No pedestrians involved,Controls functioning,
,,,,,,,,,,,,,,1,,1,,,,,,,,5/12/2010,830,10-02194,POLE LINE RD,,50 FEET SOUTH OF COVELL BLVD,,22106,Rear end,1,,,,,,,,,Other motor vehicle,,No pedestrians involved,Controls functioning,
,,,1,,,,,,,,,,,,,,,,,,,,,5/13/2010,1707,10-02207,ARLINGTON BL,HUMBOLDT AVE,,,22350 vc,Rear end,,,,,,,,,,Other motor vehicle,,No pedestrians involved,No controls present / factor,
,,,,,,,,,,,,1,,,,,,,,,,,,5/16/2010,109,10-02248,ALVARADO AVE,ANDERSON RD,,,23152(B),Hit object,1,,,,,,,,,Fixed object,TRAFFIC CIRCLE/SIGN,No pedestrians involved,Controls functioning,
,,,1,,,,,,,,,,,,,,,,,,,,,5/16/2010,0,10-02250,FRONTERA DR,,78 FEET WEST OF VIGO CT,,22350,Rear end,,,,,,,,,,Parked motor vehicle,,No pedestrians involved,Controls functioning,
,,,,,,,,,,,,,,1,,1,,,,,,,,5/17/2010,1608,10-02265,POLE LINE RD,,150 FEET NORTH OF COVELL BLVD,,22107,Broadside,,,,,,,,,,Other motor vehicle,,No pedestrians involved,No controls present / factor,
,,,,,,,1,,,,,,,,,,,,,,,,,5/18/2010,1053,10-02274,OESTE DR,,50 FEET NORTH OF W 8TH ST,,22107,Hit object,1,,,,,,,,,Fixed object,TREE,No pedestrians involved,No controls present / factor,
,,,,,,,,,,,,,,,,,,,,,,,,5/19/2010,611,10-02287,MACE BLVD,,20 FEET SOUTH OF W/B I-80 ON/OFF RAMP,,22350,Overturned,1,,,,,,,,,Non collision,,No pedestrians involved,Controls functioning,
,,,,,,,,,,,,,1,,,,,,,,,,,5/19/2010,2135,10-02299,ANDERSON RD,,300 FEET NORTH OF RUSSELL BLVD,,22107,Hit object,2,,,,,,,,,Fixed object,STREET SIGNS,No pedestrians involved,Controls functioning,
,,,,,,1,,,,,,,,,,,,,,,,,,5/19/2010,2109,10-02300,5TH ST,,,,23152(A),Hit object,,,,,,,,,,Fixed object,CENTER MEDIAN,No pedestrians involved,Controls functioning,
,,,,,,,,,,,,,,,,,,,,,,,,5/21/2010,828,10-02321,CABOT ST,,100 FEET NORTH OF GANGES PL,,22106 CVC,Side swipe,,,,,,,,,,Parked motor vehicle,,No pedestrians involved,No controls present / factor,
,,,,,,,,,,,,,,,,,,,,,,,,5/21/2010,1430,10-02325,PORTAGE BAY EAST,,295 FEET NORTH OF RUSSELL BLVD,,22107,Head-on,,,,,,,,,,Fixed object,CURB,No pedestrians involved,No controls present / factor,
,1,,,,,,,,,,,,,,,,,,,,,,,5/26/2010,1341,10-02398,CHESTNUT ST,,300 FEET NORTH OF HAUSSLER DR,,,Other,1,1.0,,,,,BIKE VS FENCE,,,Fixed object,FENCE,No pedestrians involved,No controls present / factor,
,,,,,,,,,,,,,,,,,,,,,,,,5/26/2010,1819,10-02409,CHESTNUT LN,,15 FEET SOUTH OF ALICE ST,,22350,Rear end,1,,,,,,,,,Parked motor vehicle,,No pedestrians involved,Controls functioning,
,,,,,,,,,,,,,,1,,,,,,,,,,5/28/2010,1653,10-02432,COVELL BLVD,,300 FEET EAST OF L ST,,21804(A),Broadside,1,,,,,,,,,Other motor vehicle,,No pedestrians involved,No controls present / factor,
,,,,,,,,,,,,,,,,,,,1,,,,,5/3/2010,751,10-02448,C ST,,100 FEET NORTH OF 3RD ST,,22107,Side swipe,,,,,,,,,,Parked motor vehicle,,No pedestrians involved,Controls functioning,
1,,,,,,,,,,,,,1,,,,,,,,,,,6/3/2010,740,10-02490,ANDERSON RD,,105 FEET SOUTH OF HANOVER DR,,21954(A),Vehicle/pedestrian,1,,,,1.0,,,,,Pedestrian,,Crossing - not in crosswalk,No controls present / factor,
,1,,1,,,,,,1,,,,,1,,,,,,,,,,6/3/2010,1220,10-02502,F ST,,150 FEET SOUTH OF COVELL BLVD,,22106 CVC,Other,1,1.0,,,,,BIKE VS VEHICLE,,,Bicycle,,No pedestrians involved,Controls functioning,
,,,1,,,,1,,,,,,,,,,,,,,,,,6/4/2010,42,10-02504,SYCAMORE,W 8TH ST,,,23152 (A) VC,Broadside,1,,,,,,,,,Other motor vehicle,,No pedestrians involved,Controls functioning,
,,,,,,,,,,,,,,,,,,,,,,,,6/4/2010,1952,10-02523,COWELL BL,ROOS ST,,,22350,Hit object,,,,,,,,,,Fixed object,CURB/STAND UP REFLECTOR,No pedestrians involved,Controls functioning,
,,,,,,1,,,,,,,,,,,,,1,,1,,,6/10/2010,1437,10-02590,5TH ST,D ST,,,21802(A) VC,Broadside,1,,,,,,,,,Other motor vehicle,,No pedestrians involved,No controls present / factor,
,,,,,,,,,,,,,,,,,,,,,,,,6/10/2010,1639,10-02594,RUSSELL BLVD,,95 FEET WEST OF OESTE DR,,22107,Side swipe,,,,,,,,,,Other motor vehicle,,No pedestrians involved,No controls present / factor,
,,,,,,,,,,,,1,,,,,,,,,,,,6/13/2010,340,10-02631,ANDERSON RD,,200 FEET NORTH OF ALVARADO,,23152(A) CVC,Broadside,1,,,,,,,,,Parked motor vehicle,,No pedestrians involved,Controls functioning,
,1,,,,,,,,,,,1,1,,,,,,,,,,,6/14/2010,1821,10-02656,W COVELL BL,ANDERSON RD,,,21453(A) VC,Broadside,1,1.0,,,,,,,,Bicycle,,No pedestrians involved,Controls functioning,
,,,,,,,,,,,,,,,,,,,,,,,,6/16/2010,1236,10-02693,COVELL BLVD,,50 FEET EAST OF SR-113,,22350,Rear end,2,,,,,,,,,Other motor vehicle,,No pedestrians involved,Controls functioning,
,,,,,,,,,,,,,,1,,,,,,,,,,6/20/2010,227,10-02762,COVELL BLVD,WRIGHT,,,23152 VC,Hit object,,,,,,,,,,Fixed object,CURB,No pedestrians involved,Controls functioning,
,1,,,,,1,,,,,,,,,,,,,1,,1,,,6/22/2010,1806,10-02796,5TH ST,E ST,,,22450(A) CVC,Other,1,1.0,,,,,AUTO VS BIKE,,,Bicycle,,No pedestrians involved,No controls present / factor,
,,,,,,,,,,,,,,,,,,,,,,,,6/25/2010,813,10-02831,ALVARADO AVE,,20 FEET WEST OF DEL REY CT,,23152,Rear end,,,,,,,,,,Parked motor vehicle,,No pedestrians involved,Controls functioning,
,,,,,,,,,,,,,,,,,,,,,,,,6/25/2010,1713,10-02846,COVELL BLVD,,96 FEET EAST OF SR-113 S/B ON RAMP,,22350,Rear end,3,,,,,,,,,Other motor vehicle,,No pedestrians involved,Controls functioning,
,,,,,,1,,,,,,,,,,,,,,,1,,,6/26/2010,211,10-02856,G ST,,150 FEET NORTH OF 5TH ST,,21200.5,Overturned,1,,,,,,,,,Non collision,,No pedestrians involved,No controls present / factor,
,,,,,,,,,,,,,,,1,,,,,,,,,6/26/2010,729,10-02857,OLIVE DR,,450 FEET EAST OF RICHARDS BLVD,,21651,Hit object,1,,,,,,,,,Fixed object,CENTER MEDIAN,,No controls present / factor,
,,,,,,,,1,,,,,,,,,,,1,1,,,,6/28/2010,800,10-02871,B ST,3RD ST,,,22107 VC,Side swipe,,,,,,,,,,Fixed object,TRAFFIC LIGHT POLE,No pedestrians involved,Controls functioning,
,,,,,,,,,,,,,,,,,,,1,,,,,6/29/2010,1959,10-02896,C ST,,30 FEET N OF 3RD ST,,20002 VC,Rear end,,,,,,,,,,Other motor vehicle,,No pedestrians involved,No controls present / factor,
,,,,,,,,,,,,,1,,,,,,,,,,,6/30/2010,1939,10-02908,ANDERSON RD,RUSSELL BLVD,,,27155,Side swipe,,,,,,,,,,Other motor vehicle,,No pedestrians involved,Controls functioning,
,,,,,,,,,,,,,,1,,,,,,,,,,7/1/2010,738,10-02915,E COVELL BL,,305 FEET EAST OF MANZANITA LN,,22350,Hit object,,,,,,,,,,Fixed object,LIGHT POLE,No pedestrians involved,No controls present / factor,
,,,,,,,,,,,,,,,,,,,,,,,,7/11/2010,1610,10-03053,COVELL,HANOVER,,,22350 VC,Hit object,2,,,,,,,,,Fixed object,LIGHT POLE,No pedestrians involved,No controls present / factor,
1,,,,,,,,,,,,,,,,,,,1,,,,,7/13/2010,1623,10-03074,3RD ST,,15 FEET NORTH OF C ST,,21950(B),Vehicle/pedestrian,1,,,,1.0,,,,,Pedestrian,,Crossing in crosswalk - at intersection,Controls functioning,
,,,,,,1,,,,,,,,,,,,,1,1,1,,,7/16/2010,348,10-03105,5TH ST,,15 FEET EAST OF B ST,,23152 VC,Hit object,,,,,,,,,,Fixed object,CURB,No pedestrians involved,Controls functioning,
,,,,,,,,,,,,1,,,,,,,,,,,,7/16/2010,2007,10-03126,ANDERSON RD,ALVARADO AV,,,,Hit object,,,,,,,,,,Fixed object,CURB,No pedestrians involved,No controls present / factor,
,,,,,,1,,,,,,,,,,,,,,,,1,,7/17/2010,1345,10-03133,I ST,,150 FEET S OF FIFTH ST,,23103 CVC,Side swipe,,,,,,,,,,Parked motor vehicle,,No pedestrians involved,No controls present / factor,
,,,,,,,,,,,,,,,,,,,,,,,,7/19/2010,1409,10-03156,OFF RAMP TO W/B I-80 @ MACE,MACE BLVD,,,22350 VC,Hit object,,,,,,,,,,Fixed object,CURB AND ROAD SIGN,No pedestrians involved,No controls present / factor,
,,,,,,,,,1,,,,,,,,,,1,,,,,7/21/2010,1043,10-03181,4TH ST,,100 FEET WEST OF F ST,,22106,Hit object,,,,,,,,,,Fixed object,,No pedestrians involved,No controls present / factor,
,,,,,,,,,,,,,,,,,1,,,,,,,7/22/2010,853,10-03193,RUSSELL BLVD,NB SR 113 OFF RAMP,,,22350 VC,Rear end,2,,,,,,,,,Other motor vehicle,,No pedestrians involved,Controls functioning,
,1,,,,,1,,,,,,,,,,,,,,,,1,,7/9/2010,800,10-03201,5TH ST,I ST,,,,Other,,,,,,,VEHICLE VS BICYCLE,,,Bicycle,,No pedestrians involved,No controls present / factor,
,,,,,1,,,,,,,,,,,,,,,,,,,7/30/2010,809,10-03322,MACE BLVD,2ND ST,,,21453(A) CVC,Broadside,,,,,,,,,,Other motor vehicle,,No pedestrians involved,Controls functioning,
,,,,,,,,,,,,,,,,,,,,,,,,7/30/2010,1839,10-03325,3720 CHILES RD,,,,21703 VC,Rear end,1,,,,,,,,,Other motor vehicle,,No pedestrians involved,No controls present / factor,
,,,,,,,,,,,,,,,,,,,,,,,,8/1/2010,1023,10-03342,MACE BLVD,1-80 WB ON RAMP,,,21453(A) VC,Broadside,4,,,,,,,,,Other motor vehicle,,No pedestrians involved,Controls functioning,
1,,,,,,,,,,,,,,,,,,,,,,,,8/3/2010,713,10-03365,RUSSELL BL,SYCAMORE LN,,,21954(A) VC,Vehicle/pedestrian,1,,,,1.0,,,,,Pedestrian,,Crossing - not in crosswalk,Controls functioning,
,,,,,,1,,,,,,,,,,,,,,,,1,,8/4/2010,916,10-03397,5TH ST,J ST,,,21801(A) VC,Broadside,2,,,,,,,,,Other motor vehicle,,No pedestrians involved,No controls present / factor,
,,,,,,,,,,,,,,,,,,,,,,,,8/5/2010,1058,10-03418,COWELL BL,,50 FEET SOUTH OF GREENE TER,,,Head-on,1,,,,,,,,,Fixed object,TREE,No pedestrians involved,Controls functioning,