Ped,Bike,Bike Loop,School Area,1st St,E 2nd St,5th St,8th St,B St,F St,J St N,North Sycamore,North Anderson,North Anderson,East Covell,Olive Drive,Pole Line,West Russell,Russell,Downtown,University Rice,Old North,Old East,A St,DATE,TIME,REPORT,STREET 1,STREET 2,DISTANCE,DIRECTION,PRIMARY CAUSE,COLLISION TYPE,INJURY,Bike,5 Year Bike,5 Year  Ped,Ped,FATAL,TYPE OF COLLISION,VEHICLE 1,VEHICLE 2,INVOLVED WITH,OBJECT HIT,PEDESTRIAN ACTION,TRAFFIC CONTROL DEVICES,NOTES
,1,,,,,,1,,,,,,,,,,,,,,,,1,8/9/2010,1006,10-03476,W 8TH ST,,100 FEET EAST OF B ST,,22107,Other,1,1.0,1.0,,,,AUTO VS BIK,,,Bicycle,,No pedestrians involved,Controls functioning,
,,,1,,,,,,1,,,,,1,,,,,,,,,,8/9/2010,1600,10-03482,F ST,,50 FEET NORTH OF COVELL BLVD,,22350,Rear end,2,,,,,,,,,Other motor vehicle,,No pedestrians involved,Controls functioning,
,,,,,,,,,1,,,,,,,,,,1,,,,,8/11/2010,1212,10-03512,2ND ST,,50 FEET EAST OF F ST,,22106 VC,Side swipe,,,,,,,,,,Other motor vehicle,,No pedestrians involved,No controls present / factor,
,,,,,,,,,,,,,,,,,,,,,,,,8/15/2010,330,10-03581,633 L ST,,,,22350 VC,Side swipe,,,,,,,,,,Other motor vehicle,,No pedestrians involved,No controls present / factor,
,,,,,,,,,,,1,,,,,,,,,,,,,8/16/2010,1230,10-03589,SYCAMORE LN,ALVARADO AVE,,,21802,Broadside,,,,,,,,,,Other motor vehicle,,No pedestrians involved,Controls functioning,
,,,,,,,,,,,,,,1,,1,,,,,,,,8/16/2010,1709,10-03596,E COVELL BLVD,,5 FEET WEST OF POLELINE RD,,22107,Rear end,,,,,,,,,,Other motor vehicle,,No pedestrians involved,Controls functioning,
,,,,,,,,,,,,,,,,,,,1,,,,,8/16/2010,1900,10-03614,E ST,,180 FEET SOUTH OF SECOND ST,,22350,Side swipe,,,,,,,,,,Other motor vehicle,,No pedestrians involved,Controls functioning,
,,,,,,,,,,,,,,,,,1,,,,,,,8/18/2010,1713,10-03634,RUSSELL BL,,20 FEET WEST OF EISENHOWER ST,,22350 VC,Rear end,1,,,,,,,,,Other motor vehicle,,No pedestrians involved,No controls present / factor,
 ,1,,,,,,1,1,,,,,,,,,,,,,,,1,8/25/2010,1801,10-03743,E 8TH ST,B ST,,,21801(A) VC,Broadside,1,1.0,1.0,,,,,,,Bicycle,,No pedestrians involved,Controls functioning,
,,,,,,,,,,,,,,,,,,,1,,,,,8/26/2010,120,10-03746,G ST,,200 FEET SOUTH OF 3RD ST,,231529(A)(B) VC,Side swipe,,,,,,,,,,Other motor vehicle,,No pedestrians involved,Controls functioning,
,1,,,,,,,,,,,,,,,1,,,,,,,,8/27/2010,114,10-03762,POLELINE RD,,25 FEET SOUTH OF 5TH ST,,22350,Other,1,1.0,1.0,,,,NON COLLISION BICYCLE,,,Non collision,,No pedestrians involved,Controls functioning,
,,,,,,,,,,,,,,,,,1,,,,,,,8/31/2010,723,10-03813,RUSSELL BL,SR 113,,,22350,Rear end,,,,,,,,,,Other motor vehicle,,No pedestrians involved,Controls functioning,
1,,,1,,,,,,1,,,,,1,,,,,,,,,,9/1/2010,1845,10-03847,COVELL BLVD,,20 FEET WEST OF F ST,,21954 (a) CVC,Vehicle/pedestrian,1,,,,1.0,,,,,Pedestrian,,Crossing - not in crosswalk,No controls present / factor,
,1,,,,,,,,1,,,,,,,,,,1,,,,,9/1/2010,2200,10-03850,2ND ST,,100 FEET WEST OF F ST,,,Side swipe,1,1.0,1.0,,,,,,,Bicycle,,No pedestrians involved,No controls present / factor,
,,,,,,,1,,1,,,,,,,,,,,,,,,9/2/2010,2043,10-03868,E 8TH ST,F ST,,,231523(A) VC,Rear end,2,,,,,,,,,Other motor vehicle,,No pedestrians involved,Controls functioning,
,,,,,,,,,,,,,,,,1,,,,,,,,9/4/2010,554,10-03898,POLE LINE RD,,22 FEET NORTH OF LEHIGH DR,,22350,Hit object,2,,,,,,,,,Fixed object,KAISER CENTER ISLAND,No pedestrians involved,No controls present / factor,
,,1,,,,,,,,,,,,,,,,,,,,,,9/7/2010,613,10-03930,EVENSTAR LN,,900 FEET WEST OF ARLINGTON BLVD,,22350 VC,Hit object,,,,,,,,,,Fixed object,BOLLARD,No pedestrians involved,Controls functioning,
,1,,,,,,,,,,,,,,,,,,1,,,,,9/8/2010,1110,10-03954,C ST,,100 FEET SOUTH OF 4TH ST,,22107,Other,1,1.0,1.0,,,,AUTO VS BIKE,,,Bicycle,,No pedestrians involved,No controls present / factor,
,1,1,1,,,,,,,,,,1,,,,,,,,,,,9/10/2010,756,10-03980,ANDERSON RD,VILLANOVA DR,,,21453(A),Other,1,1.0,1.0,,,,AUTO VS BIKE,,,Bicycle,,No pedestrians involved,Controls functioning,
,,,,,,,,,,,,,,,,,,,,,,,,9/11/2010,208,10-04005,RUSSELL BLVD,OESTE DR,,,,Overturned,2,,,,,,,,,Fixed object,GROUND,No pedestrians involved,No controls present / factor,
,,,,,,,,,,,,,,,,1,,,,,,,,9/11/2010,1553,10-04011,619 POLE LINE RD,,.079 MILES NORTH OF 5TH ST,,22106 VC,Rear end,,,,,,,,,,Other motor vehicle,,No pedestrians involved,Controls functioning,
,1,1,,,,,,,,,,,,,,,,,,,,,,9/12/2010,1821,10-04019,COWELL,OHLONE ST,,,,Broadside,1,1.0,1.0,,,,,,,Bicycle,,No pedestrians involved,Controls functioning,
,,,1,,,,,,1,,,,,1,,,,,,,,,,9/14/2010,908,10-04046,F ST,COVELL BLVD,,,21453(A),Head-on,,,,,,,,,,Other motor vehicle,,No pedestrians involved,Controls functioning,
,1,,,,,,,,,,,,,,,1,,,,,,,,9/16/2010,1536,10-04081,POLE LINE RD,,200 FEET NORTH OF 5TH ST,,21650.1 VC,Other,1,1.0,1.0,,,,AUTO VS BIKE,,,Bicycle,,No pedestrians involved,Controls functioning,
,,,1,,,,,,,,,,,,,1,,,,,,,,9/17/2010,1041,10-04096,POLE LINE RD,,20 FEET SOUTH OF COVELL BLVD,,22106,Rear end,2,,,,,,,,,Other motor vehicle,,No pedestrians involved,Controls functioning,
,,,,,,,,,,,1,,,,,,,,,,,,,9/18/2010,2048,10-04118,SYCAMORE LN,,150 FEET NORTH OF QUAIL,,22350 VC,Hit object,2,,,,,,,,,Fixed object,TREE,No pedestrians involved,No controls present / factor,
,,,,,,,,,,,,,,,,,,,,,,,,9/18/2010,2119,10-04119,1025 ALICE ST,,,,22106 CVC,Rear end,,,,,,,,,,Parked motor vehicle,,No pedestrians involved,Controls functioning,
,,,,,,,,,,,,,,,,1,,,,,,,,9/19/2010,2200,10-04132,POLE LINE RD,,300 FEET NORTH OF MOORE BLVD,,23152(B),Head-on,1,,,,,,,,,Fixed object,,No pedestrians involved,Controls functioning,
,,,,,,,1,,,,,,,,,1,,,,,,,,9/20/2010,1041,10-04139,POLE LINE RD,,150 FEET NORTH OF 8TH ST,,22350 VC,Overturned,1,,,,,,,,,Non collision,,No pedestrians involved,Controls functioning,
,,,,,1,,,,,,,,,,,,,,,,,,,9/20/2010,1630,10-04146,MACE BL,,250 FEET SOUTH OF SECOND ST,,22350 CVC,Rear end,2,,,,,,,,,Other motor vehicle,,No pedestrians involved,Controls functioning,
,,,,,,,,,,,,,,,,1,,,,,,,,9/20/2010,1721,10-04147,5TH ST,POLE LINE RD,,,22350 VC,Rear end,1,,,,,,,,,Other motor vehicle,,No pedestrians involved,No controls present / factor,
,1,,,,,,,,,,,1,1,,,,,,,,,,,9/20/2010,2251,10-04150,COVELL BLVD,ANDERSON RD,,,,Broadside,2,2.0,2.0,,,,,,,Bicycle,,No pedestrians involved,Controls functioning,
,1,,,1,,,,1,,,,,,,,,,,1,1,,,,9/22/2010,854,10-04174,1ST ST,B ST, ,,21804(B),Other,1,1.0,1.0,,,,AUTO VS BIKE,,,Bicycle,,No pedestrians involved,Controls functioning,
,,,,,,1,,,,,,,,,,,,,,,,1,,9/22/2010,1123,10-04179,5TH ST,,70 FEET WEST OF L ST,,22350 CVC,Hit object,,,,,,,,,,Fixed object,,No pedestrians involved,No controls present / factor,
,,,,,,,,,,,,,,,,,,,,,,,,9/24/2010,641,10-04214,CHILES RD,,2500 FEET EAST OF EL CEMONTE AVE,,22350,Hit object,,,,,,,,,,Fixed object,TREE,No pedestrians involved,No controls present / factor,
,,,,,,,,,,,,,,,,,1,,,,,,,9/24/2010,735,10-04215,RUSSELL BL,,12 FEET WEST OF S/B SR 113 ON RAMP,,22350 CVC,Rear end,3,,,,,,,,,Other motor vehicle,,No pedestrians involved,Controls functioning,
,,,,,,,1,,,,,,,,,,,,,,,,,9/24/2010,1719,10-04225,8TH ST,OAK AVE,,,21801(A),Head-on,1,,,,,,,,,Other motor vehicle,,No pedestrians involved,Controls functioning,
,1,,,,,,,1,,,,,,,,,,,,,,,1,9/24/2010,1757,10-04226,B STREET,MILLER DR,,,21802(A),Other,1,1.0,1.0,,,,AUTO VS BIKE,,,Bicycle,,No pedestrians involved,Controls functioning,
,,,,,,1,,,,,,,,,,,,,,,,1,,9/24/2010,1805,10-04227,5TH ST,J ST,,,21801(A) VC,Broadside,1,,,,,,,,,Other motor vehicle,,No pedestrians involved,No controls present / factor,
,1,,,,,,,,,,,,,,,,1,,,,,,,9/24/2010,2047,10-04229,SR 113,,6 FEET SOUTH OF RUSSELL BLVD,,21461 (A),Other,1,1.0,1.0,,,,AUTO VS BIKE,,,Bicycle,,No pedestrians involved,Controls functioning,
,,,,,,1,,,,,,,,,,,,,,,,1,,9/24/2010,2338,10-04236,5TH ST,L ST,,,21800(D)(1),Broadside,1,,,,,,,,,Other motor vehicle,,No pedestrians involved,Controls not functioning,
,,,,,,,,1,,,,,,,,,,,1,1,,,,9/25/2010,2,10-04237,B ST,3RD ST,,,21801(A) VC,Broadside,1,,,,,,,,,Other motor vehicle,,No pedestrians involved,Controls functioning,
,1,,,,,,,,,,,,1,,,,,,,,,,,9/25/2010,1028,10-04250,ANDERSON RD,,200 FEET SOUTH OF COVELL BLVD.,,21801(A) VC,Broadside,1,1.0,1.0,,,,,,,Bicycle,,No pedestrians involved,No controls present / factor,
,1,,,,,,1,,,,,,,,,,,,,,,,,9/27/2010,752,10-04275,8TH ST,G ST,,,22107 VC,Broadside,1,1.0,1.0,,,,,,,Bicycle,,No pedestrians involved,No controls present / factor,
,,,,,1,,,,,,,,,,,,,,,,,,,9/28/2010,1653,10-04301,2ND ST,,10 FEET EAST OF PENA DR,,21802(A),Head-on,1,,,,,,,,,Other motor vehicle,,No pedestrians involved,Controls functioning,
,,,,,,,,,,,,,,,,,,,,,,,,9/30/2010,1835,10-04328,RUSSELL BL,,100 FEET WEST OF HOWARD WAY,,22350 VC,Side swipe,,,,,,,,,,Parked motor vehicle,,No pedestrians involved,Controls functioning,
,,,,,,1,,,,,,,,,,,,,1,,1,,,10/1/2010,1231,10-04342,5TH ST AND EST,100 FEET EAST OF DST,,,21800 (a) CVC,Broadside,1,,,,,,,,,Other motor vehicle,,No pedestrians involved,No controls present / factor,
,,,,,,,,,,1,,,,,,,,,,,,,,10/1/2010,1511,10-04347,J ST,CRANBROOK CT,,,21801 (A) CVC,Broadside,1,,,,,,,,,Other motor vehicle,,No pedestrians involved,No controls present / factor,
,,,,,,,,,,,,,,,,,,,,,,,,10/2/2010,626,10-04364,LAKE BLVD,,440 FEET SOUTH OF ARLINGTON BLVD,,23152(A)(B) VC,Side swipe,1,,,,,,,,,Parked motor vehicle,,No pedestrians involved,No controls present / factor,
,,,,,,,,,,1,,,,,,,,,,,,,,10/3/2010,31,10-04373,J ST,,100 FEET NORTH OF ALICE STREET,,22350 vc,Head-on,,,,,,,,,,Parked motor vehicle,,No pedestrians involved,Controls functioning,
,,,,,,,,,,,,,1,,,,,,,,,,,10/4/2010,2147,10-04401,ANDERSON RD,,150 FEET NORTH OF RUSSELL BLVD,,22350,Rear end,,,,,,,,,,Other motor vehicle,,No pedestrians involved,Controls functioning,
,,,,,,,,,,,,,,,,,,,1,,,,,10/5/2010,1230,10-04410,E ST,,15 FEET SOUTH OF 2ND ST,,22350,Rear end,,,,,,,,,,Other motor vehicle,,No pedestrians involved,Controls functioning,
,,,,,,,,,,,,,,,,,,,,,,,,10/6/2010,2102,10-04455,QUAIL ST,,230 FEET EAST OF SYCAMORE LN,,,Broadside,,,,,,,,,,Parked motor vehicle,,No pedestrians involved,No controls present / factor,
,,,,,,,,,,,,,,,,,,,,,,,,10/10/2010,1635,10-04501,COVELL BLVD,,10 FEET WEST OF SR 113 OVERPASS,,22350 VC,Rear end,1,,,,,,,,,Other motor vehicle,,No pedestrians involved,Controls functioning,
,1,,1,,,,1,,,,,,,,,,,,,,,,,10/11/2010,1738,10-04526,8TH ST,L ST,,,21801(A) VC,Other,2,2.0,2.0,,,,,,,Bicycle,,No pedestrians involved,Controls functioning,
,1,,,,,,,,,,,,,,,,1,,,,,,,10/11/2010,1947,10-04528,SB ON RAMP TO HWY 113,RUSSELL BLVD,,,21804(A),Broadside,1,1.0,1.0,,,,,,,Bicycle,,No pedestrians involved,Controls functioning,
,,,,,,,,,,,,,,,,,,,,,,,,10/13/2010,833,10-04560,625 CANTRILL,,,,,Rear end,,,,,,,,,,Other motor vehicle,,,,
,,,1,,,,,,,,,,,1,,,,,,,,,,10/11/2010,830,10-04578,4000 E COVELL,,,,,,,,,,,,,,,Other motor vehicle,,No pedestrians involved,Controls functioning,
,,,,,,,,,,,,,,,,,,,1,,,,,10/14/2010,1748,10-04582,E ST,,120 FEET NORTH OF 3RD ST,,23152 A/B VC,Side swipe,,,,,,,,,,Parked motor vehicle,,No pedestrians involved,Controls functioning,
1,,,,,,,,,,,,,,,,,,,,,,,,3/15/2010,757, ,ALHAMBRA DR,,6' EAST OF ARROYO ST,,21950(a),Vehicle/pedestrian,1,,,,1.0,,,,,Pedestrian,,Crossing in crosswalk - at intersection,Controls functioning,
,,,,,,,,,,,1,,,,,,,,,,,,,10/15/2010,1500,10-04587,ANTELOPE AVE,,20 FEET EAST OF SYCAMORE LN,,22350 VC,Head-on,,,,,,,,,,Other motor vehicle,,No pedestrians involved,No controls present / factor,
,1,,,,,,1,,1,,,,,,,,,,,,,,,10/15/2010,1659,10-04590,E 8TH ST,F STREET,,,21801(A) VC,Head-on,1,1.0,1.0,,,,,,,Bicycle,,No pedestrians involved,Controls functioning,
,,,,,,1,,,,,,,,,,,,,1,,1,,,10/19/2010,1914,10-04648,5TH ST,E STREET,,,21802(A)VC,Broadside,,,,,,,,,,Other motor vehicle,,No pedestrians involved,Controls functioning,
,,,,,,,,1,,,,,,,,,,,,,,,,10/22/2010,209,10-04683,9TH ST,,20 FEET EAST OF B ST,,23152(A)(B) VC,Rear end,,,,,,,,,,Parked motor vehicle,,No pedestrians involved,Controls functioning,
,1,,,,,,,,,,,,,,,,,,,,,,,10/22/2010,749,10-04684,5TH ST,CANTRILL DR,,,21461(A) VC,Other,1,1.0,1.0,,,,AUTO VS BIKE,,,Bicycle,,No pedestrians involved,Controls functioning,
,,,,,,,,,,,,,,,,,,,,,,,,10/23/2010,223,10-04699,COWELL BLVD,,.2 MILES EAST OF RESEARCH PARK,,22350 VC,Hit object,,,,,,,,,,Other motor vehicle,TIRE RIM,No pedestrians involved,No controls present / factor,
,,,,,,,,,,,,,,,,,,,,,,1,,10/24/2010,113,10-04704,L ST,,50 FEET NORTH OF 4TH ST,,22350 VC,Broadside,,,,,,,,,,Fixed object,FENCE,No pedestrians involved,Controls functioning,
,,,,,,,,,,,,,,1,,,,,,,,,,10/24/2010,1054,10-04706,COVELL BLVD,,200 FEET WEST OF L ST,,22350,Side swipe,,,,,,,,,,Fixed object,FENCE,No pedestrians involved,No controls present / factor,
,,,,,,,,,,,,,,,,,,,,,,,,10/24/2010,1659,10-04707,COWELL BLVD,,200 FEET EAST OF CHILES RD,,22350,Broadside,,,,,,,,,,Fixed object,BUS STOP SIGN,No pedestrians involved,Controls functioning,
,,,,,,,1,1,,,,,,,,,,,,,,,1,10/24/2010,1756,10-04708,B STREET,E 8TH ST,,,22350,Head-on,,,,,,,,,,Non collision,,No pedestrians involved,Controls functioning,
,,,1,,,,,,,,,,,,,,,,,,,,,10/26/2010,1533,10-04725,DANBURY ST,,50 FEET SOUTH OF EMERALD BAY,,22350,Hit object,,,,,,,,,,Fixed object,FENCE,No pedestrians involved,No controls present / factor,
,,,,,,,,,,,,,,,,,,,,,,,,10/30/2010,1230,10-04787,MACE BLVD,,40 FEET NORTH OF CHILES RD,,,Rear end,2,,,,,,,,,Other motor vehicle,,No pedestrians involved,Controls functioning,
,1,,,,,,,,,,,,,,,,,,,,,,,11/1/2010,1215,10-04823,SR 113 SB OFF RAMP,COVELL BLVD,,,21453(a) VC,Other,1,1.0,1.0,,,,AUTO VS BIKE,,,Bicycle,,No pedestrians involved,Controls Functioning,
,,,,,,,,,,,,,,,,,,,,,,,,11/1/2010,1304,10-04825,MACE BLVD,,125 FEET SOUTH OF CHILES RD,,22350 VC,Hit object,1,,,,,,,,,Fixed object,TREE,No pedestrians involved,Controls Functioning,
,1,,,,,,,,,,,,,,,,,,,,,,,11/1/2010,1245,10-04833,COVELL BLVD,,,,22107 VC,Other,1,1.0,1.0,,,,,,,Bicycle,,No pedestrians involved,Controls Functioning,
,1,1,1,,,,,,,,,,,,,,,,,,,,,11/3/2010,1616,10-04874,DREXEL DR,,30 FEET EAST OF L ST,,22107 VC,Other,1,1.0,1.0,,,,BIKE VS PARKED AUTO,,,Bicycle,,No pedestrians involved,No controls present / factor,
,,,1,,,,,,1,,,,,1,,,,,,,,,,11/4/2010,816,10-04883,F ST JUST SOUTH,,,,22350 CVC,Side swipe,,,,,,,,,,Other motor vehicle,,No pedestrians involved,No controls present / factor,
,1,,,,,1,,,,,,,,,,,,,,1,,,1,11/5/2010,1832,10-04902,A ST,RUSSELL BLVD,,,21801(A) VC,Other,1,1.0,1.0,,,,AUTO VS BIKE,,,Bicycle,,No pedestrians involved,Controls Functioning,
,,,,,,,,,,,,,,,,,,,,,,,,11/5/2010,2250,10-04905,4306 COWELL BOULEVARD,,,,23152(A) VC,Hit object,,,,,,,,,,Fixed object,SPIGOT,No pedestrians involved,No controls present / factor,
,,,,1,,,,,,,,,,,,,,,1,,,,,11/6/2010,341,10-04909,F ST,1ST ST,,,23152(A) VC,Hit object,,,,,,,,,,Fixed object,BUSH/CURB,No pedestrians involved,Controls Functioning,
,,,,,,,,,1,,,,,,,,,,,,,,,11/6/2010,1740,10-04915,F ST,,200 FEET NORTH OF ANDERSON ROAD,,21650 CVC,Head-on,,,,,,,,,,Fixed object,CONCERETE DIVIDER,No pedestrians involved,Controls Functioning,
,,,,,,,,,,,,,,,,,,,,1,,,,11/7/2010,100,10-04924,A ST,,237 FEET NORTH OF SECOND ST,,,Other,,,,,,,UNKNOWN,,,Parked motor vehicle,,No pedestrians involved,Controls Functioning,
,1,,,,,,,,,,,,,,,,,,,,,1,,11/8/2010,853,10-04929,L ST,3RD ST,,,21802(a) VC,Other,1,1.0,1.0,,,,AUTO VS BIKE,,,Bicycle,,No pedestrians involved,Controls Functioning,
,1,,,,,,,,,,,,,,,,,,,,,,,11/9/2010,1625,10-04949,COVELL BLVD,HWY 113,,,,Other,1,1.0,1.0,,,,AUTO VS BIKE,,,Bicycle,,No pedestrians involved,Controls Functioning,
,,,,,,,,,,,,,,,,,,,,,,,,11/11/2010,644,10-04974,W/B I-80 OFF RAMP,MACE BLVD,,,22350 VC,Head-on,,,,,,,,,,Fixed object,CONCRETE ISLAND,No pedestrians involved,No controls present / factor,
,,,,,,,1,1,,,,,,,,,,,,,,,1,11/11/2010,1817,10-04981,E 8TH ST,B STREET,,,21801a VC,Head-on,1,,,,,,,,,Other motor vehicle,,No pedestrians involved,Controls Functioning,
,1,,,,,,,,,,,,,,,,,,,,,,,11/12/2010,743,10-04985,RUSSELL BLVD,SYCAMORE LN,,,21453.6(C) VC,Broadside,,,,,,,,,,Bicycle,,No pedestrians involved,Controls Functioning,
1,,,,,,,1,,,,,,,,,,,,,,,,1,11/12/2010,1802,10-04995,W 8TH ST,MILLER DR,,,21954 VC,Vehicle/Pedestrian,1,,,,1.0,,,,,Pedestrian,,Crossing - not in crosswalk,Controls Functioning,
,,,,,,,,,,,,,,,,,,,,,1,,,11/13/2010,425,10-04997,RR TRACKS,,150 FEET NE OF 6TH ST,,23152 VC,Other,,,,,,,HIGH CENTER ON RR TRACKS,,,Fixed object,RR TRACKS,No pedestrians involved,No controls present / factor,
,1,,,,,,,,,,,,,,,,,,,,,,,11/14/2010,0,10-05004,RUSSELL BLVD,COLLEGE PARK DR,,,22350 VC,Other,1,1.0,1.0,,,,,,,Bicycle,,No pedestrians involved,Controls Functioning,
,1,,,,,,,,,,,,,,,1,,,,,,,,11/18/2010,739,10-05036,POLE LINE RD,,300 FEET NORTH OF 5TH ST,,21650.1 VC,Other,1,1.0,1.0,,,,AUTO VS BIKE,,,Bicycle,,No pedestrians involved,No controls present / factor,
,,,,,,,,,1,,,,,,,,,,,,1,,,11/19/2010,1300,10-05059,F ST,,10 FEET NORTH OF 7TH STREET,,22350 CVC,Rear end,,,,,,,,,,Other motor vehicle,,No pedestrians involved,No controls present / factor,
,,,,,,,,,,,,,,,,,,,1,,,,,11/19/2010,1503,10-05061,4TH ST,,20 FEET EAST OF E ST,,22106 CVC,Other,,,,,,,BACKING,,,Other motor vehicle,,No pedestrians involved,No controls present / factor,
,,,,,,,,,,,,,,,,,,,,,,,,11/19/2010,1812,10-05066,CHILES,,.081 MILES WEST OF MACE BLVD,,22107 CVC,Side swipe,,,,,,,,,,Other motor vehicle,,No pedestrians involved,Controls Functioning,
,1,,,,,1,,1,,,,,,,,,,,1,1,1,,,11/20/2010,501,10-05074,B ST,,"120 FEET SOUTH OF 5TH ST  (MY NOTE:  MUST BE MEASURED FROM CENTER LINE, AS MERGE IS CLOSER)",,23153(A) VC,Broadside,1,1.0,1.0,,,,,,,Bicycle,,No pedestrians involved,No controls present / factor,His measurement is from center line.  May be within 100 feet of 5th street.
,,,,,,,,,,,,,,,,1,,,,,,,,11/20/2010,1702,10-05079,POLELINE RD,,1000 FEET NORTH OF HALSEY CIRCLE,,22350 VC,Head-on,2,,,,,,,,,Fixed object,TREE,No pedestrians involved,Controls Functioning,
,,,,,,,,,1,,,,,,,,,,,,1,,,11/20/2010,1724,10-05080,F ST,6TH ST,,,22103 VC,Broadside,2,,,,,,,,,Other motor vehicle,,No pedestrians involved,Controls Functioning,
,1,,,,,,,,,,,,1,,,,,,,,,,,11/20/2010,0,10-05085,ANDERSON ROAD,RADCLIFFE DRIVE,,,21802(a) VC,Broadside,1,1.0,1.0,,,,,,,Bicycle,,No pedestrians involved,Controls Functioning,
,,,,,,,,,,,,,,,,,,,,,,,,11/21/2010,2214,10-05094,JARDIN PL,ANZA AVE,,,23152(A)/(B) VC,Broadside,,,,,,,,,,Parked motor vehicle,,No pedestrians involved,Controls Functioning,
,,,,,,,,,,,,,,,,,,,1,,,,,11/22/2010,1119,10-05101,E ST,,250 FEET NORTH OF 2ND ST,,21804 (A) VC,Broadside,,,,,,,,,,Other motor vehicle,,No pedestrians involved,No controls present / factor,
,,,,,,,,,,,,,,,,1,,,,,,,,11/25/2010,427,10-05132,POLE LINE RD,,0.1 MILES S OF WAHL WAY,,22350 VC,Hit object,,,,,,,,,,Fixed object,TREES,No pedestrians involved,No controls present / factor,
,,,,,,,,,,,,,,,,,,,,,,,,11/27/2010,1053,10-05146,RUSSELL BLVD,,10 FEET WEST OF COLLEGE PARK,,22350 VC,Rear end,1,,,,,,,,,Other motor vehicle,,No pedestrians involved,Controls Functioning,
,,,,,1,,,,,,,,,,,,,,,,,1,,11/28/2010,0,10-05157,2ND ST,,60 FEET EAST OF L ST,,,Head-on,,,,,,,,,,Fixed object,FENCE,No pedestrians involved,No controls present / factor,
,1,,,,,,,,,,,,,,,,,,,,,,,11/29/2010,1608,10-05170,ARLINGTON BLVD,,15 FEET EAST OF SEINE AVE,,,Other,1,1.0,1.0,,,,SINGLE BIKE,,,Non-collision,,No pedestrians involved,No controls present / factor,
,1,,,,,,,,,,,,,,,,,,,,,,,11/29/2010,1913,10-05172,WOODS CIR,,,,,Head-on,1,1.0,1.0,,,,,,,Bicycle,,No pedestrians involved,No controls present / factor,
,,,,,,,,,,,,,,,,,,,,,,,,11/30/2010,1526,10-05182,RUSSELL BL,,150 FEET E OF SYCAMORE,,23152a VC,Rear end,,,,,,,,,,Other motor vehicle,,No pedestrians involved,Controls Functioning,
,,,,,,,,,,,,,,,,,,,,,,,,12/5/2010,643,10-05237,COWELL,,1000 FEET WEST OF DRUMMOND AVE,,22107 VC,Broadside,1,,,,,,,,,Other motor vehicle,,No pedestrians involved,No controls present / factor,
,,,,,,,,,1,,,,,,,,,,1,,,,,12/6/2010,1126,10-05246,317 F ST,,,,22350 VC,Side swipe,,,,,,,,,,Other motor vehicle,,No pedestrians involved,No controls present / factor,
,,,,,,,,,,,,,,,,,,,,,,,,12/6/2010,2249,10-05253,H ST,,1000 FEET NORTH OF 8TH ST,,,Side swipe,,,,,,,,,,Parked motor vehicle,,No pedestrians involved,Controls Functioning,
,1,,,,,,,,,,,,,,1,,,,,,,,,12/7/2010,1039,10-05257,OLIVE DR,,50 FEET WEST OF RICHARDS,,22350 VC,Rear end,1,1.0,1.0,,,,BIKE VS PARKED AUTO,,,Bicycle,,No pedestrians involved,No controls present / factor,
,,,,,1,,,,,,,,,,,,,,,,,,,12/8/2010,1724,10-05278,MACE BL,2ND ST,,,22350 VC,Rear end,1,,,,,,,,,Other motor vehicle,,No pedestrians involved,Controls Functioning,
,1,,,,,,,,,,,,,,,,,1,,,,,,12/8/2010,1747,10-05280,RUSSELL BL,CALIFORNIA AVE,,,21457(B) VC,Other,1,1.0,1.0,,,,BICYCLIST,,,Bicycle,,No pedestrians involved,Controls Functioning,
,1,,,,,,,,,,,,,,,,1,,,,,,,12/9/2010,1354,10-05305,RUSSELL BL,S/R 113 OFF RAMP,,,,Other,1,1.0,1.0,,,,SINGLE BIKE,,,Non-collision,,No pedestrians involved,Controls Functioning,
,,,,,,,,,,1,,,,1,,,,,,,,,,12/9/2010,1838,10-05312,J ST,E COVELL BLVD,,,22350 VC,Rear end,1,,,,,,,,,Other motor vehicle,,No pedestrians involved,Controls Functioning,
,,,,,,,,,,,,,,,,1,,,,,,,,12/9/2010,2251,10-05317,5TH ST,POLE LINE RD,,,23152 VC,Hit object,1,,,,,,,,,Fixed object,TRAFFIC LIGHT POLE,No pedestrians involved,Controls Functioning,