Ped,Bike,Bike Loop,School Area,1st St,E 2nd St,5th St,8th St,B St,F St,J St N,North Sycamore,North Anderson,North Anderson,East Covell,Olive Drive,Pole Line,West Russell,Russell,Downtown,University Rice,Old North,Old East,A St,DATE,TIME,REPORT,STREET 1,STREET 2,DISTANCE,DIRECTION,PRIMARY CAUSE,COLLISION TYPE,INJURY,Bike,5 Year Bike,5 Year  Ped,Ped,FATAL,TYPE OF COLLISION,VEHICLE 1,VEHICLE 2,INVOLVED WITH,OBJECT HIT,PEDESTRIAN ACTION,TRAFFIC CONTROL DEVICES,NOTES
,,,,,,,,,,,,,,,,,,,,,,,,12/18/2010,2033,10-05446,RUSSELL BL,OAK AVE,,,22107 VC,Hit object,,,,,,,,,,Fixed object,TREE,No pedestrians involved,Controls Functioning,
,,,,,,,,,,,,,,,,,,,,,,,,12/20/2010,605,10-05453,DUCHAMP ST,,50 FEET SOUTH OF BELLOWS,,22350 VC,Rear end,1,,,,,,,,,Parked motor vehicle,,No pedestrians involved,No controls present / factor,
,,,,,,,,,,,,,,,,,,,,,,1,,12/24/2010,409,10-05498,L ST,3RD ST,,,23152(A) VC,Hit object,,,,,,,,,,Fixed object,CURB,No pedestrians involved,Controls Functioning,
,,,,,,,,,,,,,,,,,,,,,,,,12/28/2010,1307,10-05520,CHILES RD,,150 FEET EAST OF LAVIDA,,22350 VC,Rear end,,,,,,,,,,Other motor vehicle,,No pedestrians involved,No controls present / factor,
,,,,,1,,,,,,,,,,,,,,,,,,,12/29/2010,1742,10-05536,MACE BL,2ND ST,,,21453(a) VC,Head-on,2,,,,,,,,,Other motor vehicle,,No pedestrians involved,Controls Functioning,
,,,,,,,,,,,,,,,,,,,1,,,,,12/29/2010,2500,10-05537,840 2ND ST,,,,,Other,,,,,,,UNKNOWN,,,Other motor vehicle,,No pedestrians involved,No controls present / factor,
,,,,,,,,,,,,,,,,,,,,,,,,12/31/2010,2019,10-05549,L ST,,,,,,2,,,,,,,,,,,,,
,1,,,,,,,,,,,,,,,,,,,,,,,12/22/2010,830,10-99997,RUSSELL BLVD,OAK,,,23153(A) VC,Other,2,2.0,2.0,,,,AUTO VS BIKE,,,Bicycle,,Not in road,Controls Functioning,
,1,,1,,,,,1,,,,,,,,,,,,,,,,1/3/2011,248,11-00018,B STREET,,200 FEET SOUTH OF 14TH ST,,22350 VC,Rear end,1,1.0,1.0,,,,,,,Bicycle,,No pedestrians involved,No controls present / factor,
1,,,,,,,,,,,,,,,,,,,,,,,,1/4/2011,734,11-00037,CHILES RD,,500 FEET WEST OF I-80,,21804(a) VC,Vehicle/pedestrian,1,,,,1.0,,AUTO V PEDESTRIAN,,,Pedestrian,,Not in road,No controls present / factor,
,,,,,,,,,,,,,,,,,,,,,,,,1/4/2011,1839,11-00049,RUSSELL BLVD,OAK AVE,,,22350 VC,Rear end,,,,,,,,,,Other motor vehicle,,No pedestrians involved,Controls functioning,
,,,,,,,1,,,,,,,,,,,,,,,,1,1/9/2011,419,11-00114,WEST 8TH ST,``,"27.5"" EAST OF THE EAST CURBLINE OF MILLER DR",,23152a VC,Hit object,,,,,,1,,,,Fixed object,TREE,No pedestrians involved,No controls present / factor,
,,,,,,,,,,,,,,,,,,,,,,,,1/10/2011,1416,11-00125,CANTRILL DR,,200 FT S OF 5TH ST,,22107 VC,Side swipe,,,,,,,,,,Other motor vehicle,,No pedestrians involved,No controls present / factor,
,,,,,,,,,,,,,,,,,,,,,,,,1/13/2011,907,11-00168,MACE BLVD,I-80,,,21453(a) VC,Broadside,2,,,,,,,,,Other motor vehicle,,No pedestrians involved,Controls functioning,
,,,,,,1,,1,,,,,,,,,,,1,1,1,,,1/14/2011,1318,11-00187,RUSSELL BLVD,B STREET,,,22350 VC,Rear end,,,,,,,,,,Other motor vehicle,,No pedestrians involved,Controls functioning,
,,,,,,1,,1,,,,,,,,,,,1,1,1,,,1/16/2011,143,11-00205,RUSSELL BL,B ST,,,OTHER,Other,,,,,,,,,,Fixed object,BUSHES,No pedestrians involved,Controls functioning,
,,,,,,,,,,,,,,,1,,,,,,,,,1/21/2011,1125,11-00273,RICHARDS BL,,APPROX. 100' SOUTH OF OLIVE DR.,,21804(a) VC,Broadside,2,,,,,,,,,Other motor vehicle,,No pedestrians involved,Controls functioning,
,,,,,,1,,,,,,,,,,,,,,,,1,,1/21/2011,1415,11-00280,5TH ST,,BETWEEN K AND L,,,Rear end,,,,,,,,,,Other motor vehicle,,No pedestrians involved,Controls functioning,
1,,,,,,,,,,,,,,,,,,,,,,,1,1/21/2011,2203,11-00287,RUSSELL BL,MILLER DR,,,21950(b)VC,Vehicle/pedestrian,1,,,,1.0,,,,,Pedestrian,,Crossing in crosswalk at intersection,No controls present / factor,
,,,,,,,,,,,,,,,1,,,,,,,,,1/24/2011,1925,11-00339,RICHARDS BL,,APPROXIMATELY 50 FEET SOUTH OF OLIVE DRIVE,,22350 CVC,Hit object,,,,,,,,,,Fixed object,STREET SIGN,No pedestrians involved,No controls present / factor,
,1,,,,,,,,,,,,,,,,1,,,,,,,1/27/2011,800,11-00386,RUSSELL BL,ARTHUR ST,,,21650.1CVC,Other,2,2.0,2.0,,,,BIKE VS BIKE,,,Bicycle,,No pedestrians involved,No controls present / factor,
,1,,,,,,,,,,,,,,,,,,1,,,,,1/26/2011,1600,11-00387,4TH STREET,UNKNOWN,,,22106 VC,Other,1,1.0,1.0,,,,BIKE/VEHICLE,,,Bicycle,,No pedestrians involved,No controls present / factor,
,1,,1,,,,,,1,,,,,1,,,,,,,,,,1/28/2011,1540,11-00399,W COVELL BL,F ST.,,,21950(A) CVC,Other,1,1.0,1.0,,,,AUTO VS BIKE,,,Bicycle,,No pedestrians involved,Controls functioning,
,,,,,,,,,,,,1,,,,,,,,,,,,1/30/2011,203,11-00415,ANDERSON RD,,100 FT S OF CORONA DR,,23152 CVC,Hit object,1,,,,,,,,,Fixed object,LARGE TREE,No pedestrians involved,No controls present / factor,
,,,,,,,1,,,,,,,,,,,,,,,,1,1/30/2011,306,11-00417,8TH ST,A ST,,,23153(a)VC,Rear end,3,,,,,,,,,Other motor vehicle,,No pedestrians involved,No controls present / factor,
,,,1,,,,,,1,,,,,,,,,,,,,,,1/31/2011,1821,11-00432,F STREET,,30 FEET NORTH OF THE NORTH CURB LINE OF E 14TH STREET,,22350 CVC,Rear end,1,,,,,,,,,Other motor vehicle,,No pedestrians involved,Controls functioning,
,,,,,,,,1,,,,,,,,,,,1,1,,,,2/2/2011,2021,11-00453,B STREET,,33 FEET NORTH OF 2ND STREET,,22350  CVC,Rear end,1,,,,,,,,,Other motor vehicle,,No pedestrians involved,Controls functioning,
,,1,1,,,,,,,,,,,,,,,,,,,,,2/3/2011,5,11-00456,DREXEL DR,L ST,,,21200.5 VC,Overturned,1,,,,,,,,,Fixed object,GROUND,No pedestrians involved,Controls functioning,
,,,,,,,,,,,,,,,,,1,,,,,,,2/4/2011,2200,11-00484,RUSSELL BL,ARTHUR ST,,,,Rear end,,,,,,,,,,Other motor vehicle,,No pedestrians involved,Controls functioning,
,,,,,,,,,,,,,,,,,,,,,,,,2/6/2011,307,11-00503,ARLINGTON BL,,30 FEET NORTH OF GARRISON ST,,22350 VC,Hit object,1,,,,,,,,,Fixed object,TREE,No pedestrians involved,No controls present / factor,
,1,,1,,,,1,,,,,,,,,,,,,,,,,2/7/2011,1622,11-00520,E 8TH ST,L ST,,,21801(A) VC,Other,1,1.0,1.0,,,,AUTO V. BIKE,,,Bicycle,,No pedestrians involved,Controls functioning,
,1,,,,,,,,,,,,,,,,1,,,,,,,2/8/2011,1759,11-00532,RUSSEL BLVD.,ARTHUR ST,,,VC 21453(a),Broadside,,,,,,,,,,Bicycle,,No pedestrians involved,Controls functioning,Same accident?
,1,,,,,,,1,,,,,,,,,,,1,1,,,,2/8/2011,1923,11-00533,B ST,2ND ST.,,,21801(A) VC,Broadside,1,1.0,1.0,,,,,,,Bicycle,,No pedestrians involved,No controls present / factor,
,1,,,,,,,,,,,,,,,,1,,,,,,,2/8/2011,1835,11-00534,RUSSELL BLVD,ARTHUR ST,,,21453(a) VC,Broadside,,,,,,,,,,Bicycle,,No pedestrians involved,Controls functioning,Same accident?
,,,1,,,,,,,,,,,,,,,,,,,,,2/11/2011,1500,11-00569,3100 BLK LOYOLA DR,,200' E/O SANTA CRUZ WAY,,22350 VC,Hit object,1,,,,,,,,,Fixed object,TREE,No pedestrians involved,Controls functioning,
1,1,,,,,,,1,,,,,,,,,,,1,1,,,,2/11/2011,2018,11-00574,3RD ST,B ST,,,21950(b) CVC,Other,2,1.0,1.0,,1.0,,BIKE VS PEDESTRIAN,Pedestrian,,Bicycle,,Crossing in crosswalk at intersection,Controls functioning,
,,,,,,,,,,,,,,,,,,,,,,1,,2/13/2011,1246,11-00598,4TH ST,K STREET,,,21802(a) VC,Broadside,1,,,,,,,,,Other motor vehicle,,No pedestrians involved,No controls present / factor,
,,,,,,,1,,,,,,,,,,,,,,,,,2/15/2011,857,11-00616,W 8TH ST,MULBERRY LN.,,,22100 (b) VC,Side swipe,,,,,,,,,,Other motor vehicle,,No pedestrians involved,Controls functioning,
,,,,,,,,,1,,,,,,,,,,,,1,,,2/17/2011,1142,11-00644,F ST,7TH ST,,,21802(a) VC,Broadside,,,,,,,,,,Other motor vehicle,,No pedestrians involved,Controls functioning,
,,,,,1,,,,,,,,,,,,,,,,,,,2/19/2011,438,11-00676,2ND ST,L ST,,,23152(A)vc,Hit object,,,,,,,,,,Fixed object,TRAFFIC SIGN,No pedestrians involved,No controls present / factor,
,,1,1,,,,,,,,,,,,,,,,,,,,,2/19/2011,1,11-00680,510 VILLANOVA DR,,.03 MILES WEST OF REDWOOD LN,,23152(a) VC,Rear end,,,,,,,,,,Parked motor vehicle,,No pedestrians involved,Controls functioning,
,,,,,,,,,,,,,,,,1,,,,,,,,2/20/2011,359,11-00686,1611 POLE LINE RD,,,,23152 (A) VC,Hit object,,,,,,,,,,Fixed object,CROSSING SIGN,No pedestrians involved,No controls present / factor,22350 CVC
,,,,,,,,,,,,,,,,,,,1,,,,,2/21/2011,1033,11-00693,240 G ST,,AT RAILROAD TRACKS,,22350(a) VC,Hit object,,,,,,,,,,Fixed object,FENCE & RAILROAD TRACKS,No pedestrians involved,No controls present / factor,
,,,,,1,,,,,,,,,,,,,,,,,,,2/18/2011,1440,11-00696,2ND ST,MACE BLVD,,,,Rear end,,,,,,,,,,Other motor vehicle,,No pedestrians involved,Controls functioning,
,,,,,,,,,,,,,,,,,,,,,,,,2/21/2011,1613,11-00699,RICHARDS BL,INTERSTATE 80 E/B ON RAMP,,,21801(a) CVC,Broadside,1,,,,,,,,,Other motor vehicle,,No pedestrians involved,Controls functioning,
,,,,,,1,,1,,,,,,,,,,,1,1,1,,,2/25/2011,208,11-00734,RUSSELL BL,B STEET,,,23152(a)(b)vc,Hit object,,,,,,,,,,Fixed object,STREET LIGHT,No pedestrians involved,Controls functioning,
,,1,1,,,,,,,,,,,,,,,,,,,,,2/24/2011,1430,11-00749,(300 BLOCK) WEST 14TH ST., , ,,20002a1 VC,Hit object,,,,,,,,,,Fixed object,WALKWAY CURB,No pedestrians involved,No controls present / factor,
,,,,,,1,,,,,,,,,,,,,,,,1,,2/26/2011,1305,11-00768,5TH STREET,K STREET,,,22350 CVC,Rear end,1,,,,,,,,,Other motor vehicle,,No pedestrians involved,No controls present / factor,
,,,,,,1,,,,,,,,,,,,,1,,1,,,2/26/2011,1817,11-00770,G ST,5TH ST,,,21453(a) CVC,Broadside,3,,,,,,,,,Other motor vehicle,,No pedestrians involved,Controls functioning,
1,,,,,,,,,,,,,,,,,,,,,,,,2/27/2011,805,11-00777,SANDPIPER DR,,1000 FT N OF ANDERESON RD,,22350 VC,Vehicle/pedestrian,1,,,,1.0,,,,,Pedestrian,,In road - includes shoulder,No controls present / factor,
,,,,,,,,,,,,,,,,,,,,,,,,2/28/2011,749,11-00791,HUMBOLT AVE,ARTHUR DR,,,21802(a),Broadside,,,,,,,,,,Other motor vehicle,,No pedestrians involved,Controls functioning,
,1,,,,,,1,1,,,,,,,,,,,,,,,1,2/28/2011,1735,11-00803,E 8TH ST,B STREET,,,22107 VC,Other,1,1.0,1.0,,,,,,,Bicycle,,No pedestrians involved,Controls functioning,
,,,,,,,,,,,,,,1,,,,,,,,,,3/7/2011,714,11-00910,COVELL BLVD,,100 FEET EAST OF MONARCH,,22107 VC,Hit object,1,,,,,,,,,Fixed object,LIGHT POLE,No pedestrians involved,No controls present / factor,
,1,,,,,,,,,,,,,,,,,,1,,,,,3/7/2011,1219,11-00915, 3RD ST,, 100 FEET WEST OF THE INTERSECTION WITH E. STREET,,22517 VC,Side swipe,1,1.0,1.0,,,,,,,Bicycle,,No pedestrians involved,No controls present / factor,
,1,,,,,,,,,,,,,,,,,,,,,,,3/10/2011,820,11-00963,ALHAMBRA DR,CARICIA ST,,,22450(a) VC,Other,1,1.0,1.0,,,,VEHICLE VS. BICYCLE,,,Bicycle,,No pedestrians involved,Controls functioning,
,,1,1,,,,,,,,,,,,,1,,,,,,,,3/12/2011,0,11-00988,LOYOLA DR,POLE LINE RD,,,23152(b) VC,Hit object,,,,,,,,,,Fixed object,SHRUBS,No pedestrians involved,Controls functioning,
,,,,,,,,,,,,,,,,,,,,,,,,3/14/2011,827,11-01015,COWELL BLVD,,500 FEET EAST OF RESEARCH PARK DRIVE,,22350 CVC,Rear end,1,,,,,,,,,Other motor vehicle,,No pedestrians involved,Controls functioning,
,,,,,,,,,,,,,,1,,,,,,,,,,3/15/2011,1145,11-01026,L STREET,CLAREMONT DRIVE,,,22107 VC,Broadside,2,,,,,,,,,Other motor vehicle,,No pedestrians involved,No controls present / factor,
,,,,,,,,,,,,,,,,,,,,,,,,3/12/2011,1200,11-01042,617 ALVARADO AV,,,,20002A VC,,,,,,,,,,,,,,,
1,,,,,,,,,,,,,,,,,,,1,,,,,3/18/2011,1430,11-01081,2ND ST,G ST.,,,21950B CVC,Vehicle/pedestrian,1,,,,1.0,,,,,Pedestrian,,Crossing in crosswalk at intersection,Controls functioning,
,,,,,,,,,,,,,,,,,,,,,,,,3/18/2011,1941,11-01086,W COVELL BL,JOHN JONES ROAD,,,22350 CVC,Rear end,1,,,,,,,,,Other motor vehicle,,No pedestrians involved,Controls functioning,
,,,,,,,,,,,,,,,,,,,,,,,,3/19/2011,722,11-01090,1441 RESEARCH PARK DR,,,,22350 VC,Hit object,,,,,,,,,,Fixed object,SIGNS / LIGHT POLE,No pedestrians involved,Controls functioning,
,,,,,,,,,,,,,,1,,1,,,,,,,,3/21/2011,1,11-01114,POLE LINE RD,,APPROXIMATELY 40 FEET SOUTH OF COVELL,,,Hit Object,,,,,,,,,,Fixed object,TRAFFIC SIGNAL CONTROLL BOX,No pedestrians involved,Controls functioning,
,,,,,,,,,1,,,,,1,,,,,,,,,,3/23/2011,842,11-01131,E. COVELL BL,,150' EAST OF F STREET,,22350,Rear end,,,,,,,,,,Other motor vehicle,,No pedestrians involved,Controls functioning,
,,,1,,,,,,,,,,,,,,,,,,,,,3/24/2011,45,11-01144,ARNOLD STREET,,N OF LILLARD DRIVE,,23152,Rear end,,,,,,,,,,Other motor vehicle,,No pedestrians involved,No controls present/factor,
,,,,,,,,,,,,,,,,,,,,,,,,3/25/2011,2145,11-01172,CHILES RD,LA VIDA,,,22107,Broadside,1,,,,,,,,,Other motor vehicle,,No pedestrians involved,No controls present/factor,
,1,,,,,,,,,,,,,1,,1,,,,,,,,3/28/2011,750,11-01197,POLE LINE RD,,10 FEET SOUTH OF COVELL BLVD,,21650.1 VC,Other,1,1.0,1.0,,,,AUTO V. BIKE,,,Bicycle,,No pedestrians involved,Controls functioning,
,,,,,,,,,,,,,,,,,,,,,,,,3/28/2011,855,11-01204,STREET,,,,,Other,,,,,,,BACKING,,,Parked motor vehicle,,No pedestrians involved,Controls functioning,
,,,,,,,,,,,,,,,,,,,,,,,,3/28/2011,2030,11-01208,W COVELL BL,,75' EAST OF SR NB ON-RAMP,,22350,Sideswipe,,,,,,,,,,Other motor vehicle,COLLIDED W/STREET SIGN TOO,No pedestrians involved,Controls functioning,Hwy 113?
,,1,1,,,,,,,,,,,,,,,,,,,,,3/25/2011,1800,11-01221,14TH STREET,,100 FEET EAST OF BEECH LANE,,Uknown,Other,,,,,,,UNKNOWN,,,Other motor vehicle,,No pedestrians involved,No controls present/factor,
,,,,,,,,,,,,,,,,,,,,,,,,3/30/2011,1406,11-01227,COVELL BLVD,,200 FEET WEST OF ANDERSON RD,,22350 cvc,Rear end,1,,,,,,,,,Other motor vehicle,,No pedestrians involved,No controls present/factor,
,,,,,,,,,,,,,,,,,,,1,,,,,3/31/2011,810,11-01237,E ST,2ND ST,,,22350vc,Hit Object,1,,,,,,,,,Other object,CONSTRUCTION TRENCH,No pedestrians involved,Controls functioning,
,1,,1,,,,1,,,,,,,,,,,,,,,,,3/31/2011,1245,11-01244,E 8TH ST,,25FT EAST OF SIMMONS WY,,22517VC,Head-on,1,1.0,1.0,,,,,,,Bicycle,,No pedestrians involved,No controls present/factor,
,,,,,,,,,,,,,,,,,,,,,,,,4/3/2011,100,11-01283,COWELL,,300 FEET WEST OF VALDORA,,,Rear end,,,,,,,,,,Other motor vehicle,,No pedestrians involved,Controls functioning,
,1,,,,,,,1,,,,,,,,,,,1,1,,,,4/4/2011,1548,11-01293,2ND,B ST,,,21802(a),Other,1,1.0,1.0,,,,AUTO V. BIKE,,,Bicycle,,No pedestrians involved,Controls functioning,
,1,1,1,,,,,,,,,,1,,,,,,,,,,,4/5/2011,1725,11-01317,VILLANOVA DR,ANDERSON RD,,,21453(b) VC,Other,1,1.0,1.0,,,,AUTO V BIKE,,,Bicycle,,No pedestrians involved,Controls functioning,
,1,,,,,,,,,,,,,,,,,,,,,,,4/8/2011,1229,11-01368,W COVELL BL,,1400 BLOCK,,21804(a) CVC,Broadside,1,1.0,1.0,,,,,,,Bicycle,,No pedestrians involved,No controls present/factor,
,1,,,,,,,,,,,1,1,,,,,,,,,,,4/8/2011,1626,11-01374,W COVELL BL,ANDERSON ROAD,,,21453(a)cvc,Other,,,,,,,AUTO VS BIKE,,,Bicycle,,No pedestrians involved,Controls functioning,
,,,,,,,,,,,,,,,,,,,,,,1,,4/8/2011,1722,11-01375,4TH STREET,J STREET,,,22450(a)CVC,Broadside,,,,,,,,,,Other motor vehicle,,No pedestrians involved,Controls functioning,
,,,,,,,,,,,,,,,,,,,,,,,,4/3/2011,1900,11-01422,MACE BL,COWELL,,,22350VC,Rear end,1,,,,,,,,,Other motor vehicle,,No pedestrians involved,Controls functioning,
,,,,,,,,,,,,,,,,,,,,,,,,4/11/2011,1130,11-01432,1300 WAKE FOREST DR,,,,,Sideswipe,,,,,,,,,,Parked motor vehicle,,No pedestrians involved,No controls present/factor,UNKNOWN
,,,,,,1,,,1,,,,,,,,,,1,,1,,,4/13/2011,1312,11-01435,5TH ST,,30 FT WEST OF F ST,,22350,Rear end,,,,,,,,,,Other motor vehicle,,No pedestrians involved,Controls functioning,
,,,1,,,,,,,,,,,,,,,,,,,,,4/13/2011,1400,11-01436,CORNELL DR,,100 FT EAST OF PLUM DR,,22350VC,Hit Object,1,,,,,,,,,Fixed object,TREE,No pedestrians involved,No controls present/factor,
,1,,,,,,,,,,1,,,,,,,,,,,,,4/14/2011,1800,11-01453,SYCAMORE LN,,APPROXIMATELY 50 YARDS NORTH OF RUSSELL BLVD.,,,Other,1,1.0,1.0,,,,,,,Bicycle,,No pedestrians involved,No controls present/factor,
,1,,,,,,1,,,1,,,,,,,,,,,,,,4/15/2011,947,11-01459,E 8TH ST,,100' EAST OF J ST,,22350,Other,1,1.0,1.0,,,,BIKE VS. FIXED OBJECT,,,Fixed object,STREET SIGN,No pedestrians involved,Controls functioning,
,,,,1,,,,,,,,,,,,,,,1,,,,,4/16/2011,1547,11-01488,FIRST STREET,,40 FEET EAST OF E STREET,,23152a/b cvc,Sideswipe,1,,,,,,,,,Other motor vehicle,,No pedestrians involved,No controls present/factor,
,,,,,,,,,,,,,,,,,,,,,,,,4/16/2011,1644,11-01491,RUSSELL BL,S. CAMPUS WAY,,,23152(a),Rear end,,,,,,,,,,Other motor vehicle,,No pedestrians involved,Controls functioning,
,,,,,,,,,,,,,,,,,,,,,,,,4/16/2011,1715,11-01494,WAKE FOREST DR,,APPROXIMATELY 50 FEET NORTH OF GUAVA LANE,,22350 CVC,Other,1,,,,,,,,,Non collision,,No pedestrians involved,No controls present/factor,
,,,1,,,,1,,,,,,1,,,,,,,,,,,4/17/2011,204,11-01531,ANDERSON RD,WEST 8TH ST,,,23152(a)VC,Rear end,1,,,,,,,,,Other motor vehicle,,No pedestrians involved,Controls functioning,
,,,1,,,,,,,,,,,,,1,,,,,,,,4/20/2011,1735,11-01581,COWELL BL,POLE LINE RD,,,22350 VC,Rear end,,,,,,,,,,Other motor vehicle,,No pedestrians involved,Controls functioning,
,,,,,,,1,,,,,,,,,,,,,,,,,4/21/2011,1830,11-01602,E 8TH ST,,300 FT WEST OF POLE LINE RD,,22106VC,Broadside,1,,,,,,,,,Other motor vehicle,,No pedestrians involved,No controls present/factor,
,,,,,,,,1,,,,,,,,,,,1,1,,,,4/22/2011,1509,11-01618,SECOND STREET,,30 FEET FROM B STREET,,21804 (A),Sideswipe,,,,,,,,,,Other motor vehicle,,No pedestrians involved,No controls present/factor,
,,,,,,,,,,,,,,,1,,,,,,,,,4/23/2011,1257,11-01636,OLIVE DRIVE,,200 FEET EAST OF RICHARDS BLVD,,23152(b) V.C.,Rear end,,,,,,,,,,Other motor vehicle,,No pedestrians involved,Controls functioning,
,,,,,,,,,,,,,,,,,,,,,,,,4/23/2011,1230,11-01663,RICHARDS BL,I-80,,,22350,Rear end,,,,,,,,,,Other motor vehicle,,No pedestrians involved,Controls functioning,
,1,,,,,,,,,,,,,,1,,,,,,,,,4/26/2011,1630,11-01675,RICHARDS BLVD,OLIVE DR,,,22107VC,Other,2,2.0,2.0,,,,VEH VS BIKE,,,Bicycle,,No pedestrians involved,Controls functioning,
,,,,,,,,,,,,,,,,,,,,,,,,4/27/2011,1600,11-01691,RICHARDS BLVD,,200 FEET WEST OF RESEARCH PARK DR,,22106VC,Rear end,1,,,,,,,,,Other motor vehicle,,No pedestrians involved,Controls functioning,
,,,,,,1,,,,,,,,,,,,,1,,1,,,4/27/2011,1645,11-01694,5TH ST,E ST,,,21802(a)VC,Broadside,1,,,,,,,,,Other motor vehicle,,No pedestrians involved,Controls functioning,
,1,,,,,,,,1,,,,,,,,,,1,,,,,4/27/2011,1330,11-01699,F ST,4TH ST,,,Unknown,Other,1,1.0,1.0,,,,,,,Bicycle,,No pedestrians involved,No controls present/factor,
,,,,,,1,,,,,,,,,,,,,,,,1,,4/28/2011,1830,11-01713,5TH ST,J ST,,,21802 CVC,Head-on,1,,,,,,,,,Other motor vehicle,,No pedestrians involved,Controls functioning,
,1,1,,,,,,,,,,,,,,,,,,,,,,4/29/2011,1544,11-01728,PACIFIC DR,DREXEL DR,,,21800(b)(1) cvc,Other,1,1.0,1.0,,,,AUTO V BIKE,,,Bicycle,,No pedestrians involved,No controls present/factor,
,,,,,,1,,,,,,,,,,,,,1,,1,,,4/30/2011,1640,11-01739,5TH ST,,120 FEET WEST OF G ST,,22350,Rear end,1,,,,,,,,,Other motor vehicle,,No pedestrians involved,No controls present/factor,
,,,,1,,,,,,,,,,,,,,,1,,,,,5/1/2011,159,11-01742,1ST ST,,60 YARDS WEST OF D STREET,,,Head-on,,,,,,,,,,Parked motor vehicle,,No pedestrians involved,Controls functioning,
,1,,,,1,,,,,,,,,,,,,,,,,,,5/2/2011,2145,11-01763,CANTRILL DR,,APPROXIMATELY 10 FEET NORTH OF NORTH CURBLINE OF 2ND ST,,unknown,Other,1,1.0,1.0,,,,,,,Bicycle,,No pedestrians involved,Controls functioning,
1,1,1,1,,,,,1,,,,,,,,,,,,,,,,5/2/2011,1445,11-01764,E 14TH ST,B ST,,,,Other,1,0.5,0.5,,0.5,,BIKE VS PED,,,,,Crossing in crosswalk at intersection,Controls functioning,
,,,,,,,,,,,,,,,,,,,,,,,,5/4/2011,639,11-01778,MACE BL,W/B I-80 OFF-RAMP,,,22350,Hit Object,,,,,,,,,,Fixed object,,No pedestrians involved,No controls present/factor,
,1,,,,,,,,,,,,,,,,,,,,,,,5/4/2011,827,11-01779,100 W CHILES RD,,50 WEST OF I-80,,,Other,1,1.0,1.0,,,,SOLO BICYCLE,,,Non collision,,No pedestrians involved,No controls present/factor,
,,,1,,,,,,,,,,1,,,,,,,,,,,5/6/2011,48,11-01804,ANDERSON RD,,300 FT NORTH OF W 8TH ST,,,Overturned,3,,,,,,,,,Fixed object,CURB,No pedestrians involved,No controls present/factor,
,1,,,,,,,,1,,,,,,,,,,,,1,,,5/6/2011,1321,11-01819,6TH ST.,F ST.,,,21801(a) CVC,Other,1,1.0,1.0,,,,AUTO V. BIKE,,,Bicycle,,No pedestrians involved,Controls functioning,
,,,,,,1,,,,,,,,,,,,,,1,,,1,5/8/2011,2326,11-01855,5TH STREET,A STREET,,,22350 vc,Head-on,,,,,,,,,,Fixed object,STREET SIGN,No pedestrians involved,Controls functioning,
,,,,,,1,,,,,,,,,,,,,1,,1,,,5/9/2011,2400,11-01864,5TH ST, D ST,,,21802(a) VC,Broadside,1,,,,,,,,,Other motor vehicle,,No pedestrians involved,Controls functioning,
,,,,,,,,,,,,,,,,,,,,,,,,5/11/2011,1220,11-01889,MACE BLVD,I-80,,,21453(a),Broadside,1,,,,,,,,,Other motor vehicle,,No pedestrians involved,Controls functioning,
,,,,,,,,,,,,,,,,1,,,,,,,,5/13/2011,1040,11-01916,POLE LINE,,300 FT SOUTH OF CLAREMONT,,22350VC,Hit Object,1,,,,,,,,,Fixed object,TREE,No pedestrians involved,No controls present/factor,
,,,,,,,,,,,,,,,,,,,,,,,,5/13/2011,1205,11-01917,RUSSELL BL,,100 FT WEST OF OAK AVE,,22350VC,Rear end,1,,,,,,,,,Other motor vehicle,,No pedestrians involved,Controls functioning,
,,,,,,,,,,,,,,,,,,,,,,,,5/13/2011,1548,11-01921,ARLINGTON BL,,100 FT EAST OF SEINE AVE,,22350 CVC,Other,1,,,,,,,,,Non collision,,No pedestrians involved,No controls present/factor,
,1,,,,,,1,,,,,,,,,,,,,,,,,5/13/2011,1840,11-01925,EAST 8TH ST,.2 MILES WEST OF MESQUITE DRIVE,,,22103 CVC,Other,1,1.0,1.0,,,,,,,Bicycle,,No pedestrians involved,No controls present/factor,
,1,,,,,,,,,,,,,,,,,,,,,,,5/12/2011,931,11-01935,2120 COWELL BL,SIDEWALK / BIKEPATH,,,21804(a),Other,1,1.0,1.0,,,,,,,Bicycle,,No pedestrians involved,No controls present/factor,