Ped,Bike,Bike Loop,School Area,1st St,E 2nd St,5th St,8th St,B St,F St,J St N,North Sycamore,North Anderson,North Anderson,East Covell,Olive Drive,Pole Line,West Russell,Russell,Downtown,University Rice,Old North,Old East,A St,DATE,TIME,REPORT,STREET 1,STREET 2,DISTANCE,DIRECTION,PRIMARY CAUSE,COLLISION TYPE,INJURY,Bike,5 Year Bike,5 Year  Ped,Ped,FATAL,TYPE OF COLLISION,VEHICLE 1,VEHICLE 2,INVOLVED WITH,OBJECT HIT,PEDESTRIAN ACTION,TRAFFIC CONTROL DEVICES,NOTES
,1,,,,,,,,,,,,,,,,,,,,,,,5/13/2011,1530,11-01945,COWELL BLVD,DREW CIR,,,22107 VC,Other,1,1.0,1.0,,,,,,,Bicycle,,No pedestrians involved,Controls functioning,
,,,1,,,,,,,,,,,,,,,,,,,,,5/15/2011,106,11-01953,1301 WHITTIER DRIVE,,,,22350 cvc,Head-on,,,,,,,,,,Fixed object,FENCE,No pedestrians involved,No controls present/factor,
,,,,,,,,,,,,,,,,,,,,,,,,5/16/2011,1139,11-01959,W COVELL BL,SR 113 N/B ON AND OFF RAMP,,,22350,Rear end,,,,,,,,,,Other motor vehicle,,No pedestrians involved,Controls functioning,
,,,,,,,,,,,,,1,,,,,,,,,,,5/16/2011,1830,11-01976,HANOVER DR,,100 FEET EAST OF ANDERSON RD.,,,Rear end,,,,,,,,,,Parked motor vehicle,,No pedestrians involved,Controls functioning,
1,,,,,,,,,,,,,1,,,,,,,,,,,5/17/2011,2115,11-01984,RUSSELL BLVD,ANDERSON RD,,,21950(a) CVC,Vehicle - pedestrian,1,,,,1.0,,,,,Pedestrian,,Crossing in crosswalk at intersection,Controls functioning,
,1,,,,1,,,,,,,,,,,,,,,,,,,5/18/2011,1740,11-02000,2ND ST,,300 FT WEST OF PENA,,22100(b) VC,Other,1,1.0,1.0,,,,,,,Bicycle,,No pedestrians involved,No controls present/factor,
,1,,1,,,,,,,,,,,,,,,,,,,,,5/19/2011,815,11-02008,E COVELL BL,ALHAMBRA,,,,Other,1,1.0,1.0,,,,BICYCLE VS VEH,,,Bicycle,,No pedestrians involved,Controls functioning,
,,,,,,,,,,,,,,,,,,,,,,1,,5/21/2011,1711,11-02051,4TH ST,I ST,,,21802(a) CVC,Broadside,4,,,,,,,,,Other motor vehicle,,No pedestrians involved,No controls present/factor,
,,,,,,,,,,,,,,,1,,,,,,,,,5/23/2011,1433,11-02076,RICHARDS BLVD,,300 FT NORTH OF OLIVE DR,,21461(a),Hit Object,,,,,,,,,,Fixed object,RAILROAD OVERPASS,No pedestrians involved,Controls functioning,
1,,,,,,,,,,,,,,,,,,,,,,,,5/26/2011,1037,11-02119,DRAKE DR,SYCAMORE LN,,,21950(a)VC,Vehicle - pedestrian,1,,,,1.0,,,,,Pedestrian,,Crossing in crosswalk at intersection,No controls present/factor,
,,,,,,,,,,,,,,,,,,,,,,,,5/27/2011,334,11-02126,843 ADAMS TR,,,,,Sideswipe,,,,,,,,,,Other motor vehicle,,No pedestrians involved,No controls present/factor,
,,,,,,,,,,,,,,,,,,,1,,,,,5/29/2011,1640,11-02150,3RD ST,,160 FEET EAST OF B STREET,,22106 C.V.C.,Hit Object,,,,,,,,,,Fixed object,,No pedestrians involved,No controls present/factor,
,,,1,,,,,,,,,,,,,,,,,,,,,6/1/2011,612,11-02176,CATALINA DR,COVELL BL,,,22350 VC,Rear end,,,,,,,,,,Other motor vehicle,,No pedestrians involved,Controls functioning,
,,,,,,,,1,,,,,,,,,,,1,1,,,,6/1/2011,1321,11-02180,B ST,3 RD ST,,,22107,Hit Object,,,,,,,,,,Fixed object,TRAFFIC SIGNAL TREE,No pedestrians involved,Controls functioning,
,,,1,,,,,,,,,,,,,,,,,,,,,6/2/2011,1746,11-02197,SYCAMORE LANE,,0.1 MILES SOUTH OF CORNELL DRIVE,,22103 CVC,Overturned,1,,,,,,,,,Non collision,,No pedestrians involved,No controls present/factor,
,,,,,1,,,,,,,,,,,,,,,,,,,6/3/2011,1747,11-02213,2ND ST,CANTRILL,,,21802(a) VC,Broadside,1,,,,,,,,,Other motor vehicle,,No pedestrians involved,No controls present/factor,
,,,,,,,,,1,,,,,1,,,,,,,,,,6/4/2011,2202,11-02233,F STREET,WEST COVELL BLVD.,,,unknown,Rear end,,,,,,,,,,Other motor vehicle,,No pedestrians involved,Controls functioning,
,,,,,,1,,,,,,,,,,,,,1,,1,,,6/5/2011,59,11-02235,ON 5TH ST AND E STREET,E STREET,,,23153 (a) CVC,Sideswipe,2,,,,,,,,,Other motor vehicle,,No pedestrians involved,No controls present/factor,
,1,,,,,,,,,,,,,,,,,,,,,,,6/7/2011,1555,11-02256,RESEARCH PARK DR,,100 FT WEST OF RICHARDS BLVD,,21650.1,Other,1,1.0,1.0,,,,AUTO V. BIKE,,,Bicycle,,No pedestrians involved,No controls present/factor,
,,,1,,,,,,,,,,,,,,,,,,,,,6/8/2011,735,11-02265,OAK AVE,COVELL BLVD,,,22350VC,Rear end,1,,,,,,,,,Other motor vehicle,,No pedestrians involved,Controls functioning,
,1,,,,,,,,,,,,,,,,,,,,,,,6/8/2011,1900,11-02279,1000 RICHARDS BL,,75' SOUTH OF THE WB I-80 ON-RAMP,,,Other,1,1.0,1.0,,,,SOLO BIKE,,, ,,No pedestrians involved,No controls present/factor,
1,,,,,,,1,,,,,,,,,,,,,,,,,6/9/2011,252,11-02282,E 8TH ST,,IFO 1233 E. 8TH ST,,22106 cvc,Vehicle - pedestrian,1,,,,1.0,,,,,Other motor vehicle,,In road - includes shoulder,Controls functioning,
,,,,,,,,,,,,,,,,1,,,,,,,,6/10/2011,815,11-02302,FIFTH STREET,POLE LINE ROAD,,,21453(a) cvc,Broadside,1,,,,,,,,,Other motor vehicle,,No pedestrians involved,Controls functioning,
,,,,,,,,,,,,,,,,,,,1,,,,,6/10/2011,2010,11-02317,3RD ST,,WEST OF D ST NORTH SIDE OF ROADWAY,,22350,Rear end,,,,,,,,,,Other motor vehicle,,No pedestrians involved,No controls present/factor,
,,,1,,,,,,1,,,,,,,,,,,,,,,6/11/2011,334,11-02320,F ST AND WEST COVELL,ON F STREET JUST SOUTH OF COVELL,,,22350 (a) CVC,Other,,,,,,,,,,Fixed object,CENTER DIVIDER,No pedestrians involved,Controls functioning,
,,,,,,,,,,,,,,,,,,,1,,,,,6/11/2011,1323,11-02325,C ST,,100 FEET NORTH OF FIRST ST.,,22106 CVC,Other,,,,,,,BACKING,,,Parked motor vehicle,,No pedestrians involved,Controls functioning,
,,,,,,,,,,,,1,,,,,,,,,,,,6/13/2011,1316,11-02341,AVOCET AVE,ANDERSON RD,,,22107,Head-on,,,,,,,,,,Other motor vehicle,,No pedestrians involved,Controls functioning,
,1,,,,,,,,,,,,,,,,,,,,,,,6/15/2011,1546,11-02373,COVELL TUNNEL BICYCLE PATH,,500 FEET WEST OF ALHAMBRA DR,,,Head-on,1,1.0,1.0,,,,,,,Fixed object,TUNNEL CONCRETE WALL,No pedestrians involved,No controls present/factor,
,,,,,,,,,,,,,,,,,,,1,,1,,,6/16/2011,601,11-02380,H ST,,80' SOUTH OF E. 8TH STREET,,23152(a)cvc,Hit Object,1,,,,,,TREE,,,Fixed object,TREE,No pedestrians involved,Controls functioning,
,,,,,,,,1,,,,,,,,,,,1,1,,,,6/16/2011,2052,11-02386,B ST,4TH ST,,,22350 CVC,Hit Object,,,,,,,,,,Fixed object,TREE,No pedestrians involved,No controls present/factor,
,,,1,,,,,,,,,,,,,1,,,,,,,,6/17/2011,2300,11-02399,POLE LINE ROAD,COWELL BLVD,,,21453(a) CVC,Broadside,,,,,,,,,,Other motor vehicle,,No pedestrians involved,Controls functioning,
,,,,,,,,,,,,,,,,,,,,,,,,6/20/2011,2500,11-02436, AUDUBON CI,,300' NORTH OF BISHOP PL,,,Sideswipe,,,,,,,,,,Parked motor vehicle,,No pedestrians involved,No controls present/factor,
,,,,,,,,,,,,,,,1,,,,,,,,,6/26/2011,2000,11-02481,RICHARDS BLVD,OLIVE DRIVE,,,22350 VC,Rear end,1,,,,,,,,,Other motor vehicle,,No pedestrians involved,Controls functioning,
,,,,,,,,,,,,,,,,,,,,,,,,6/26/2011,2242,11-02482, MACE BL,,144 FEET S OF SOUTHEAST CORNER OF ONRAMP TO I-80 W/B,,other/medical,Hit Object,,,,,,,,,,Fixed object,,No pedestrians involved,Controls functioning,
,,,,,,,,,,,,,,,,,,,,,,,,6/28/2011,1214,11-02501,RICHARDS BL,,30 FEET EAST OF I-80,,22350,Rear end,,,,,,,,,,Other motor vehicle,,No pedestrians involved,Controls functioning,
,,,,,,,,,,,,,,,,1,,,,,,,,6/28/2011,1230,11-02503,POLE LINE RD,,250' NORTH OF HALSEY  CIR,,22350,Hit Object,,,,,,,,,,Fixed object,TREE,No pedestrians involved,Controls functioning,
,,,1,,,,,,,,,,,,,,,,,,,,,6/30/2011,1341,11-02529,ALHAMBRA DR,CONQUISTADOR WY,,,22107 CVC,Sideswipe,1,,,,,,,,,Other object,,No pedestrians involved,Controls functioning,
,,,,,,1,,,1,,,,,,,,,,,,,,,6/30/2011,1956,11-02540,5TH ST,,100 FEET WEST OF F STREET,,22350cvc,Rear end,2,,,,,,,,,Other motor vehicle,,No pedestrians involved,Controls functioning,
,1,,,,,,,,,,,,,,,,,,,,,,,7/3/2011,2120,11-02586,SNYDER DR,,30 FEET NORTH OF PENNY LN,,VC 21200.5,Other,1,1.0,1.0,,,,FALL FROM BICYCLE,,,Non collision,,No pedestrians involved,No controls present/factor,
,1,,1,,,,,,,,,,,,,,,,,,,,,7/4/2011,1018,11-02590,COVELL BLVD,CATALINA DR.,,,21453(b) VC,Other,1,1.0,1.0,,,,,,,Bicycle,,No pedestrians involved,Controls functioning,
,,,,,,,,,,,,,,,,,,,,,,,,7/3/2011,900,11-02610, FARRAGUT CI,,APPROX 315 FEET EAST OF COWELL BLVD,,22106 VC,Sideswipe,,,,,,,,,,Parked motor vehicle,,No pedestrians involved,Controls functioning,
,,,,,,,,,,,,,,,,,,,,,,,,7/4/2011,1500,11-02647,WAXWING PL,WREN ST,,,,Sideswipe,,,,,,,,,,Parked motor vehicle,,No pedestrians involved,No controls present/factor,
,,,,,,,,,,,,,,,,,,,,,,,,7/8/2011,713,11-02667,CANTRILL DR,,200' SOUTH OF 5TH ST,,22350 CVC,Hit Object,1,,,,,,,,,Fixed object,TREE,No pedestrians involved,Controls functioning,
,,,,,,,,,,,,,,,,,,,,,,1,,7/9/2011,1538,11-02689,3RD ST,I ST,,,21801,Broadside,,,,,,,,,,Other motor vehicle,,No pedestrians involved,Controls functioning,
,,,,,,,,,,,,,,,,,,,1,,,,,7/10/2011,33,11-02692,ON 3RD STREET AT G STREET,3RD STREET,,,22450 (a) CVC,Broadside,,,,,,,,,,Other motor vehicle,,No pedestrians involved,No controls present/factor,
,1,,,,,1,,,,,,,,,,,,,,,,1,,7/12/2011,1446,11-02718,5TH ST,L ST,,,21650.1,Other,1,1.0,1.0,,,,AUTO V. BIKE,,,Bicycle,,No pedestrians involved,Controls functioning,
,,,,,1,,,,,,,,,,,,,,,,,,,7/12/2011,2355,11-02723,2ND ST,,.2 MILES EAST OF FARADAY AV,,Other then driver,Hit Object,,,,,,,,,,Fixed object,FENCE,No pedestrians involved,No controls present/factor,
,1,,,,,,,,,,1,,,,,,,,,,,,,7/14/2011,1622,11-02752,ALVARADO AV,,75 YARDS EAST OF SYCAMORE LN,,21804(a)VC,Other,1,1.0,1.0,,,,BIKE VS CAR,,,Bicycle,,No pedestrians involved,No controls present/factor,
,,1,,,,,,,,,,,,,,,,,,,,,,7/16/2011,1536,11-02769,LOYOLA DR,,10 FEET WEST OF TULIP LN.,,23109(a) CVC,Hit Object,,,,,,,,,,Fixed object,LANDSCAPE ROCKS/SHRUB,No pedestrians involved,Controls functioning,
,,,1,,,,,,,,,,1,,,,,,,,,,,7/16/2011,1632,11-02770,ANDERSON RD,,200 FEET NORTH OF WEST 8TH STREET,,,Rear end,1,,,,,,,,,Motor vehicle on other roadway,,No pedestrians involved,No controls present/factor,
,,,,,,,,,,,,,,,,,,,,,,1,,7/15/2011,1745,11-02778,4TH STREET,J STREET,,,21802,Broadside,1,,,,,,,,,Other motor vehicle,,No pedestrians involved,Controls functioning,
,1,,,,,,1,1,,,,,,,,,,,,,,,1,7/17/2011,1848,11-02781,B ST,8TH ST,,,,Head-on,1,1.0,1.0,,,,,,,Bicycle,,No pedestrians involved,No controls present/factor,INATTENTION
,,,,,,,,,,,,,,,,,,,,,,,,7/18/2011,1943,11-02788,ROCKWELL DR,MOORE BLVD,,,22350,Other,,,,,,,WENT OVER CURB,,,Fixed object,,No pedestrians involved,No controls present/factor,
,,,,,,,,,,,,,,1,,1,,,,,,,,7/21/2011,225,11-02801,"ON POLE LINE RD, IN FRONT OF 1608",,,,,Rear end,,,,,,,,,,Parked motor vehicle,,No pedestrians involved,No controls present/factor,
,,,,,,,,,,,,,,,,,,,,,,,,7/22/2011,530,11-02817,SHASTA DR,,200 FEET NORTH OF RIO GRANDE ST,,22350 cvc,Hit Object,,,,,,,,,,Fixed object,TREE IN CENTER MEDIAN,No pedestrians involved,Controls functioning,
,,,,1,,,,1,,,,,,,,,,,1,1,,,,7/25/2011,1039,11-02847,1ST ST,B ST,,,22107 VC,Sideswipe,,,,,,,,,,Other motor vehicle,,No pedestrians involved,No controls present/factor,
,,,,,,,,,,,,,,,,,,,1,,,,,7/25/2011,1306,11-02849,330 G ST,,SOUTH WALL OF 330 G ST,,22350 VC,Hit Object,1,,,,,,,,,Fixed object,WALL,No pedestrians involved,No controls present/factor,
,,,,,,1,,,,,,,,,,,,,,1,,,,7/26/2011,556,11-02858,RUSSELL BOULEVARD,UNIVERSITY AVENUE,,,22107 CVC,Hit Object,1,,,,,,,,,Fixed object,,No pedestrians involved,No controls present/factor,
,1,,1,,,,,,,,,,,,,,,,,,,,,7/26/2011,830,11-02859,ALHAMBRA DR,5TH ST,,,21650.1,Other,1,1.0,1.0,,,,AUTO V. BIKE,,,Bicycle,,No pedestrians involved,Controls functioning,
,1,,,,,,,,,,,,,,,,,,,,,,,8/6/2011,1220,11-03006,MACE BL,,75 YDS NORTH OF COWELL BL,,21804(a),Other,1,1.0,1.0,,,,AUTO VS. BIKE,,,Bicycle,,No pedestrians involved,No controls present/factor,
,,,,,,,,,,,,,,,,,,,,,,,,8/6/2011,2227,11-03012,MOORE BLVD,,50 FEET EAST OF WRIGHT,,22107 CVC,Hit Object,1,,,,,,,,,Fixed object,TREE,No pedestrians involved,No controls present/factor,Radio
,,,,,,,,,,,,,,,,,,,,,,,,8/8/2011,717,11-03026,TEMPLE DR,,15 WEST OF MONARCH LN,,22350,Hit Object,,,,,,,,,,Fixed object,FIRE HYDRANT AND STOP SIGN,No pedestrians involved,Controls functioning,
,1,,,,,,,,,,,,,,,,,,,,,,,8/8/2011,1849,11-03038,VALDORA ST,BARONY PL,,,21802(a) VC,Rear end,,,,,,,,,,Bicycle,,No pedestrians involved,Controls functioning,
,,,,,,,,,,,,,,,,,,,,,,,,8/9/2011,1017,11-03045,W COVELL BL,,10 FEET EAST OF LAKE BLVD,,22350,Rear end,1,,,,,,,,,Other motor vehicle,,No pedestrians involved,Controls functioning,
,,,,,,,,,,,,,,,1,,,,,,,,,8/9/2011,1507,11-03051,RICHARDS BLVD,,200 FEET SOUTH OF OLIVE DR,,21804(a),Broadside,1,,,,,,,,,Other motor vehicle,,No pedestrians involved,No controls present/factor,
,1,,,,,1,,,,,,,,,,,,,,,,1,,8/11/2011,1155,11-03067,5TH ST,L ST,,,22107,Other,1,1.0,1.0,,,,AUTO V. BIKE,,,Bicycle,,No pedestrians involved,Controls functioning,
,,,,,,,,,,,,,,,,,,,,,,,,8/11/2011,2255,11-03073,ARLINGTON BL,,100 FEET EAST OF CABOT ST,,22350,Other,,,,,,,,,,Other object,TREE,No pedestrians involved,Controls functioning,
,1,,,,,,,,,,,,,,,,1,,,,,,,8/18/2011,742,11-03151,EISENHOWER DR,RUSSELL BLVD,,,21804(a)VC,Other,1,1.0,1.0,,,,VEHICLE VS BIKE,,,Bicycle,,No pedestrians involved,Controls functioning,
,,,,,,,1,1,,,,,,,,,,,,,,,1,8/18/2011,1152,11-03158,B ST,8TH ST,,,21801(A)vc,Head-on,2,,,,,,,,,Other motor vehicle,,No pedestrians involved,Controls functioning,
,,,,,,1,,,,,,,,,,,,,,,,1,,8/21/2011,400,11-03202,W/B 5TH STREET EAST OF L STREET,,,,22350,Rear end,,,,,,,,,,Parked motor vehicle,,No pedestrians involved,No controls present/factor,
,,,,,,,1,,,,,,,,,,,,,,,,,8/21/2011,1457,11-03207,W 8TH ST,CHERRY LANE,,,22350 CVC,Head-on,2,,,,,,,,,Other motor vehicle,,No pedestrians involved,No controls present/factor,
,,,,,,,,,,,,,,,,,,,,,,,,8/22/2011,1117,11-03213,MOORE BL,,150 WEST OF WHISTLER CT,,23152(a),Hit Object,,,,,,,,,,Fixed object,TRAFFIC BALLARDS,No pedestrians involved,No controls present/factor,
,,,,,,,,,,,,,,,,,,,,,,,,8/22/2011,325,11-03215,1260 LAKE BL,,,,22350,Sideswipe,,,,,,,,,,Parked motor vehicle,,No pedestrians involved,No controls present/factor,
,1,,,,,,,,,,,,,,,,,,,,,1,,8/14/2011,1700,11-03226,3RD ST,K ST,,,21208(b) VC,Other,1,1.0,1.0,,,,CAR VS BIKE,,,Bicycle,,No pedestrians involved,No controls present/factor,
,,,,,,,,,1,,,,,,,,,,,,,,,8/27/2011,131,11-03282,F ST,,300' NORTH OF ANDERSON RD,,23153(a)&(b) CVC,Overturned,2,,,,,,,,,Fixed object,POWER POLE,No pedestrians involved,Controls functioning,
,,,,,,,,,,,,,1,,,,,,,,,,,8/27/2011,1356,11-03289,ANDERSON RD.,,250 FEET NORTH OF RUSSELL BL.,,21804(A) CVC,Broadside,3,,,,,,,,,Other motor vehicle,,No pedestrians involved,Controls functioning,
,,,,,,1,,1,,,,,,,,,,,1,1,1,,,8/28/2011,1435,11-03297,B ST,RUSSELL BL,,,,Broadside,2,,,,,,,,,Other motor vehicle,,No pedestrians involved,Controls functioning,
,,,,,,,,,,,,,,,1,,,,,,,,,8/30/2011,2014,11-03328,RICHARDS BL,,207 FT EAST OF THE ROADWAY PROLONGATION OF OLIVE DR,,21804(a) VC,Head-on,3,,,,,,,,,Other motor vehicle,,No pedestrians involved,No controls present/factor,
,1,,,,,,,,,,,,,,,,,,,1,,,,8/31/2011,1037,11-03337,3RD ST,UNIVERSITY AVE,,,22350,Other,1,1.0,1.0,,,,BICYCLE V. OBJECT,,,Fixed object,TRAFFIC BALLARD,No pedestrians involved,No controls present/factor,
,,,,,,,,,,,,,,,,,,,,,,,,9/2/2011,131,11-03367,CHILES RD,,50 FEET EAST OF EL CEMONTE,,23123(a) VC,Rear end,,,,,,,,,,Parked motor vehicle,,No pedestrians involved,No controls present/factor,
,,,,1,,,,,,,,,,,,,,,1,,,,,9/2/2011,1818,11-03380,1ST ST,,20 FEET WEST OF E ST,,22106,Sideswipe,,,,,,,,,,Other motor vehicle,,No pedestrians involved,Controls functioning,
,,,,,1,,,,,,,,,,,,,,,,,,,9/4/2011,1026,11-03391,MACE BL,2ND ST,,,21453(a) VC,Broadside,,,,,,,,,,Other motor vehicle,,No pedestrians involved,Controls functioning,
,,,,,,,,,,,,,,,,,,,,,,,,9/9/2011,1553,11-03479,ALVARADO AV,,IFO 644 ALVARADO AV,,,Sideswipe,,,,,,,,,,Parked motor vehicle,,No pedestrians involved,No controls present/factor,
,,,,,,,,,,,,,,,,,,,,,,,,9/11/2011,4,11-03499,2806 ANZA AV,,,,23152(a),Sideswipe,,,,,,,,,,Other object,"JUNIPER BUSH, FENCE",No pedestrians involved,No controls present/factor,
,,,,,,,,,,,,,,,,,,,,,,,,9/11/2011,0,11-03505,416 JARDIN PL,,,,23152(a) VC,Hit Object,,,,,,,,,,Fixed object,HOUSE AND CARPORT,No pedestrians involved,No controls present/factor,22350VC
,1,,1,,,,1,,,,,,,,,,,,,,,,,9/12/2011,1238,11-03519,E 8TH ST,,200 FT EAST OF SIMMONS WAY,,,Other,1,1.0,1.0,,,,PARKED AUTO V. BIKE,,,Bicycle,,No pedestrians involved,Controls functioning,
1,,,,,,1,,,,,,,,,,,,,,1,,,1,9/14/2011,2008,11-03548,RUSSELL BLVD,A ST,,,22107 CVC,Other,1,,,,1.0,,,,,Pedestrian,,Crossing in crosswalk at intersection,Controls functioning,
,,,,,,,,,,,,,,1,,,,,,,,,,9/15/2011,1500,11-03564,E COVELL BLVD,,APPROX. 300 FEET WEST OF WRIGHT BLVD,,22350 cvc,Other,1,,,,,,,,,Non collision,,No pedestrians involved,Controls functioning,
,,,,1,,,,,,,,,,,,,,,,1,,,,9/15/2011,1505,11-03565,1ST ST,,50 FT EAST OF A ST,,22106,Hit Object,,,,,,,,,,Fixed object,CITY OF DAVIS SPEED LIMIT SIGN,No pedestrians involved,No controls present/factor,
,,,1,,,,,,,,,,,,,,,,,,,,,9/16/2011,320,11-03570,730 M ST,,,,22350,Head-on,,,,,,,,,,Parked motor vehicle,AND FENCE,No pedestrians involved,No controls present/factor,
,,,1,,,,,,,,,,,,,,,,,,,,,9/14/2011,1830,11-03591,W COVELL BL,CATALINA DR,,,22350 cvc,Rear end,1,,,,,,,,,Other motor vehicle,,No pedestrians involved,Controls functioning,
,,,,,,,,,,,,,,,,,,,,,,,,9/18/2011,508,11-03595,W/B I-80 OFFRAMP,MACE BLVD.,,,23152(A) VC,Hit Object,1,,,,,,,,,Fixed object,RAISED CONCRETE ISLAND,No pedestrians involved,No controls present/factor,
,,,,,,,,,,,,,,,,,,,1,,,,,9/18/2011,1855,11-03599,4TH STREET,E STREET,,,,Broadside,1,,,,,,,,,Other motor vehicle,,No pedestrians involved,Controls functioning,
,1,1,,,,,,,,,,,,,1,,,,,,,,,9/19/2011,1208,11-03606,OLIVE DR,,350 FEET WEST OF RICHARDS BLVD,,21461(a),Other,1,1.0,1.0,,,,AUTO V. BIKE,,,Bicycle,,No pedestrians involved,Controls functioning,
,1,,,,,,,,,,,,,,,,1,,,,,,,9/19/2011,2159,11-03615,RUSSELL BL,HWY 113 OFF RAMP TO RUSSELL BLVD,,,21461(a) c.v.c.,Broadside,1,1.0,1.0,,,,,,,Bicycle,,No pedestrians involved,Controls functioning,
,,,,,,,,,,,1,,,,,,,,,,,,,9/20/2011,1200,11-03624,1931 SYCAMORE LN,,,,,Rear end,,,,,,,,,,Other motor vehicle,,No pedestrians involved,No controls present/factor,
,,,,,,,,,,,,1,,,,,,,,,,,,9/23/2011,344,11-03667,ANDERSON RD,ALVARADO AVE,,,23152(A) VC,Hit Object,,,,,,,,,,Fixed object,"CURB, LANDSCAPING, ETC.",No pedestrians involved,No controls present/factor,
,1,,,,,,,,,,,,,,,,,1,,,,,,9/23/2011,1106,11-03675,RUSSELL BL,CALIFORNIA DR,,,22350VC,Other,1,1.0,1.0,,,,VEHICLE VS BIKE,,,Bicycle,,No pedestrians involved,No controls present/factor,
,,,,,,,,,,,,,,,,,,,1,,,,,9/25/2011,1400,11-03709,ALLEY WAY JUST EAST OF 330 G ST,,,,22350 CVC,Rear end,,,,,,,,,,Other motor vehicle,,No pedestrians involved,No controls present/factor,
,,,,,,,1,,,,,,,,,1,,,,,,,,9/26/2011,1142,11-03714,POLE LINE RD,E 8TH ST,,,21453(A) CVC,Broadside,2,,,,,,,,,Other motor vehicle,,No pedestrians involved,Controls functioning,
,,,,,,,,,,,,,,,,,,,,,,,,9/26/2011,1450,11-03720,MACE BL,EASTBOUND INTERSTATE 80 ON RAMP,,,unknown,Rear end,,,,,,,,,,Other motor vehicle,,No pedestrians involved,Controls functioning,
,,,,,,,,,,,,,,,,,,,,,,,,10/3/2011,830,11-03804,DREW AV,COWELL BL,,,22106 CVC,Rear end,1,,,,,,,,,Other motor vehicle,,No pedestrians involved,Controls functioning,
,,,,,,,1,,,,,,,,,,,,,,,,,10/3/2011,1728,11-03812,E 8TH ST,L ST,,,21801(a) VC,Broadside,1,,,,,,,,,Other motor vehicle,,No pedestrians involved,Controls functioning,
,1,,,,,,,,,,,,1,,,,,,,,,,,10/3/2011,1700,11-03814,ANDERSON ROAD,RADCLIFF DRIVE,,,,Broadside,1,1.0,1.0,,,,,,,Bicycle,,No pedestrians involved,Controls functioning,
,,,,,,,1,,,,,,,,,,,,,,,,,10/4/2011,2358,11-03828,W. 8TH STREET,OESTE DRIVE,,, 21802(a) C.V.C,Broadside,1,,,,,,,,,Other motor vehicle,,No pedestrians involved,Controls functioning,
,1,,,,,,,,,,,,,,,1,,,,,,,,10/9/2011,1116,11-03885,E COVELL BL,POLELINE RD,,,21453(b) CVC,Broadside,1,1.0,1.0,,,,,,,Bicycle,,No pedestrians involved,Controls functioning,
,1,,1,,,,,,,1,,,,,,,,,,,,,,10/9/2011,1849,11-03890,J STREET,,APPROXIMATELY 138 FEET S/O DREXEL DR,,22350,Side swipe,,,,,,,,,,Parked motor vehicle,,No pedestrians involved,Controls functioning,
,,,,,,,,,,,,,,,,,,,,,,,,10/10/2011,146,11-03891,300 MACE BL,,I - 80 ON-RAMP/  OFF-RAMP,,23152(b) cvc,Hit object,,,,,,,,,,Fixed object,WALL,No pedestrians involved,Controls functioning,
,,1,,,,,,,,,,,,,,,,,,,,,,10/10/2011,759,11-03895,DREXEL DR.,,129 FEET WEST OF CYPRESS,,22350 vc,Rear end,1,,,,,,,,,Parked motor vehicle,,No pedestrians involved,No controls present/factor,
,,,,1,,,,,,,,,,,,,,,1,,,,,10/10/2011,900,11-03900,1ST ST,C ST,,,22350,Side swipe,,,,,,,,,,Other motor vehicle,,No pedestrians involved,No controls present/factor,
,1,,,,,,,,,,,,,,,,,,,,,,,10/12/2011,1601,11-03917,SYCAMORE LN,RUSSELL BLVD,,,,Other,1,1.0,1.0,,,,BIKE VS BIKE,,,Bicycle,,No pedestrians involved,Controls functioning,
,,,1,,,,,,,,,,,,,,,,,,,,,10/15/2011,907,11-03956,SCHMEISER AVE,GLIDE,,,23152 CVC,Hit object,,,,,,,,,,Fixed object,,No pedestrians involved,No controls present/factor,
,,,,,,,,,1,,,,,,,,,,,,,,,10/17/2011,1203,11-03980,F ST,,20 YARDS SOUTH OF 9TH ST,,22350 VC,Rear end,9,,,,,,,,,Other motor vehicle,,No pedestrians involved,Controls functioning,INATTENTION
,1,,,,,,,,,,,,1,,,,,,,,,,,10/19/2011,1552,11-04008,ANDERSON RD,RUSSELL BLVD,,,,Other,1,1.0,1.0,,,,VEH VS BIKE,,,Bicycle,,No pedestrians involved,Controls functioning,