Ped,Bike,Bike Loop,School Area,1st St,E 2nd St,5th St,8th St,B St,F St,J St N,North Sycamore,North Anderson,North Anderson,East Covell,Olive Drive,Pole Line,West Russell,Russell,Downtown,University Rice,Old North,Old East,A St,DATE,TIME,REPORT,STREET 1,STREET 2,DISTANCE,DIRECTION,PRIMARY CAUSE,COLLISION TYPE,INJURY,Bike,5 Year Bike,5 Year  Ped,Ped,FATAL,TYPE OF COLLISION,VEHICLE 1,VEHICLE 2,INVOLVED WITH,OBJECT HIT,PEDESTRIAN ACTION,TRAFFIC CONTROL DEVICES,NOTES
1,,,,,,,,,,,1,,,,,,,,,,,,,10/19/2011,1922,11-04013,SYCAMORE LN,,APPROXIMATELY 420 FEET N/O ALVARADO AVE,,14601 VC,Vehicle-pedestrian,1,,,,1.0,,,,,Pedestrian,,Crossing in crosswalk - not in intersection,Controls functioning,22350 VC
,1,,,,,,,,1,,,,,1,,,,,,,,,,10/20/2011,1515,11-04028,F ST,,210 FT NORTH OF W COVELL BL,,21804(a) CVC,Broadside,1,1.0,1.0,,,,,,,Bicycle,,No pedestrians involved,No controls present/factor,
,,,,,,,,,,,,1,1,,,,,,,,,,,10/20/2011,1454,11-04030,ANDERSON RD,W. COVELL BL,,,22350 CVC,Rear end,1,,,,,,,,,Other motor vehicle,,No pedestrians involved,Controls functioning,
,1,,,,,,,,,,,,,,,,,,,,,,,10/21/2011,1041,11-04037,RUSSELL BLVD,COLLEGE PARK,,,21208(b) VC,Other,1,1.0,1.0,,,,,,,Bicycle,,No pedestrians involved,Controls functioning,
,1,,,,,,1,,1,,,,,,,,,,,,,,,10/21/2011,1634,11-04045,E 8TH ST,F ST,,,21801 CVC,Broadside,1,1.0,1.0,,,,,,,Bicycle,,No pedestrians involved,Controls functioning,
,,,,,,,,,,,,,,,,,,,,,,,,10/22/2011,216,11-04048,DRAKE DR,APPLE LN,,,23152(a) VC,Side swipe,,,,,,,,,,Parked motor vehicle,,No pedestrians involved,No controls present/factor,
,1,,,,,,1,,,1,,,,,,,,,,,,,,10/23/2011,1057,11-04065,E 8TH ST,J ST,,,21801(a) CVC,Broadside,1,1.0,1.0,,,,,,,Bicycle,,No pedestrians involved,No controls present/factor,
,,,,,,,,,,,,,,,,,,,,,,,,10/24/2011,842,11-04073,300 MACE BL,,108 FEET NORTH OF THE ON-RAMP TO W/B 180.,,22350 cvc,Rear end,4,,,,,,,,,Other motor vehicle,,No pedestrians involved,Controls functioning,
,,,,,,,,,,,,,,,,,,,,,,,,10/24/2011,2203,11-04080,COVELL BLVD,SHASTA DR,,,unknown,Broadside,1,,,,,,,,,Other motor vehicle,,No pedestrians involved,Controls functioning,
,,,,,,,,,,,,,,,,,,,,,,,,10/30/2011,346,11-04150,CHILES BL,,100' N/O COWELL BL,,23152 VC,Head-on,1,,,,,,,,,Fixed object,TREE,No pedestrians involved,No controls present/factor,
,,,,,,,,,,,,,,,,,,,1,,,,,10/31/2011,1110,11-04163,325 E ST,E ST,30 FEET N/3RD ST,,20002(A)(1) VC,Rear end,,,,,,,,,,Parked motor vehicle,,No pedestrians involved,Controls functioning,
,,,,,,,,,,,,,,,,,,,,,,,,10/1/2011,0,11-04172,BIDWELL ST,FREEMONT CT,,,,Side swipe,,,,,,,,,,Parked motor vehicle,,No pedestrians involved,No controls present/factor,
,,,,,,,,,,,,,,,,,,,,,,,,11/1/2011,0,11-04206,,,,,,Side swipe,,,,,,,,,,Parked motor vehicle,,No pedestrians involved,No controls present/factor,
,,,,,,,,,,,,,,,,,,,,,,,,11/6/2011,107,11-04236,IFO 759 N. CAMPUS WAY,,,,,Rear end,,,,,,,,,,Parked motor vehicle,,No pedestrians involved,No controls present/factor,
,,,,,,,,,,,,,,,,,,,,,,,,11/6/2011,326,11-04238,W COVELL BL,SHASTA DR,,,23152 CVC,Hit object,,,,,,,,,,Fixed object,MEDIAN / SIGN,No pedestrians involved,Controls functioning,
,1,,,,,,,,,,,,,,,,1,,,,,,,11/7/2011,2130,11-04259,RUSSELL BLVD,OFF RAMP FROM HWY  113,,,,Broadside,1,1.0,1.0,,,,,,,Bicycle,,No pedestrians involved,Controls functioning,
,1,,,,,,1,,,1,,,,,,,,,,,,,,11/9/2011,1421,11-04279,J ST,8TH ST,,,21802(a)vc,Other,1,1.0,1.0,,,,VEH VS BIKE,,,Bicycle,,No pedestrians involved,Controls functioning,
,,,,,,,,,,,,,,,,,,1,,,,,,11/9/2011,1458,11-04280,RUSSELL BL,CALIFORNIA,,,22350vc,Rear end,2,,,,,,,,,Other motor vehicle,,No pedestrians involved,No controls present/factor,
,,,,,,,,,,,,,,,,1,,,,,,,,11/10/2011,1213,11-04291,POLE LINE RD,LEHIGH DR,,,22350VC,Rear end,,,,,,,,,,Other motor vehicle,,No pedestrians involved,No controls present/factor,
,,,,,,,1,,,,,,,,,,,,,,,,,11/10/2011,800,11-04292,E 8TH ST,HUNT WY,,,22107VC,Hit object,,,,,,,,,,Fixed object,,No pedestrians involved,No controls present/factor,
,,,,,,,,,,,,,,,,,,,,1,,,,11/12/2011,36,11-04306,A ST,2ND ST,,,,Side swipe,,,,,,,,,,Parked motor vehicle,,No pedestrians involved,No controls present/factor,
,,,,,,,,,,,,,,,,,,,,,,,,11/12/2011,215,11-04307,COWELL BL,,APPROXIMATELY 30 FEET EAST OF ROOS PLACE,,,Head-on,,,,,,,,,,Fixed object,CONCRET CENTER ISLAND,No pedestrians involved,Controls functioning,
,,,,,,,,,,,,,,,,,,,,,,,,11/12/2011,940,11-04309,5TH STREET,,15 FEET EAST OF SAN SEBASTIAN,,22107,Side swipe,1,,,,,,,,,Other motor vehicle,,No pedestrians involved,Controls functioning,
,,,1,,,,,,,,,,,1,,,,,,,,,,11/15/2011,1405,11-04340,E COVELL BL,,JUST EAST OF BIRCH LN,,22350 CVC,Rear end,1,,,,,,,,,Other motor vehicle,,No pedestrians involved,Controls functioning,
1,,,,,,,,,,,,,,,,,,,,,,,,11/15/2011,1555,11-04342,417 MACE BL,,"PARKING LOT AT 417 MACE BL, DAVIS",,,Vehicle-pedestrian,1,,,,1.0,,,,,Pedestrian,,Not in road,No controls present/factor,
,,,,,,,,,,,,,,1,,1,,,,,,,,11/15/2011,1605,11-04343,POLE LINE ROAD,,70 YARDS NORTH OF COVELL BOULEVARD,,21651 (a) cvc,Side swipe,1,,,,,,,,,Other motor vehicle,,No pedestrians involved,No controls present/factor,
,,,,,,,,,,,,,,1,,,,,,,,,,11/15/2011,1553,11-04344,COVELL BL,,100 YARDS EAST OF L ST,,21804(A) CVC,Broadside,1,,,,,,,,,Other motor vehicle,,No pedestrians involved,No controls present/factor,
1,,,1,,,,,,,,,,,,,,,,,,,,,11/15/2011,1713,11-04345,DREXEL DR,L ST,,,21802(A) CVC,Vehicle-pedestrian,1,,,,1.0,,,,,Pedestrian,,Crossing - not in crosswalk,Controls functioning,
,1,1,1,,,,,,,,,,,,,,,,,,,,,11/17/2011,745,11-04377,OAK AVE,,26' NORTH OF W-14TH STREET,,,Other,1,1.0,1.0,,,,,,,Bicycle,,No pedestrians involved,Controls functioning,
,,,,,,,,,,,,,,,,,,,,,,,,11/19/2011,1730,11-04415,JOHN JONES RD,LYNDELL TR,,,22350,Hit object,,,,,,,,,,Fixed object,,No pedestrians involved,No controls present/factor,
,1,,,,,,,,,,,,1,,,,,,,,,,,11/19/2011,2050,11-04416,ANDERSON RD,,140' NORTH OF RUSSELL BLVD.,,23153(a)cvc,Other,1,1.0,1.0,,,,VEHICLE VS BICYCLE,,,Bicycle,,No pedestrians involved,Controls functioning,
,,,,,,,1,,,,,,,,,,,,,,,,,11/22/2011,2225,11-04441,E 8TH ST,L ST,,,21801(a) CVC,Broadside,1,,,,,,,,,Other motor vehicle,,No pedestrians involved,Controls functioning,
,,,,1,,,,,,,,,,,,,,,1,,,,,11/24/2011,1159,11-04446,RICHARDS BL,,30 FEET SOUTH OF FIRST ST,,22350,Hit object,,,,,,,,,,Fixed object,LIGHT POLE,No pedestrians involved,Controls functioning,
,1,,,,,,,,,,,,,,,,,,,,,,,11/25/2011,1720,11-04456,W COVELL BL,HIGHWAY 113,,,21453(b) CVC,Side swipe,1,1.0,1.0,,,,,,,Bicycle,,No pedestrians involved,Controls functioning,
,,,,,,,,,,,,,,,,,,,,,,,,11/25/2011,2351,11-04460,4800 CHILES RD,,100 YARDS EAST OF MACE BLVD.,,23153(a)(b)VC,Broadside,1,,,,,,,,,Other motor vehicle,,No pedestrians involved,No controls present/factor,
,,,,,,,,,,,,,,,,,,,,,,,,11/30/2011,1605,11-04513,RUSSELL BL,,351 FEET WEST OF OAK AVE,,22107 VC,Rear end,1,,,,,,,,,Other motor vehicle,,No pedestrians involved,Controls functioning,
,1,,,,,,,,,,,,,,,,,,,,,,,12/1/2011,1548,11-04526,5TH ST,,IFO 5141 5TH ST,,,Other,1,1.0,1.0,,,,,,,Bicycle,,No pedestrians involved,No controls present/factor,
,,,,,,1,,,,,,,,,,,,,1,,1,,,12/3/2011,937,11-04558,5TH ST,,25 YARDS EAST OF G ST,,22350 CVC,Rear end,,,,,,,,,,Other motor vehicle,,No pedestrians involved,No controls present/factor,
,,,,,,,,,,,,,,,,,,,1,,,,,12/3/2011,1414,11-04561,WEST CURBLINE OF G ST,,25 YARDS NORTH OF THIRD ST,,22106 CVC,Other,,,,,,,BACKED INTO PARKED CAR,,,Parked motor vehicle,,No pedestrians involved,No controls present/factor,
,,,,,,,1,,,,,,,,,1,,,,,,,,12/7/2011,1605,11-04607,8TH STREET,POLE LINE ROAD,,,21801(a) VC,Head-on,2,,,,,,,,,Other motor vehicle,,No pedestrians involved,Controls functioning,
,,,,,,,,,,,,,,,,,,,,,,,,12/7/2011,1815,11-04617,LAKE BL,,200' SOUTH OF W. COVELL BL,,22107 CVC,Rear end,,,,,,,,,,Parked motor vehicle,,No pedestrians involved,No controls present/factor,
,1,,,,,,,,1,,,,,,,,,,1,,,,,12/8/2011,1222,11-04622,3RD STREET,,150 FEET WEST OF F STREET,,,Other,1,1.0,1.0,,,,22517 CVC,,,Bicycle,,No pedestrians involved,No controls present/factor,
,,,,,,,,,,,,,,,,,,,,,,,,12/8/2011,1202,11-04623,MACE BL,,150 FEET SOUTH OF CHILES RD,,21804 (a),Broadside,,,,,,,,,,Other motor vehicle,,No pedestrians involved,No controls present/factor,
,1,,,,,,,,,,,,1,,,,,,,,,,,12/9/2011,1947,11-04648,LA RUE,,20' SOUTH OF ANDERSON RD,,21461(A) CVC,Other,1,1.0,1.0,,,,AUTO VS BIKE,,,Bicycle,,No pedestrians involved,Controls functioning,
,,,1,,,,,,,,,,,,,,,,,,,,,12/10/2011,24,11-04654,ARNOLD ST,,50 FEET NORTH OF LILLARD DR,,,Rear end,,,,,,,,,,Parked motor vehicle,,No pedestrians involved,No controls present/factor,
,,,,,,,,,,,,,,,,,,,,,,,,12/10/2011,200,11-04657, COWELL BL,,300 FEET WEST OF DREW AVE,,21804 (a) CVC,Broadside,1,,,,,,,,,Other motor vehicle,,No pedestrians involved,Controls functioning,
,,,,,,,,,,,,,,,,,,,,,,,,12/12/2011,1448,11-04688,ALHAMBRA DR,,500 FEET WEST OF MACE BLVD,,22107,Hit object,,,,,,,,,,Fixed object,LARGE ROCK,No pedestrians involved,No controls present/factor,
,,,,,,,,,,,,,,,,,,,,,,,,12/15/2011,1838,11-04735,200 BLK LA VIDA WY,,,,22350 cvc,Side swipe,,,,,,,,,,Other motor vehicle,,No pedestrians involved,No controls present/factor,
1,,,,,,,,,,,,,,,,,1,,,,,,,12/21/2011,639,11-04795,RUSSELL BL,LAKE BLVD,,,,Vehicle-pedestrian,,,,,1.0,1,,,,Pedestrian,,Crossing in crosswalk at intersection,No controls present/factor,
1,,,,,,,,,,,,,,,,,,,,,,,,12/23/2011,2219,11-04832,RICHARDS BL,,NORTH OF W/B 80 OFF RAMP TO N/B RICHARDS,,CVC 21966,Vehicle-pedestrian,1,,,,1.0,,,,,Pedestrian,,In road - includes shoulder,No controls present/factor,
,,,,,,,,,,,,,,,,,,,,,,,,12/23/2011,2327,11-04833, FARRAGUT CIR,,IN THE DRIVEWAY OF 1333 FARRAGUT CIR,,22350,Rear enBroadside,,,,,,,,,,Parked motor vehicle,,No pedestrians involved,Controls functioning,
,,,,,,,1,,,,,,,,,,,,,,,,,12/28/2011,218,11-04862,TULIP LANE,,100 FT. NORTH OF E. 8TH STREET,,22350 VC,Hit object,,,,,,,,,,Fixed object,TREE,No pedestrians involved,No controls present/factor,
,,,,,,,,,,,,,,,,,,,,,,,,12/21/2011,1106,11-04898,300 MACE BL,I-80 OFFRAMP WESTBOUND,,,,Broadside,2,,,,,,,,,Other motor vehicle,,No pedestrians involved,Controls functioning,
,,,1,,,,,,1,,,,,,,,,,,,,,,1/1/2012,349,12-00003,F ST,,200 FEET SOUTH OF EAST 14TH ST,,23152(a)(b)vc,Rear end,,,,,,,,,,Parked motor vehicle,,No pedestians involved,Controls functioning,
,,,,,,,,,,,,,,,,,,,,,,,,1/2/2012,1101,12-00015,W COVELL BL,JOHN JONES,,,22350 cvc,Rear end,4,,,,,,,,,Other motor vehicle,,No pedestians involved,Controls functioning,23123 (a) cvc
,1,,,,,,,,,,,,,,,,,,,,,,,1/5/2012,1645,12-00052,RUSSELL BL,OAK BL,,,21451(a)VC,Other,1,1.0,1.0,,,,VEH VS BIKE,,,Bicycle,,No pedestians involved,Controls functioning,
,1,1,1,,,,,,,,,,,,,,,,,,,,,1/6/2012,828,12-00061,ARLINGTON BL,SHASTA DR,,,21453(b)VC,Other,1,1.0,1.0,,,,VEH VS BIKE,,,Bicycle,,No pedestians involved,Controls functioning,
,,,,,,,,,,1,,,,,,,,,,,,,,1/7/2012,255,12-00074,J ST,,60 FEET SOUTH OF KENNEDY PLACE,,23152 CVC,Side swipe,,,,,,,,,,Parked motor vehicle,,No pedestians involved,Controls functioning,
,,,,,,,,,,,,,,,,,,,,,,,,1/9/2012,1514,12-00094,CHILES RD,,120 EAST OF MACE BLVD,,21804(a),Broadside,,,,,,,,,,Other motor vehicle,,No pedestians involved,No controls present/factor,
,,,,,,,1,,1,,,,,,,,,,,,,,,1/12/2012,1338,12-00136,E 8TH ST,OF F STREET,,,,Other,,,,,,,WHEEL CAME OFF,,,Non collision,,No pedestians involved,No controls present/factor,
,,,,,,,,,,,,,,,,,,,,,,,,1/13/2012,1206,12-00147,RUSSELL BL,OAK AVE,,,22350VC,Rear end,2,,,,,,,,,Other motor vehicle,,No pedestians involved,Controls functioning,
,1,,,,,,,,1,,,,,,,,,,,,,,,1/14/2012,607,12-00162,F ST,,25 FEET NORTH OF 12TH ST.,,21209(a) cvc,Other,1,1.0,1.0,,,,AUTO V. BIKE,,,Bicycle,,No pedestians involved,Controls functioning,
,,,,,,,,,,,,,,,,,,,,,,,,1/12/2012,1900,12-00169, EL CEMONTE AVE,,50 YARDS SOUTH OF GLIDE DR,,22107 CVC,Side swipe,,,,,,,,,,Other motor vehicle,,No pedestians involved,No controls present/factor,
,1,,,,,,,,,,,,,,1,,,,,,,,,1/16/2012,1056,12-00187,RICHARDS BL,,10 FEET SOUTH OF OLIVE DR,,21650.1,Other,1,1.0,1.0,,,,AUTO V. BIKE,,,Bicycle,,No pedestians involved,Controls functioning,
,,,,,,,,,,,1,,,,,,,,,,,,,1/16/2012,1520,12-00192,W COVELL BL,,15 FEET WEST OF SYCAMORE LN,,22350,Rear end,1,,,,,,,,,Other motor vehicle,,No pedestians involved,Controls functioning,
,,,,,,,,,1,,,,,,,,,,,,1,,,1/17/2012,1430,12-00207,F ST,7 TH ST,,,22350 cvc,Rear end,1,,,,,,,,,Other motor vehicle,,No pedestians involved,Controls functioning,
,,,,,,,,,1,,,,,1,,,,,,,,,,1/20/2012,1928,12-00242,F STREET,W COVELL BLVD,,,23152(a),Side swipe,,,,,,,,,,Other motor vehicle,,No pedestians involved,Controls functioning,
,,,1,,,,,,,,,,,,,,,,,,,,,1/22/2012,337,12-00254,ALHAMBRA DR,,15 FEET SOUTH OF EAST COVELL BLVD,,23152,Hit object,1,,,,,,,,,Fixed object,CONCRETE CENTER ISLAND,No pedestians involved,Controls functioning,
,,,,,,,,,,,,,,,,,,,,,,1,,1/23/2012,900,12-00260,4TH ST,J ST,,,21802(a),Broadside,,,,,,,,,,Other motor vehicle,,No pedestians involved,Controls functioning,
,,,,,,,,,1,,,,,1,,,,,,,,,,1/28/2012,1427,12-00332,F STREET,W COVELL BLVD,,,22350 CVC,Rear end,,,,,,,,,,Other motor vehicle,,No pedestians involved,Controls functioning,
,,,,,,,,,,,,1,1,,,,,,,,,,,1/29/2012,2122,12-00340,RUSSELL BL,ANDERSON ROAD,,,22107,Hit object,,,,,,,,,,Fixed object,TRAFFIC LIGHT,No pedestians involved,Controls functioning,
,1,,,,,,,,,,,,1,,,,,,,,,,,1/30/2012,741,12-00344,ANDERSON RD,RADCLIFFE DR,,,22350 CVC,Broadside,1,1.0,1.0,,,,,,,Bicycle,,No pedestians involved,Controls functioning,
,,,,,,1,,,,,,,,,,,,,,,,1,,1/30/2012,807,12-00345,5TH ST,,"120' WEST OF ""I"" STREET",,22107 vc,Broadside,1,,,,,,,,,Other motor vehicle,,No pedestians involved,Controls functioning,
,,,,,,,,,,,,,,,,,,,,,,,,1/30/2012,1000,12-00346,AUDOBON,,170 FEET WEST OF BISHOP PL,,22107,Side swipe,,,,,,,,,,Other motor vehicle,,No pedestians involved,Controls functioning,
,,,,,,,,,,,,,,,1,,,,,,,,,1/30/2012,1546,12-00348,OLIVE DR,,IN FRONT OF 1800 OLIVE DR,,23152 (a) VC,Hit object,,,,,,,,,,Fixed object,PG&E POWER POLE,No pedestians involved,Controls functioning,
,1,,,,,,,,,,,,,,,,,,,,,,,2/2/2012,1650,12-00383,COWELL BL,DREW CIRCLE,,,22107,Broadside,1,1.0,1.0,,,,,,,Bicycle,,No pedestians involved,Controls functioning,
,,,,,,,,,,,,,,,,,,,,,,,,2/3/2012,1805,12-00400,SYCAMORE LN,WAKE FOREST DR,,,21801(a) CVC,Broadside,2,,,,,,,,,Other motor vehicle,,No pedestians involved,No controls present/factor,
1,,,,,,,1,1,,,,,,,,,,,,,,,,2/3/2012,1600,12-00415,8TH STREET,B STREET,,,21950(a) CVC,Vehicle-pedestrian,2,,,,2.0,,,,,Pedestrian,,Crossing in crosswalk at intersection,Controls functioning,
1,,1,1,,,,,,,,,,,,,,,,,,,,,2/4/2012,2301,12-00426,ARLINGTON BL,SHASTA DR,,,21950(b),Vehicle-pedestrian,,,,,1.0,1,,,,Pedestrian,,Crossing - not in crosswalk,Controls functioning,
,,,,,,,,,,,,,,,,,,,,,,,,2/7/2012,0,12-00463,COWELL BLVD,DRUMMOND DR,,,22350 vc,Rear end,,,,,,,,,,Other motor vehicle,,No pedestians involved,Controls functioning,
,,,,,,,1,,,,,,,,,,,,,,,,,2/8/2012,1038,12-00479,W 8TH ST,,30 FT EAST OF ELMWOOD DR,,22107,Rear end,1,,,,,,,,,Parked motor vehicle,,No pedestians involved,No controls present/factor,
,,,,,,,,,,,,,,,,,,,1,,,,,2/9/2012,1222,12-00500,330 E ST,,,,22106,Broadside,1,,,,,,,,,Other motor vehicle,,No pedestians involved,No controls present/factor,
,1,,,,,,,,,,,,,,,,,,,,,,,2/9/2012,1759,12-00504,COWELL BLVD,OHLONE STREET,,,21201(D) CVC,Head-on,1,1.0,1.0,,,,,,,Bicycle,,No pedestians involved,Controls functioning,
,,,,,,,,,,,,,,,,,,,,,,,,2/12/2012,1550,12-00542,RUSSELL BL,,50' WEST OF S. CAMPUS DR,,,Hit object,1,,,,,,,,,Other object,TREE,No pedestians involved,Controls functioning,
,,,,,,,,,,,,,,,,,,,1,,,,,2/12/2012,1530,12-00543,C ST,4TH ST,,,22106 VC,Broadside,,,,,,,,,,Other motor vehicle,,No pedestians involved,No controls present/factor,
1,,,,,,,,,,,,,,1,,1,,,,,,,,2/13/2012,803,12-00547,WRIGHT BL,,25 FT NORTH OF COVELL BLVD,,21950(a),Vehicle-pedestrian,1,,,,1.0,,,,,Pedestrian,,Crossing in crosswalk at intersection,Controls functioning,
,,,,,,1,,,,,,,,,,,,,,,,1,,2/13/2012,1400,12-00553,L ST,5 ST,,,21453(a),Broadside,,,,,,,,,,Other motor vehicle,,No pedestians involved,Controls functioning,
,,,,,,,,,,,,,,,,,,,,,,,,2/16/2012,818,12-00573, MACE BL,I 80,,,22350VC,Rear end,,,,,,,,,,Other motor vehicle,,No pedestians involved,No controls present/factor,
,,,,,,,,,,,,,,,,,,,,,,,,2/16/2012,1717,12-00582,ARLINGTON BLVD,BUCKLEBERRY LANE,,,22350 CVC,Rear end,1,,,,,,,,,Other motor vehicle,,No pedestians involved,No controls present/factor,
,,,,1,,,,,,,,,,,,,,,1,,,,,2/18/2012,1216,12-00610,D STREET,1 ST STREET,,,CVC 21453(a),Broadside,,,,,,,,,,Other motor vehicle,,No pedestians involved,Controls functioning,
,1,,,,,,,,,,,,,1,,,,,,,,,,2/19/2012,1930,12-00624,1550 E COVELL BL,,200' WEST OF POLELINE RD,,,Other,1,1.0,1.0,,,,VEHICLE/BIKE,,,Bicycle,,No pedestians involved,Controls functioning,
,1,,,,,,,,,,,,,,,,,,1,,,,,2/20/2012,1827,12-00633,THIRD STREET,,APPROX 222 FEET WEST OF THE NORTHWEST CORNER OF D ST.,,22517 VC,Side swipe,1,1.0,1.0,,,,,,,Bicycle,,No pedestians involved,Controls functioning,
,,,,,,,,,,,,,,,,,,,,,,,,2/22/2012,1536,12-00651,W. COVELL BL,,50' EAST OF SR-113,,22350 CVC,Rear end,,,,,,,,,,Other motor vehicle,,No pedestians involved,Controls functioning,
,1,,1,,,,,1,,,,,,,,,,,,,,,,2/22/2012,1830,12-00663,B ST,,NORTH OF 11TH ST,,21201(d),Other,1,1.0,1.0,,,,AUTO VS BIKE,,,Bicycle,,No pedestians involved,No controls present/factor,
,,,,,,,,,,,,,,,,,,,,,,,,2/24/2012,309,12-00681,ALVARADO AVENUE,,.1 MILE WEST OF ANDERSON ROAD,,22350 cvc,Rear end,,,,,,,,,,Parked motor vehicle,,No pedestians involved,No controls present/factor,23123 (a) cvc
,,,,,,,,,,,,,,,,,,,,,,,,2/26/2012,1742,12-00722,W. COVELL BL,LAKE BL,,,22450(a) CVC,Broadside,2,,,,,,,,,Other motor vehicle,,No pedestians involved,Controls functioning,
,1,,,1,,,,,,,,,,,,,,,,1,,,,2/29/2012,135,12-00753,1ST STREET,A STREET,,,21650.1 VC,Other,1,1.0,1.0,,,,AUTO V. BIKE,,,Bicycle,,No pedestians involved,Controls functioning,
,,,,,,,,,,,,,,,,,,,,,,,,3/2/2012,1002,12-00799,W COVELL BL,HIGHWAY 113,,,22350 VC,Rear end,,,,,,,,,,Other motor vehicle,,No pedestians involved,Controls functioning,
,,,,,,,,,,,,,,,,,,1,,,,,,3/2/2012,1718,12-00806,RUSSSELL BLVD,CALIFORNIA BLVD,,,22350 CVC,Rear end,1,,,,,,,,,Other motor vehicle,,Crossing in crosswalk at intersection,Controls functioning,
,,,,,,,,,,,,,,,,,,1,,,,,,3/2/2012,1713,12-00807,RUSSELL BL,CALIFORNIA  AVE.,,,22350 CVC,Rear end,,,,,,,,,,Other motor vehicle,,No pedestians involved,Controls functioning,
,,,,,,,,,,,,,,,,,,,,,,,,3/3/2012,1312,12-00816,MOORE BLVD,BONNARD ST,,,22350,Hit object,,,,,,,,,,Fixed object,FENCE/RETAINING WALL,No pedestians involved,No controls present/factor,
,,,,,,,,,,,,,,,,,,,,1,,,,3/4/2012,203,12-00829,UNIVERSITY AVENUE,2ND STREET,,,22106 cvc,Hit object,,,,,,,,,,Fixed object,STREET SIGN,Not in road,No controls present/factor,
,1,,,,,1,,,,,,,,,,,,,,,,1,,3/8/2012,1536,12-00882,5 TH ST,J ST,,,22450(a),Other,1,1.0,1.0,,,,AUTO V. BIKE,,,Bicycle,,No pedestians involved,Controls functioning,
,,,,,,,,,,,,,,,,1,,,,,,,,3/8/2012,1617,12-00884,5TH ST,,300 FT WEST OF POLE LINE DR,,22107VC,Side swipe,,,,,,,,,,Parked motor vehicle,,No pedestians involved,No controls present/factor,
,1,,,,,,,,,,,,1,,,,,,,,,,,3/8/2012,2016,12-00888,RUSSELL BL,ANDERSON RD,,,21451(b) CVC,Head-on,1,1.0,1.0,,,,,,,Bicycle,,No pedestians involved,Controls functioning,
,,,,,,,,,,,,,,1,,1,,,,,,,,3/10/2012,2022,12-00915,COVELL BL,POLE LINE RD,,,21453(a) vc,Broadside,1,,,,,,,,,Other motor vehicle,,No pedestians involved,Controls functioning,
,,,,,,,,,,,,,,,,,,,,,,,,3/14/2012,1428,12-00938,RESEARCH PARK DR,,20 FEET SOUTH OF RICHARDS BLVD,,22350,Hit object,,,,,,,,,,Fixed object,CURB,No pedestians involved,Controls functioning,
,,,1,,,,,,,,,,,,,,,,,,,,,3/15/2012,2340,12-00962,CATALINA DR,COVELL BLVD,,,21453(a)VC,Broadside,5,,,,,,,,,Other motor vehicle,,No pedestians involved,Controls functioning,
,,,,,,,,,,,,,,1,,,,,,,,,,3/16/2012,2148,12-00981,E COVELL BL,,APPROXIMATELY 400 FEET EAST OF L ST,,22350,Hit object,2,,,,,,,,,Fixed object,TREE,No pedestians involved,No controls present/factor,
,,,,,,,,,,,,,,,,,1,,,,,,,3/18/2012,239,12-01001,RUSSELL BLVD.,LAKE BLVD.,,,22350 VC,Hit object,,,,,,,,,,Fixed object,TREE,No pedestians involved,Controls functioning,
,,,,,,,,,1,,,,,1,,,,,,,,,,3/22/2012,836,12-01054,F ST,,50 FEET NORTH OF COVELL BLVD,,22350,Rear end,,,,,,,,,,Other motor vehicle,,No pedestians involved,Controls functioning,
,,,,,,,,,,,,,,,,,,,,,,,,3/24/2012,1720,12-01095,S/B MACE,W/B I 80 ON RAMP,,,21453(A) VC,Broadside,1,,,,,,,,,Other motor vehicle,,No pedestians involved,Controls functioning,
,,,,,,,,,,,,1,,,,,,,,,,,,3/25/2012,339,12-01100,ALVARADO AV,ANDERSON RD,,,22350VC,Hit object,,,,,,,,,,Fixed object,TREE,No pedestians involved,No controls present/factor,
,,,,,,,,,,,,,,,,,,,,,,,,2/23/2012,1700,12-01117,2121 COWELL BL,,,, 22106 VC,Rear end,1,,,,,,,,,Other motor vehicle,,No pedestians involved,No controls present/factor,
,,,,,,,,,,,,,,,,,,,,,,,,3/26/2012,1759,12-01122,W COVELL BL,,868 FEET EAST OF STATE ROUTE 113.,,22350 VC,Rear end,2,,,,,,,,,Other motor vehicle,,No pedestians involved,Controls functioning,