Ped,Bike,Bike Loop,School Area,1st St,E 2nd St,5th St,8th St,B St,F St,J St N,North Sycamore,North Anderson,North Anderson,East Covell,Olive Drive,Pole Line,West Russell,Russell,Downtown,University Rice,Old North,Old East,A St,DATE,TIME,REPORT,STREET 1,STREET 2,DISTANCE,DIRECTION,PRIMARY CAUSE,COLLISION TYPE,INJURY,Bike,5 Year Bike,5 Year  Ped,Ped,FATAL,TYPE OF COLLISION,VEHICLE 1,VEHICLE 2,INVOLVED WITH,OBJECT HIT,PEDESTRIAN ACTION,TRAFFIC CONTROL DEVICES,NOTES
,,,,,,,,,,,,,,1,,,,,,,,,,3/31/2012,1120,12-01207,E COVELL BL,,400 FEET WEST OF POLE LINE ROAD,,21804(a) CVC,Broadside,,,,,,,,,,Other motor vehicle,,No pedestians involved,No controls present/factor,
,,,,,,1,,,,,,,,,,,,,,,,1,,3/31/2012,1156,12-01208,5TH ST,I ST,,,22350,Rear end,,,,,,,,,,Other motor vehicle,,No pedestians involved,No controls present/factor,
,1,,,,,,,,,,,,,,,,,,,,,,,4/3/2012,1100,12-01225,OAK AVE,RUSSELL BLVD,,,21804(a)VC,Other,1,1.0,1.0,,,,VEH VS BIKE,,,Bicycle,,No pedestians involved,Controls functioning,
,1,,,,,,1,,,,,,,,,,,,,,,,,4/5/2012,1502,12-01266,E 8TH ST,,500' WEST OF 8TH ST,,21801(a)VC,Other,1,1.0,1.0,,,,VEH VS BIKE,,,Bicycle,,No pedestians involved,No controls present/factor,
,1,,,,,,,,,,,,,,,,,,,,,1,,4/5/2012,1645,12-01271,THIRD STREET,,123 FEET WEST OF I STREET,,22107,Other,1,1.0,1.0,,,,BICYCLE,,,Bicycle,,No pedestians involved,No controls present/factor,
,,,,,,,,,,,,,,,,,,,,1,,,,4/9/2012,1313,12-01322,A ST,,30 FEET SOUTH OF 3RD ST,,22350,Rear end,,,,,,,,,,Other motor vehicle,,No pedestians involved,Controls functioning,
,,,,,,,,,,,,,,,,,,,,,,,,4/12/2012,2344,12-01375,WEST COVELL BOULEVARD,HIGHWAY 113,,,23153(a)(b)vc,Broadside,1,,,,,,,,,Other motor vehicle,,No pedestians involved,Controls functioning,
,1,,,,,,,,,,,,,,,,,,,,,,,4/13/2012,2359,12-01388,SYCAMORE LN,WAKEFOREST DR,,,21801 (a),Other,1,1.0,1.0,,,,VEHICLE VS BICYCLE,,,Bicycle,,No pedestians involved,No controls present/factor,
1,,1,1,,,,,,,,,,,,,,,,,,,,,4/15/2012,234,12-01402,W 14TH ST,EUREKA AVE,,,23103(a),Vehicle-pedestrian,1,,,,1.0,,,,,Pedestrian,,In road - includes shoulder,No controls present/factor,
,1,,,1,,,,,,,,,,,,,,,1,,,,,4/17/2012,1426,12-01431,227 1ST ST,,,,21209(a) CVC,Rear end,1,1.0,1.0,,,,,,,Bicycle,,No pedestians involved,Controls functioning,
,,,,,,,,,,,,,,,,,,,,,,,,4/19/2012,1207,12-01457,W COVELL BL,REISING CT.,,,22350VC,Rear end,1,,,,,,,,,Other motor vehicle,,No pedestians involved,Controls functioning,
,,,,,,,,,,,,,,,,,,,,,,,,4/20/2012,853,12-01478,I -80 E/BOUND,,1/4 MILE WEST OF MACE BLVD,,22107,Side swipe,1,,,,,,,,,Other motor vehicle,,No pedestians involved,Controls functioning,
,,,,,,,,,,,,,,,,,,,,,,,,4/21/2012,1055,12-01495,RICHARDS BL,,750 FEET EAST OF OLIVE DR.,,22350 CVC,Rear end,1,,,,,,,,,Other motor vehicle,,No pedestians involved,Controls functioning,
,,,,,,,,,,,,,,,,1,,,,,,,,4/21/2012,1614,12-01503,715 POLE LINE RD,,167 FEET S OF THE SOUTHWEST CORNER OF LEIGH DR,,22350 vc,Side swipe,1,,,,,,,,,Parked motor vehicle,,No pedestians involved,Controls functioning,
,1,,,,,,,,,,,,,1,,,,,,,,,,4/22/2012,1541,12-01566,E COVELL BL,,200 FEET WEST OF L STREET,,21209(a) cvc,Rear end,1,1.0,1.0,,,,,,,Bicycle,,No pedestians involved,No controls present/factor,
,,,,,,,,,,,,,,,,,,,1,,,,,4/27/2012,1730,12-01641,228 G ST,,61 FT SOUTH OF PROLONGATION OF 3RD ST CURB LINES,,23152(a) VC,Side swipe,,,,,,,,,,Parked motor vehicle,,No pedestians involved,No controls present/factor,
,,,,,,,,,,,,,,,,,,,,,,,,4/29/2012,56,12-01653,CATALINA DR,,200 FT SOUTH OF ANZA AVE,,22350 VC,Hit object,1,,,,,,,,,Fixed object,CURB,No pedestians involved,No controls present/factor,
,,,,,,,,,,,,,,,,,,,,,,,,4/29/2012,458,12-01657,MACE BLVD,WEST BOUND I-80 OFF RAMP TO MACE BLVD,,,22350 VC,Hit object,,,,,,,VEHICLE HIT CENTER DIVID,,,Fixed object,RAISED CENTER DIVIDER,No pedestians involved,Controls functioning,
,,,,,,1,,,,,,,,,,,,,,,,1,,5/4/2012,1720,12-01740,FIFTH,K,,,21802(a)VC,Broadside,,,,,,,,,,Other motor vehicle,,No pedestians involved,Controls functioning,
,,,1,,,,,,,,,,,1,,,,,,,,,,5/6/2012,1600,12-01761,E COVELL BLVD,ALHAMBRA DR,,,CVC 21453(a),Broadside,2,,,,,,,,,Other motor vehicle,,No pedestians involved,Controls functioning,
,,,,,,,,,,,,,,,,1,,,,,,,,5/8/2012,1354,12-01775,POLE LINE RD,,20' NORTH OF 5TH STREET,,22350,Rear end,1,,,,,,,,,Other motor vehicle,,No pedestians involved,Controls functioning,
,1,,,,,,,,,,,,1,,,,,,,,,,,5/8/2012,1722,12-01778,ANDERSON RD,,.067 MILES NORTH OF SUNSET CT,,22103 CVC,Other,1,1.0,1.0,,,,VEHICLE VS. BIKE,,,Bicycle,,No pedestians involved,No controls present/factor,
,,,,,,,,,,,,,,,,,,,1,,1,,,5/9/2012,1608,12-01792,C ST,,150 FEET SOUTH OF 5TH ST,,22106 CVC,Broadside,2,,,,,,,,,Other motor vehicle,,No pedestians involved,No controls present/factor,
,,,,,,1,,,,,,,,,,,,,,,,,,5/10/2012,1340,12-01807,FIFTH STREET,,500 FEET EAST OF L STREET,,23152(a) CVC,Rear end,,,,,,,,,,Parked motor vehicle,,No pedestians involved,No controls present/factor,
,,,,,,,,1,,,,,,,,,,,1,1,,,,5/11/2012,115,12-01810,3RD ST,B STREET,,,21801(a)VC,Head-on,2,,,,,,,,,Other motor vehicle,,No pedestians involved,Controls functioning,
,,,,,,,,,,,,,,,1,,,,,,,,,5/11/2012,1300,12-01816,1000 RICHARDS BL,,150' SOUTH OF OLIVE DRIVE,,22350,Rear end,1,,,,,,,,,Other motor vehicle,,No pedestians involved,No controls present/factor,
,,,,,,,,,,,,,,,,,,,,,,,,5/12/2012,1350,12-01834,RICHARDS BL,,20 FEET WEST OF E/B I-80 ONRAMP,,22107 CVC,Side swipe,,,,,,,,,,Other motor vehicle,,No pedestians involved,Controls functioning,
,,,,,,,,,,,,,,,,,,,,,,,,5/13/2012,6,12-01838,RUSSELL BL,ORCHARD PARK,,,21801(a) VC,Broadside,2,,,,,,,,,Other motor vehicle,,No pedestians involved,No controls present/factor,
,,,,,,,,,,,,,,,,1,,,,,,,,5/14/2012,1550,12-01852,POLE LINE RD,MOORE BL,,,21801(a)cvc,Head-on,1,,,,,,,,,Other motor vehicle,,No pedestians involved,Controls functioning,
,1,,,,,,,,,,,,,,,,,,1,,,,,5/15/2012,7,12-01857,2ND ST,,100 WEST OF E ST ON NORTH SIDEWALK,,,Other,1,1.0,1.0,,,,SOLO BIKE,,,Non collision,,No pedestians involved,No controls present/factor,
,,,,,,,,,,,,,1,,,,,,,,,,,5/16/2012,2500,12-01889,ANDERSON RD,,15' NORTH OF RUSSELL BLVD,,,Hit object,,,,,,,,,,Fixed object,TRAFFIC CONTROL BOX,No pedestians involved,UNKNOWN,
,,,,,1,,,,,,,,,,,,,,,,,,,5/18/2012,1735,12-01928,MACE BLVD,2ND STREET,,,22350 vc,Rear end,1,,,,,,,,,Other motor vehicle,,No pedestians involved,Controls functioning,
,,,,,,,,,,,,,,,,,,,,,,,,5/19/2012,609,12-01935,DANUBE AVE,,250 FEET EAST OF BIENVILLE ST.,,23152 CVC,Rear end,1,,,,,,,,,Parked motor vehicle,,No pedestians involved,Controls functioning,
,,,,,1,,,,,,,,,,,,,,,,,,,5/20/2012,1713,12-01950,SECOND ST,,.1 MILES WEST OF THE POLE LINE OVERPASS,,22350 VC,Hit object,1,,,,,,,,,Fixed object,CURB,No pedestians involved,No controls present/factor,
,,,1,,,,,,,,,,,,,,,,,,,,,5/21/2012,1523,12-01959,OAK AV,W. COVELL BLVD,,,22350 CVC,Rear end,,,,,,,,,,Other motor vehicle,,No pedestians involved,Controls functioning,
,1,,,,,1,,,,,,,,,,,,,,1,,,1,5/23/2012,954,12-01984,RUSSELL BL,A ST,,, 21801(a) cvc,Other,1,1.0,1.0,,,,SOLO BICYCLE,,,Non collision,,No pedestians involved,Controls functioning,
,,1,1,,,,,,,,,,,,,,,,,,,,,5/24/2012,1820,12-02007,ARLINGTON BL,SHASTA DR,,,21453(c) VC,Hit object,1,,,,,,,,,Fixed object,,No pedestians involved,Controls functioning,
,1,1,1,,,,,,,,,,,,,,,,,,,,,5/25/2012,1049,12-02011,DREXEL DR.,L ST.,,,21800(A) CVC,Other,1,1.0,1.0,,,,BICYCLE,,,Bicycle,,No pedestians involved,Controls functioning,
,,,,,,,,,,,,,,,,,,,1,1,,,,5/25/2012,2138,12-02017,3RD ST,B ST,,,21802(a) CVC,Broadside,,,,,,,,,,Other motor vehicle,,No pedestians involved,Controls functioning,
,,,,,,,,,1,,,,,,,,,,,,,,,5/27/2012,144,12-02027,F ST,,700 FT SOUTH OF 14TH ST,,23152(a) CVC,Side swipe,,,,,,,,,,Parked motor vehicle,,No pedestians involved,No controls present/factor,22350 CVC
,,,1,,,,,,,,,,,,,1,,,,,,,,5/30/2012,1944,12-02069,POLE LINE RD,COWELL BLVD,,,22106 CVC,Other,,,,,,,D1 BACKED INTO D2,,,Other motor vehicle,,No pedestians involved,Controls functioning,
,,,,,,,,,,,,,,,,,,,,,,,,5/10/2012,1340,12-02077,5TH STREET,,500 FEET EAST OF L STREET,,23152(a) CVC,Rear end,,,,,,,,,,Parked motor vehicle,,No pedestians involved,No controls present/factor,
,,,,,,,,,,,,,,,,,,,,,,,,6/2/2012,1758,12-02120,RUSSELL BL,,30 FEET EAST OF SYCAMORE LN,,22350 CVC,Rear end,2,,,,,,,,,Other motor vehicle,,No pedestians involved,Controls functioning,
,,,,,,,,,,,,,,,,1,,,,,,,,6/3/2012,631,12-02134,POLE LINE RD,5TH STREET,,,cvc 22400,Rear end,,,,,,,,,,Other motor vehicle,,Not in road,Controls functioning,
,1,,1,,,,,,,,,,,,,,,,,,,,,6/4/2012,745,12-02140,OAK AV,,250 FT SOUTH OF COVELL BLVD,,22107 VC,Other,1,1.0,1.0,,,,AUTO V. BIKE,,,Bicycle,,No pedestians involved,No controls present/factor,
,,,,,,,,,,,,,,,,,,,,,,,,6/8/2012,1026,12-02196,RUSSELL BL,,50 FEET WEST OF OAK AVE,,22350 CVC,Rear end,2,,,,,,,,,Other motor vehicle,,No pedestians involved,Controls functioning,
,,,,,,,,,,,,,,1,,1,,,,,,,,6/11/2012,1759,12-02240,POLE LINE RD,,600 FT SOUTH OF PICASSO AVENUE,,22350 VC,Rear end,2,,,,,,,,,Other motor vehicle,,No pedestians involved,Controls functioning,
,,,,,,,,,,,,,,,,1,,,,,,,,6/13/2012,1523,12-02264,POLE LINE RD,MADRONE PL,,,23152(a)VC,Hit object,,,,,,,,,,Fixed object,HOUSE,No pedestians involved,No controls present/factor,
,,,,,,,,,,,,,,,,,,,1,,,,,6/14/2012,213,12-02271,H STREET .1 MILES SOUTH OF 3RD STREET,,,,23152 (a) CVC,Broadside,,,,,,,,,,Parked motor vehicle,,No pedestians involved,No controls present/factor,
,1,,1,,,,,,,,,,1,,,,,,,,,,,6/14/2012,755,12-02273,ANDERSON RD,,100 FEET NORTH OF AMHERST DR,,22107 CVC,Other,1,1.0,1.0,,,,AUTO V. BIKE,,,Bicycle,,No pedestians involved,No controls present/factor,
,,,,,,,1,,,,,,,,,,,,,,,,,6/14/2012,1339,12-02279,E 8TH ST,,30 FEET WEST OF G ST,,22350 VC,Rear end,1,,,,,,,,,Other motor vehicle,,No pedestians involved,No controls present/factor,
,,,,,,,,,,,,,,,,,,,,,,1,,6/15/2012,157,12-02293,3RD ST,,10' NORTH OF I ST,,23153(a)VC,Hit object,1,,,,,,,,,Fixed object,"CURB, PARKING SIGN",No pedestians involved,No controls present/factor,
,,,,,,,,,,,,,,,,,1,,,,,,,6/15/2012,1750,12-02310,RUSSELL BL,S/R 113 SOUTH BOUND ON RAMP,,,22350,Rear end,1,,,,,,,,,Other motor vehicle,,No pedestians involved,Controls functioning,
,,,,,,,,,,,,,,,,,,,,,,,,6/9/2012,1223,12-02344,MACE BLVD,,312.4 FT SOUTH OF ALHAMBRA DR,,22350 vc,Rear end,2,,,,,,,,,Other motor vehicle,,No pedestians involved,Controls functioning,
,,,,,,,,,,,,,,,,1,,,,,,,,6/23/2012,2324,12-02410,5TH ST,,50 FEET EAST OF POLE LINE RD,,23152(a),Hit object,,,,,,,,,,Fixed object,CONCRETE MEDIAN,No pedestians involved,Controls functioning,
,,,,,,,,,,,,,,,,,,,,,,,,6/24/2012,147,12-02413,COWELL BLVD,VALDORA ST,,,23152,Rear end,1,,,,,,,,,Parked motor vehicle,,No pedestians involved,No controls present/factor,
,,,,,,,,,,,,,,,,,,,,,,,,6/24/2012,1144,12-02415,GLACIER DR,,150' WEST OF OLYMPIC DR,,22107 CVC,Side swipe,,,,,,,,,,Parked motor vehicle,,No pedestians involved,No controls present/factor,
,,,,,,,,1,,,,,,,,,,,1,1,,,,6/26/2012,1120,12-02435,4TH ST,B ST,,,21650vc,Head-on,1,,,,,,,,,Other motor vehicle,,No pedestians involved,No controls present/factor,
,,,,,,,1,,,,,,,,,,,,,,,,,6/27/2012,149,12-02440,L ST,,250 FT NORTH OF E 8TH ST,,22107 vc,Rear end,,,,,,,,,,Parked motor vehicle,,No pedestians involved,Controls functioning,
,1,,,,,,,,,,,,,,,,,,,,,,,6/29/2012,2128,12-02472,COWELL BL,DREW CIRCLE,,,22107 CVC,Other,1,1.0,1.0,,,,AUTO VS. BICYCLE,,,Bicycle,,No pedestians involved,Controls functioning,
,1,,,,,,,,,,1,,,,,,,,,,,,,7/9/2012,1218,12-02572,SYCAMORE LN,W. COVELL BL,,,21804(a) CVC,Broadside,1,1.0,1.0,,,,,,,Bicycle,,No pedestians involved,Controls functioning,
,,,,,,,,,,,,,,,,,,,,,,,,7/9/2012,1826,12-02578,CHILES RD,,APPROXIMATELY .4 MILES EAST OF EL CEMONTE AVE,,22350 VC,Hit object,,,,,,,,,,Fixed object,CHAIN LINK FENCE,No pedestians involved,Controls functioning,
,,,,,,1,,1,,,,,,,,,,,1,1,1,,,7/10/2012,145,12-02582,B STREET,,60' SOUTH OF 5TH STREET,,22350 vc,Broadside,,,,,,,,,,Other motor vehicle,,No pedestians involved,Controls functioning,
,,,,,,,,,,,1,,,,,,,,,,,,,7/11/2012,1158,12-02618,SYCAMORE LN,W. COVELL BL,,,22350 CVC,Rear end,2,,,,,,,,,Other motor vehicle,,No pedestians involved,Controls functioning,
,,,,,,,,,,,,,,,1,,,,,,,,,7/11/2012,1423,12-02619,OLIVE DR,,.64 MILES EAST OF RICHARDS BLVD,,22350 CVC,Head-on,,,,,,,,,,Other object,TREE AND STOP SIGN,No pedestians involved,Controls functioning,
1,,,,,,,,,,,1,,,,,,,,,,,,,7/11/2012,1930,12-02624,SYCAMORE LN,,100 FT NORTH OF ALVARADO AVE,,21950(a) CVC,Vehicle-pedestrian,1,,,,1.0,,,,,Pedestrian,,Crossing in crosswalk-not in intersection,No controls present/factor,
,,,,,,,,,,,,,,,,,,,,,,,,7/17/2012,1515,12-02670,MOORE BL,ROCKWELL DR,,,22107VC,Hit object,,,,,,,,,,Fixed object,TREE,No pedestians involved,No controls present/factor,
,,,,,,,1,,,,,,,,,,,,,,,,,7/20/2012,23,12-02711, E 8TH ST,,200 YARDS EAST OF POLELINE RD.,,,Rear end,,,,,,,,,,Parked motor vehicle,,No pedestians involved,No controls present/factor,
,,,,,,,,,,,,,,,,,,,,,,,,7/20/2012,1339,12-02720,RUSSELL BL,OAK AV,,,,Other,1,,,,,,,,,Other object,BICYCLE,No pedestians involved,Controls functioning,
,1,,,,,,,,,,,,,,,,1,,,,,,,7/21/2012,114,12-02732,RUSSELL BL,HWY 113,,,22350VC,Other,1,1.0,1.0,,,,SOLO BICYCLE,,,Other object,CURB,No pedestians involved,Controls functioning,
,,,,,,,1,,,,,,,,,,,,,,,,,7/22/2012,1400,12-02741,W 8TH ST,,75' EAST OF WAKE FOREST DR,,22107 CVC,Hit object,,,,,,,,,,Fixed object,TREE / RETAINING WALL,No pedestians involved,No controls present/factor,
,,,,,,,,,,,,,,,,,,,,,,,,7/23/2012,917,12-02748,ALHAMBRA DR,,1000 FEET EAST OF ARROYO DR.,,23152 (a) (b) CVC,Hit object,,,,,,,CEMENT CURBS,,,Fixed object,CURB,No pedestians involved,Controls functioning,
,1,,,,,,1,,,,,,,,,,,,,,,,,7/31/2012,1312,12-02877,OAK AV,WEST 8TH STREET,,,21453 (a) VC,Other,1,1.0,1.0,,,,AUTO V BIKE,,,Bicycle,,No pedestians involved,Controls functioning,
1,,,,,,,,,,,,,,,,,,,1,,,,,8/2/2012,1805,12-02911,4601 2ND ST IN PARKING LOT,,,,,Vehicle-pedestrian,1,,,,1.0,,,,,Pedestrian,,Crossing - not in crosswalk,No controls present/factor,unsafe speed
,1,,,1,,,,1,,,,,,,,,,,1,1,,,,8/3/2012,1022,12-02924,FIRST ST.,B ST.,,,21802(a) CVC,Other,1,1.0,1.0,,,,AUTO VS. BIKE,,,Bicycle,,No pedestians involved,Controls functioning,
,,,,,,,,,,,,,,,,,,,,,,,,8/4/2012,1557,12-02942,ALHAMBRA DR,,AT BREAK IN MEDIAN ACROSS FROM DRIVEWAY TO 4504 ALHAMBRA,,22107VC,Side swipe,2,,,,,,,,,Other motor vehicle,,No pedestians involved,No controls present/factor,
,,,,,,1,,,,,,,,,,,,,,,,1,,8/6/2012,1115,12-02954,5TH STREET,,15 FEET WEST J ST,,22350 VC,Rear end,1,,,,,,,,,Other motor vehicle,,No pedestians involved,Controls functioning,
,1,,,,,,,,,,,,,,,,,,,,,,,8/7/2012,1722,12-02972,ADELINE PL,POMONA DR,,,22350VC,Other,1,1.0,1.0,,,,SOLO BIKE,,,Parked motor vehicle,,No pedestians involved,No controls present/factor,
,1,,,,,,,,,,,,,,,,,,,,,,,8/7/2012,2015,12-02974,COWELL BL,,311 FEET EAST OF DREW AVENUE,,22107 CVC,Other,1,1.0,1.0,,,,AUTO V. BIKE,,,Bicycle,,No pedestians involved,No controls present/factor,
,,,,,,,,,,,,,,,,,,,,,,,,8/10/2012,1640,12-03003,RUSSELL BL,,20 FEET WEST OF OAK AVE.,,22350 CVC,Rear end,1,,,,,,,,,Other motor vehicle,,No pedestians involved,Controls functioning,
,,,,,,,,,,,,,,,,,,,1,,,,,8/10/2012,1425,12-03004,H STREET,, 50' FROM N EDGE OF 2ND ST AND 10' FROM W EDGE OF H ST,,22350 VC,Rear end,1,,,,,,,,,Other motor vehicle,,No pedestians involved,Controls functioning,
,1,,,,,,1,,,,,,,,,1,,,,,,,,7/30/2012,825,12-03005,E 8TH STREET,POLELINE ROAD,,,21801(a),Other,1,1.0,1.0,,,,AUTO V. BIKE,,,Bicycle,,No pedestians involved,Controls functioning,
,,,1,,,,,,,,,,,,,,,,,,,,,8/14/2012,1256,12-03055,ARLINGTON BL,CALAVARES AVE,,,21801(a) CVC,Head-on,2,,,,,,,,,Other motor vehicle,,No pedestians involved,Controls functioning,
1,,,,,,,,,,,,,,,,,,,,,,,,8/14/2012,1350,12-03058,SYCAMORE LN,,100-FT NORTH OF RUSSELL BOULEVARD,,21956(a) CVC,Vehicle-pedestrian,1,,,,1.0,,,,,Pedestrian,,Crossing - not in crosswalk,No controls present/factor,
,,,,,1,,,,,,,,,,,,,,,,,,,8/14/2012,1740,12-03059,MACE BLVD,SECOND ST,,,22350 VC,Rear end,1,,,,,,,,,Other motor vehicle,,No pedestians involved,Controls functioning,
,,,,,,,,,,,,,,,,,1,,,,,,,8/15/2012,2204,12-03067,RUSSELL BL,HOWARD WY,,,21453(a) VC,Head-on,1,,,,,,,,,Other motor vehicle,,No pedestians involved,Controls functioning,
,1,,1,,,,,,,,,,,,,,,,,,,,,8/15/2012,2220,12-03068,COOLIDGE ST,CALAVERAS,,,,Head-on,1,1.0,1.0,,,,,,,Bicycle,,No pedestians involved,No controls present/factor,
,,,1,,,,,,,,,,,,,,,,,,,,,8/20/2012,1824,12-03108,HUMBOLDT AV,,20 FT EAST OF BARKLEY ST,,22103 VC,Broadside,2,,,,,,,,,Other motor vehicle,,No pedestians involved,No controls present/factor,
,,,,,,,,,,,,,1,,,,,,,,,,,8/22/2012,2025,12-03131,ANDERSON RD,SUNSET CT,,,21802(a)VC,Overturned,1,,,,,,,,,Non collision,,No pedestians involved,Controls functioning,
,,,,,,1,,,,,,,,,,,,,1,,1,,,8/23/2012,1630,12-03146,5TH ST,,300' NORTH OF 4TH ST,,22350VC,Rear end,1,,,,,,,,,Other motor vehicle,,No pedestians involved,No controls present/factor,
,,,,,,,,,,,,,,,,,,,,,,,,8/23/2012,2228,12-03148,5000 CHILES RD,,150' EAST OF EL CEMONTE AVE,,23152(b) CVC,Hit object,,,,,,,,,,Fixed object,LIGHT POLE,No pedestians involved,No controls present/factor,
,,,1,,,,,,,,,,,,,,,,,,,,,8/30/2012,950,12-03225,OAK AV,,250FT NORTH OF 14TH ST,,22107VC,Side swipe,,,,,,,,,,Parked motor vehicle,,No pedestians involved,No controls present/factor,
,,,,,,,,,,,,,,,,,,,,,,,,8/31/2012,39,12-03234,CHILES RD,MACE BLVD,,,22100(b),Broadside,3,,,,,,,,,Other motor vehicle,,No pedestians involved,Controls functioning,22100(b) VC
,1,,,,,,,,,,,,1,,,,,,,,,,,9/6/2012,1458,12-03302,ANDERSON RD,,JUST SOUTH OF SUNSET COURT,,21801(a)VC,Other,,,,,,,AUTO V BIKE,,,Bicycle,,No pedestians involved,No controls present/factor,
,1,,,,,,,,,,,,,,,,,,,,,,,9/11/2012,755,12-03367,CRYSTAL GROVE LN,,CAPE CODE ST,,21804 CVC,Broadside,1,1.0,1.0,,,,,,,Bicycle,,No pedestians involved,No controls present/factor,
,1,,,,,,,,,,,,,,,,,,1,,,,,9/11/2012,1355,12-03371,4TH STREET,F STREET,,,22517 cvc,Other,1,1.0,1.0,,,,VEHICLE VS BICYCLE,,,Bicycle,,No pedestians involved,No controls present/factor,
,,,,,,1,,,,,,,,,,,,,1,,1,,,9/12/2012,1622,12-03384,5TH ST,C ST.,,,21801(a) cvc,Broadside,1,,,,,,,,,Other motor vehicle,,No pedestians involved,Controls functioning,
,1,,,,,,1,,,,,,,,,,,,,,,,,9/6/2012,1910,12-03385,E 8TH ST,L ST.,,,21650 CVC,Other,1,1.0,1.0,,,,BICYCLE,,,Bicycle,,No pedestians involved,Controls functioning,
1,,1,1,,,,,,,,,,,,,,,,,,,,,9/14/2012,735,12-03404,W 14TH ST,,50' WEST OF EUREKA DR,,21950(a)VC,Vehicle-pedestrian,1,,,,1.0,,,,,Pedestrian,,Crossing in crosswalk-not in intersection,No controls present/factor,
,,,,,1,,,,,,,,,,,,,,,,,,,9/14/2012,1840,12-03410,2ND ST,MACE BLVD,,,22350 CVC,Rear end,1,,,,,,,,,Other motor vehicle,,No pedestians involved,Controls functioning,
,,,,,,,,,,,,,,,,,,,,,,,,9/18/2012,1452,12-03447,1822 FREMONT CT ALLEY,,,,,Hit object,1,,,,,,,,,Fixed object,ROCK,No pedestians involved,No controls present/factor,
,,,,,,,,,,,,,,,,,,,,,,,,9/19/2012,1735,12-03466,FIFTH ST,VERONA TERRACE,,,21801(a)CVC,Broadside,2,,,,,,,,,Other motor vehicle,,No pedestians involved,No controls present/factor,
,1,1,1,,,,,,,,,,,,,,,,,,,,,9/20/2012,1530,12-03479,ARLINGTON DRIVE,SHASTA,,,21650.1,Overturned,1,1.0,1.0,,,,AUTO V. BIKE,,,Bicycle,,No pedestians involved,Controls functioning,
,,,,,,,,,,,,,,,,,,,,,,,,9/22/2012,918,12-03507,SHASTA DR,,15 FT SOUTH OF COVELL BL,,22350,Rear end,1,,,,,,,,,Other motor vehicle,,No pedestians involved,Controls functioning,
,,,,,,,1,,,,,,,,,,,,,,,,,9/23/2012,1721,12-03520,E 8TH ST,L ST,,,21451(a)  CVC,Broadside,4,,,,,,,,,Motor vehicle on other roadway,,No pedestians involved,Controls functioning,
,1,,,,,1,,,1,,,,,,,,,,1,,1,,,9/26/2012,2055,12-03566,5TH ST,F ST,,,21801(b),Other,1,1.0,1.0,,,,VEH VS. BIKE,,,Bicycle,,No pedestians involved,Controls functioning,
,1,,,,,,,,,,,,,,,,,,,,,,,9/27/2012,902,12-03570,COWELL BL,DREW CIR,,,22107,Other,1,1.0,1.0,,,,,,,Bicycle,,No pedestians involved,Controls functioning,
,1,1,1,,,,,,,,,,1,,,,,,,,,,,9/27/2012,2110,12-03579,ANDERSON RD,VILLANOVA DR,,,21800,Other,1,1.0,1.0,,,,VEH VS BIKE,,,Bicycle,,No pedestians involved,Controls functioning,
,,,1,,,,,,,,,,,,,,,,,,,,,9/28/2012,247,12-03581,CALAVERAS AVE,,BARKLEY ST.,,23152(a) VC,Hit object,1,,,,,,,,,Fixed object,TREE,No pedestians involved,No controls present/factor,
,,,,,,,,,,,,,,,,1,,,,,,,,9/29/2012,2053,12-03613, POLE LINE RD,,50 FEET NORTH OF 619 POLE LINE ROAD,,23152(a)(b),Rear end,,,,,,,,,,Other motor vehicle,,No pedestians involved,No controls present/factor,
,1,,,,,1,,,,,,,,,,,,,1,,1,,,10/2/2012,930,12-03642,5TH ST,,20' WEST OF C STREET,,,Other,1,1.0,1.0,,,,SOLO BIKE,,,Non collision,,No pedestians involved,Controls functioning,
,,,1,,,,,,,,,,1,,,,,,,,,,,10/2/2012,830,12-03656,ANDERSON RD,,45 FEET S OF THE SOUTHEAST CORNER OF RUTGERS DR,,,Side swipe,,,,,,,,,,Parked motor vehicle,,No pedestians involved,Controls functioning,
,,,,,,,,,,,,,,,,,,,,,,,,10/3/2012,840,12-03658,RICHARDS BL,INTERSTATE 80 (OVERPASS),,,22350,Rear end,1,,,,,,,,,Other motor vehicle,,No pedestians involved,No controls present/factor,