Ped,Bike,Bike Loop,School Area,1st St,E 2nd St,5th St,8th St,B St,F St,J St N,North Sycamore,North Anderson,North Anderson,East Covell,Olive Drive,Pole Line,West Russell,Russell,Downtown,University Rice,Old North,Old East,A St,DATE,TIME,REPORT,STREET 1,STREET 2,DISTANCE,DIRECTION,PRIMARY CAUSE,COLLISION TYPE,INJURY,Bike,5 Year Bike,5 Year  Ped,Ped,FATAL,TYPE OF COLLISION,VEHICLE 1,VEHICLE 2,INVOLVED WITH,OBJECT HIT,PEDESTRIAN ACTION,TRAFFIC CONTROL DEVICES,NOTES
,1,,,,,,,,,,,,,,,,,,,,,,,10/5/2012,43,12-03676,SYCAMORE,,25 FEET SOUTH OF WAKEFOREST,,21650.1,Overturned,1,1.0,1.0,,,,VEHICLE VS BICYCLE,,,Bicycle,,No pedestians involved,No controls present/factor,
,1,,,1,,,,,,,,,,,,,,,1,,,,,10/5/2012,911,12-03680,D ST.,, FIRST ST.,,21453(a),Other,1,1.0,1.0,,,,AUTO V. BIKE,,,Bicycle,,No pedestians involved,Controls functioning,
1,,,,,,,,1,,,,,,,,,,,1,,,,,10/6/2012,1934,12-03698,2ND ST,,100 FEET WEST OF B ST,,22350 CVC,Vehicle-pedestrian,1,,,,1.0,,,,,Pedestrian,,In road - includes shoulder,Controls functioning,
,,,,,,,,,,,,,,,,,,,,,,,,10/8/2012,727,12-03711,MACE BL,APPROX. 70 FT NORTH OF CHILES RD,,,22107 VC,Hit object,1,,,,,,,,,Fixed object,TREE,No pedestians involved,No controls present/factor,
,1,,,,,,1,1,,,,,,,,,,,,,,,,10/8/2012,755,12-03712,E 8TH ST,,100-FEET EAST OF B ST,,22350 CVC,Other,1,1.0,1.0,,,,SOLO BIKE,,,Fixed object,CURB,No pedestians involved,No controls present/factor,
,,,,,,,1,,,,,,,,,,,,,,,,,10/8/2012,1648,12-03721,1800 E 8TH ST,,,,21801(a) VC,Head-on,2,,,,,,,,,Other motor vehicle,,No pedestians involved,No controls present/factor,
,1,,,,,,,,,,,,,,,1,,,,,,,,10/9/2012,1243,12-03730,5TH ST,POLE LINE RD,,,,Other,1,1.0,1.0,,,,FELL OFF BIKE,,,Non collision,,No pedestians involved,Controls functioning,Lost control of bicycle
,1,,,,,,1,,1,,,,,,,,,,,,,,,10/10/2012,1632,12-03745,E 8TH ST,F ST,,,21801(a) CVC,Other,1,1.0,1.0,,,,AUTO V BIKE,,,Bicycle,,No pedestians involved,Controls functioning,
,,,,,,,,,,,,,,,,,,,1,,,,,10/14/2012,123,12-03798,G ST,2ND ST,,,23152(a) cvc,Side swipe,,,,,,,,,,Other motor vehicle,,No pedestians involved,Controls functioning,
,,,,,,,,,,,,,,,,1,,,,,,,,10/14/2012,317,12-03799,POLE LINE RD,S. DIAMETER,,,23153(a) VC,Rear end,1,,,,,,,,,Parked motor vehicle,,No pedestians involved,No controls present/factor,
,1,,,,,1,,,,,,,,,,,,,,,,1,,10/15/2012,1430,12-03814,L ST,5TH ST,,,,Other,1,1.0,1.0,,,,BICYCLE V. BICYCLE,,,Bicycle,,No pedestians involved,No controls present/factor,
,1,,,,,,1,,,,,,,,,,,,,,,,1,10/16/2012,1224,12-03827,W 8TH ST,MILLER DR,,,22103 CVC,Other,1,1.0,1.0,,,,SOLO BIKE,,,Fixed object,TREE,No pedestians involved,No controls present/factor,
,,,,,,,,,,,,,,,,,,,,,,1,,10/17/2012,1700,12-03849,3RD ST,I STREET,,,21804 a VC,Broadside,1,,,,,,,,,Other motor vehicle,,No pedestians involved,Controls functioning,
,1,,,,,,,,,,,,,,,,,,1,,,,,10/19/2012,1335,12-03882,F ST,4TH ST.,,,21802a CVC,Other,1,1.0,1.0,,,,AUTO V BIKE,,,Bicycle,,No pedestians involved,Controls functioning,
1,,,,,,,,,,,,,,,,,,,,,,,,10/23/2012,750,12-03934,LAKE BL,ARLINGTON BL,,,22106VC,Vehicle-pedestrian,1,,,,1.0,,,,,Pedestrian,,Crossing - not in crosswalk,Controls functioning,
,,,,,,,,,,,,,,,,,1,,,,,,,10/24/2012,1613,12-03963,RUSSELL BL,,SR-113,,22350,Rear end,1,,,,,,,,,Other motor vehicle,,No pedestians involved,No controls present/factor,
,,,,,,,,,,,,,,,,,1,,,,,,,10/27/2012,1935,12-03998,RUSSELL BL,PORTAGE BAY EAST,,,21802(a)vc,Broadside,1,,,,,,,,,Other motor vehicle,,No pedestians involved,Controls functioning,
,1,,,,,,,,,,,,,,,,,,,,,,,10/28/2012,0,12-04009,SYCAMORE LN,RUSSELL BLVD,,,21461(a) CVC,Other,1,1.0,1.0,,,,VEHICLE V. BIKE,,,Bicycle,,No pedestians involved,Controls functioning,
,,,,,,,,,,,,,,,,,,,,,,,,10/28/2012,1430,12-04011,ALHAMBRA DR,MACE BL,,,22350 CVC,Hit object,,,,,,,,,,Fixed object,LIGHT POLE,No pedestians involved,No controls present/factor,
1,,,,,,,,,,,1,,,,,,,,,,,,,10/30/2012,915,12-04030,SYCAMORE LANE,ALVARADO AVE,,,22107 CVC,Vehicle-pedestrian,1,,,,1.0,,,,,Pedestrian,,Not in road,No controls present/factor,
,,,,,,1,,,1,,,,,,,,,,1,,1,,,10/31/2012,2056,12-04047,F ST,5TH ST,,,21801(a) CVC,Broadside,1,,,,,,,,,Other motor vehicle,,No pedestians involved,Controls functioning,A two for one deal 3 years
,,,,,,1,,,1,,,,,,,,,,1,,1,,,10/31/2012,2259,12-04048,F STREET,5TH STREET,,,21801 (a) cvc,Head-on,,,,,,,,,,Other motor vehicle,,No pedestians involved,Controls functioning,after the decision to change 5th
,,,,,,,,,,,,,,,,,,,,,,,,11/2/2012,2235,12-04091,RICHARDS BL,E/B I-80 ON RAMP,,,22350 CVC,Hit object,1,,,,,,,,,Fixed object,,No pedestians involved,Controls functioning,
,,,,,,,,,,,,,,,,,,,,,,,,11/4/2012,253,12-04115,1125 H ST,.1 MILES NORTH OF 11TH STREET,,,23152 (a) CVC,Broadside,,,,,,,,,,Parked motor vehicle,,No pedestians involved,No controls present/factor,
,,,,,1,,,,,,,,,,,,,,,,,1,,11/4/2012,1039,12-04117,2ND ST,L ST,,,22350 CVC,Hit object,,,,,,,,,,Fixed object,STREET SIGN / CEMENT WALL,No pedestians involved,No controls present/factor,
,,,,,,,1,,,,,,,,,,,,,,,,1,11/4/2012,1259,12-04119,W 8TH ST,MILLER DR,,,21802(a) vc,Broadside,2,,,,,,,,,Other motor vehicle,,No pedestians involved,Controls functioning,
,,,,,1,,,,,,,,,,,,,,,,,,,11/5/2012,850,12-04126,SECOND ST,MACE BLVD,,,22350 VC,Rear end,2,,,,,,,,,Other motor vehicle,,No pedestians involved,No controls present/factor,
,1,,,,,,,,,,,,,,1,,,,,,,,,11/5/2012,840,12-04128,RICHARDS BL,OLIVE DR,,,22350 VC,Other,1,1.0,1.0,,,,SOLO BICYCLE,,,Fixed object,CURB,No pedestians involved,Controls functioning,
,,,,,,1,,1,,,,,,,,,,,1,1,1,,,11/6/2012,1845,12-04155,5TH STREET,B STREET,,,,Broadside,1,,,,,,,,,Other motor vehicle,,No pedestians involved,Controls functioning,
,1,,,,,,,1,,,,,,,,,,,1,1,,,,11/16/2012,940,12-04279,B ST,3RD ST,,,21453(a)VC,Other,1,1.0,1.0,,,,VEH VS BIKE,,,Bicycle,,No pedestians involved,Controls functioning,
,,,,,,,,,,,,,,1,,,,,,,,,,11/16/2012,1528,12-04282,L ST,COVELL PL,,,,Hit object,1,,,,,,,,,Fixed object,,No pedestians involved,No controls present/factor,
,,,,,,,,,,,,,,,,,,,1,,1,,,11/16/2012,2010,12-04286,FIFTH STREET,D STREET,,,21802(a) VC,Broadside,1,,,,,,,,,Other motor vehicle,,No pedestians involved,Controls functioning,
,,,,,,,,,1,,,,,,,,,,,,,,,11/17/2012,1059,12-04292,F ST,,12TH ST,,22350 CVC,Broadside,,,,,,,,,,Parked motor vehicle,,No pedestians involved,Controls functioning,
,,,,,,,,,,,,1,,,,,,,,,,,,11/17/2012,2308,12-04295,ANDERSON RD,ALVARADO AV,,,22350 VC,Hit object,,,,,,,,,,Fixed object,ISLAND,No pedestians involved,No controls present/factor,
,1,,,,,,1,,,,,,,,,,,,,,,,,11/19/2012,1655,12-04309,H ST,,E 8TH ST.,,22350 VC,Other,1,1.0,1.0,,,,SOLO BIKE,,,Fixed object,CENTER MARKER,No pedestians involved,No controls present/factor,
,,,,,,,,,,,,,,,,,,,,,,,,1/6/2012,0,12-04323,5TH ST,CANTRILL DR,,,,Hit object,,,,,,,,,,Fixed object,FIRE HYDRANT,No pedestians involved,No controls present/factor,
,,,,,,,1,,,,,,,,,,,,,,,,,11/23/2012,310,12-04335,EAST 8TH ST,.1 MILES WEST OF L STREET,,,22350 cvc,Hit object,1,,,,,,,,,Fixed object,TREE,No pedestians involved,No controls present/factor,
1,,1,1,,,,,1,,,,,,,,,,,,,,,,11/27/2012,1140,12-04367, EAST 14TH ST,B STREET,,,21950(a)VC,Vehicle-pedestrian,1,,,,1.0,,,,,Pedestrian,,Crossing in crosswalk at intersection,Controls functioning,
,,,,,,,,,,,,,,,,,,,,,,,,11/27/2012,1722,12-04369,RUSSELL BL,SYCAMORE LN,,,22350 CVC,Rear end,,,,,,,,,,Parked motor vehicle,,No pedestians involved,Controls functioning,
,1,,,,,,,,,,,,,,,,,,,,,,,11/29/2012,1800,12-04398,RUSSELL BL,ORCHARD PARK DR,,,vc 21201(d),Other,1,1.0,1.0,,,,VEHICLE VS BICYCLE,,,Bicycle,,No pedestians involved,No controls present/factor,
,,,,,,,,,,,,,,,,,,,,,,,,12/1/2012,133,12-04417,DREW CIRCLE,COWELL BLVD,,,23152(a),Side swipe,,,,,,,,,,Parked motor vehicle,,No pedestians involved,Controls functioning,22350(a)
,1,,,,,1,,,,,,,,,,,,,1,,1,,,12/1/2012,2200,12-04439,5TH ST,G ST,,,22400(A) VC,Other,1,1.0,1.0,,,,AUTO V. BIKE,,,Bicycle,,No pedestians involved,Controls functioning,
,1,,,,,,,,,,,,,,,,1,,,,,,,12/2/2012,2200,12-04446,RUSSELL BL,NB SR 113 OFF-RAMP,,,,Other,1,1.0,1.0,,,,AUTO VS. BIKE,,,Bicycle,,No pedestians involved,Controls functioning,
,,,,,1,,,,,,,,,,,,,,,,,,,12/4/2012,1710,12-04474,MACE BL,2ND STREET,,,22350 CVC,Rear end,1,,,,,,,,,Other motor vehicle,,No pedestians involved,Controls functioning,
,1,,,,,,,,,,,,,,,,,,,,,,,11/28/2012,1700,12-04481,COVELL BLVD,SB OFF RAMP SR113,,,21650.1 VC,Other,1,1.0,1.0,,,,AUTO V. BIKE,,,Bicycle,,No pedestians involved,Controls functioning,
1,,,,,,,,,,,,,,,,,,,,,,,,12/6/2012,1725,12-04500,5TH ST,CANTRILL DR,,,21950(a),Vehicle-pedestrian,1,,,,1.0,,,,,Pedestrian,,Crossing in crosswalk at intersection,No controls present/factor,
,,,,,,,,,,,1,,,,,,,,,,,,,12/8/2012,1733,12-04517,COVELL,SYCAMORE,,,21453(a)VC,Broadside,,,,,,,,,,Other motor vehicle,,No pedestians involved,Controls functioning,
,,,,,,,1,,,,,,,,,1,,,,,,,,12/10/2012,2100,12-04533,E 8TH ST,POLE LINE ROAD,,,21801 vc,Broadside,1,,,,,,,,,Other motor vehicle,,No pedestians involved,Controls functioning,
,,,,,,,,,,,,,,,,,,,,,,,,12/13/2012,1949,12-04565,CHILES RD,MACE BLVD,,,23152(a) CVC,Hit object,,,,,,,,,,Fixed object,WATER MAIN,No pedestians involved,Controls functioning,
,,,1,,,,,,,,,,,1,,,,,,,,,,12/16/2012,2147,12-04597,E COVELL BL,BIRCH LANE,,,22107 CVC,Side swipe,,,,,,,,,,Other motor vehicle,,No pedestians involved,Controls functioning,
,,,,,1,,,,,,,,,,,,,,,,,,,12/18/2012,1538,12-04624,MACE BL,2ND ST,,,23153(a) ,Rear end,1,,,,,,,,,Other motor vehicle,,No pedestians involved,Controls functioning,
1,,,1,,,,1,,,,,,,,,,,,,,,,,12/18/2012,1805,12-04626,E 8TH ST,L ST,,,21950(a) CVC,Vehicle-pedestrian,1,,,,1.0,,,,,Pedestrian,,Crossing in crosswalk at intersection,Controls functioning,
,,,,,,,,,,,,,,,,,,,,,,,,12/27/2012,26,12-04707,WESTBOUND INTERSTATE 80 OFFRAMP,MACE BLVD,,,23152 (a) CVC,Hit object,,,,,,,,,,Fixed object,RAISED CEMENT GORE POINT,No pedestians involved,Controls functioning,
,,,,,,,,,,,,,,,,,,,,,,,,12/30/2012,127,12-04739,RADCLIFFE DR,APPLE LN,,,23152(a) VC,Hit object,,,,,,,,,,Fixed object,CITY LIGHT POLE,No pedestians involved,No controls present/factor,
,,,,,,,,,,,,,,,,,,,,,,,,12/11/2012,1900,12-04748,COWELL BLVD,OHLONE ST,,,22107 vc,Broadside,,,,,,,,,,Other motor vehicle,,No pedestians involved,No controls present/factor,
,1,,,,,,,,,,,,,,,,,,,,,1,,1/1/2013,1941,13-00009,3RD ST,L STREET,,,22107 CVC,Other,1,1.0,1.0,,,,,,,Bicycle,,No pedestrians involved,Controls functioning,
,,,,,,,,,,,,,,,,1,,,,,,,,1/7/2013,1105,13-00077,5TH ST,,POLE LINE RD,,22350vc,Rear end,2,,,,,,,,1,Other motor vehicle,,No pedestrians involved,Controls functioning,
,,,,,,,,,,,,,,,,,,,,,,,,1/7/2013,2210,13-00089,MACE BL,,CHILES RD,,,Side swipe,,,,,,,,,1,Other motor vehicle,,No pedestrians involved,Controls functioning,
,1,,1,,,,1,1,,,,,,,,,,,,,,,1,1/8/2013,1728,13-00106,E 8TH ST,,B ST.,,21801(a) CVC,Broadside,1,1.0,1.0,,,,,,,Bicycle,,No pedestrians involved,Controls functioning,
,,,,,,,,,,,,,,,,1,,,,,,,,1/8/2013,1849,13-00108,POLE LINE RD,,COWELL BLVD,,21453 (a)VC,Broadside,2,,,,,,,,1,Other motor vehicle,,No pedestrians involved,Controls functioning,
,,,,,,,,,,,,,1,,,,,,,,,,,1/11/2013,128,13-00140,RUSSELL BL,ANDERSON,,,23152(A)VC,Rear end,,,,,,,,,,Parked motor vehicle,,No pedestrians involved,No controls present/factor,
,1,,1,,,,,1,,,,,,,,,,,,,,,,1/11/2013,750,13-00142,W 14TH ST,B ST,,,21801(a) CVC,Other,1,1.0,1.0,,,,VEH V. BIKE,,,Bicycle,,No pedestrians involved,No controls present/factor,
1,,,,,,1,,,1,,,,,,,,,,1,,1,,,1/11/2013,1955,13-00153,5TH ST,F ST,,,21950(a) VC,Vehicle - pedestrian,2,,,,2.0,,,,,Pedestrian,,Crossing - not in crosswalk,Controls functioning,
,,,,1,,,,,,,,,,,,,,,1,,,,,1/12/2013,10,13-00157,1ST ST,E ST,,,23152(a)VC,Rear end,,,,,,,,,1,Other motor vehicle,,No pedestrians involved,No controls present/factor,
,,,,,,,,,,,,,,,,1,,,,,,,,1/13/2013,1045,13-00172,POLE LINE RD,,DONNER AVE,,22350 VC,Hit object,,,,,,,,,,Fixed object,STOP SIGN,No pedestrians involved,Controls functioning,
,1,,,,,,,,,,,,,1,,,,,,,,,,1/14/2013,1541,13-00185,L ST,,E COVELL BLVD,,21950(a) cvc,Other,1,1.0,1.0,,,,BICYCLE,,,Bicycle,,No pedestrians involved,Controls functioning,
,1,,,,,,,,,,,,,,1,,,,,,,,,1/15/2013,2310,13-00204,OLIVE DRIVE,,RICHARDS BLVD,,21801(A) VC,Other,1,1.0,1.0,,,,BICYCLE,,,Bicycle,,No pedestrians involved,Controls functioning,
,,,,,,,,,1,,,,,1,,,,,,,,,,1/17/2013,1124,13-00216,W COVELL BL,F ST,,,22106 CVC,Rear end,1,,,,,,,,1,Other motor vehicle,,No pedestrians involved,Controls functioning,
,,,,,,,,,,,,,,,,,,,,,,,,1/17/2013,2330,13-00238,RUSSELL BL,,OAK AVE,,21801(a) CVC,Side swipe,,,,,,0,,,1,Other motor vehicle,,No pedestrians involved,Controls functioning,
,,,,,,,,,,,,,,,,,,,1,,,,,1/24/2013,700,13-00308,3RD STREET,,C STREET,,21802(a),Broadside,,,,,,,,,1,Other motor vehicle,,No pedestrians involved,Controls functioning,
,,,,,,,,,,,,,,,,,,,,,,1,,1/25/2013,1644,13-00329,J ST,,4TH ST,,21802(a) VC,Broadside,1,,,,,,,,1,Other motor vehicle,,No pedestrians involved,Controls functioning,
1,,,1,,,,,,,,,,,,,,,,,,,,,1/28/2013,1800,13-00364,COWELL BL,,LILLARD DR,,21950(B) CVC,Vehicle - pedestrian,1,,,,1.0,,,,,Pedestrian,,Crossing in crosswalk at intersection,Controls functioning,
,,,,,,,,,,,,,,,,,,,1,,,,,1/29/2013,2114,13-00377,E STREET,SECOND STREET,,,23152 VC,Side swipe,1,,,,,,,,,Parked motor vehicle,,No pedestrians involved,Controls functioning,
,,,,,,,,,,,,,,1,,,,,,,,,,1/29/2013,1900,13-00391,1414 E COVELL BL,IN FRONT OF 1414 E COVELL BL AT MEDIAN STRIP,,,22107 CVC,Side swipe,,,,,,,,,1,Other motor vehicle,AT MEDIAN,No pedestrians involved,No controls present/factor,
,1,,1,,,,,,,,,,,,,,,,,,,,,1/31/2013,2220,13-00402,IFO 2709 LILLARD DR,,,,21650.1 cvc,Head on,1,,,,,,,,,Bicycle,,No pedestrians involved,No controls present/factor,
,,,,,,,,,,,,,,,,,,,,,,,,2/1/2013,426,13-00403,REASEARCH PARK DR,COWELL BLVD,,,22350,Hit object,,,,,,,,,,Fixed object,CURB,No pedestrians involved,Controls functioning,
,1,,,,,,,,,,,,1,,,,,,,,,,,2/4/2013,1405,13-00449,RUSSELL BL,ANDERSON RD,,,22107 CVC,Other,1,1.0,1.0,,,,,,,Bicycle,,No pedestrians involved,No controls present/factor,
,,,,,,,,,,,,,,,,,,,,,,,,2/5/2013,1347,13-00467,RUSSELL BL,,OAK AV,,21451(a) VC,Broadside,1,,,,,,,,1,Other motor vehicle,,No pedestrians involved,Controls functioning,
,,,,,,,,,,,,,,,,,,,,,,,,2/5/2013,1300,13-00469,I80,,MACE BLVD,,22350,Rear end,,,,,,,,,1,Other motor vehicle,,No pedestrians involved,Controls functioning,
,,,,,,,,,,,,,,1,,,,,,,,,,2/4/2013,1811,13-00474,E COVELL BL,L STREET,,,21804 vc,Broadside,,,,,,0,,,1,Other motor vehicle,,No pedestrians involved,Controls functioning,
,,,,,,,,,,,,,,,,1,,,,,,,,2/6/2013,1702,13-00491,POLE LINE RD,5TH STREET,,,21804(a),Other,,,,,,,,,1,Other motor vehicle,,No pedestrians involved,No controls present/factor,
,,,,,,,,,,,,,,,,,,,,,,,,2/6/2013,2055,13-00494,ANDERSON RD,,RADCLIFFE DR,,22350 VC,Rear end,,,,,,0,,,1,Other motor vehicle,,No pedestrians involved,Controls functioning,
,,,,,,,,,,,,,,,,,,,1,,,,,2/11/2013,18,13-00554,H STREET,,3RD STREET,,23152(a) VC,Other,,,,,,,SOLO MOTORCYCLE,,,Non collision,,No pedestrians involved,Controls functioning,
,,,,,,,,,,,,,,,1,,,,,,,,,2/11/2013,1250,13-00561,OLIVE DR,RICHARDS BLVD,,,22350VC,Hit object,1,,,,,,,,,Fixed object,LIGHT POLE FOOTING,No pedestrians involved,No controls present/factor,
,,,,,,,,,,,,,,,,,,,,,,,,2/12/2013,2354,13-00585,RUSSELL BLVD.,OAK AVE.,,,22350 CVC,Rear end,2,,,,,,,,1,Other motor vehicle,,No pedestrians involved,Controls functioning,
,1,,,,,,,,,,,,,,,,,,,,,,,2/15/2013,0,13-00625,ARTHUR ST,,COLUSA AVENUE,,22450(a) CVC,Other,1,1.0,1.0,,,,BIKE V. VEHICLE,,,Bicycle,,No pedestrians involved,No controls present/factor,
,,,,,,,,,,,,,,,,,,,,,,,,2/17/2013,830,13-00650,RIO GRANDE ST,,,,22350,Head on,,,,,,,,,1,Other motor vehicle,,No pedestrians involved,No controls present/factor,
,,,,,,,,,,,,,,,,,,,,,,,,2/19/2013,2120,13-00689,RUSSELL BL,,OAK AVE,,21801(a),Broadside,1,,,,,,,,1,Other motor vehicle,,No pedestrians involved,Controls functioning,
,,,,,,,,,,,,,,,,,,,1,,,,,2/20/2013,1622,13-00715,"PARKING LOT, 230 E ST",,,,22350vc,Head on,,,,,,0,,,,Parked motor vehicle,,No pedestrians involved,No controls present/factor,
1,,,,,,,,,1,,,,,,,,,,1,,,,,2/24/2013,201,13-00758,F ST,4TH ST,,,22106 VC,Vehicle - pedestrian,1,,,,1.0,,,,,Pedestrian,,In road - includes shoulder,No controls present/factor,
,,,,,,1,,,,,,,,,,,,,,,,1,,2/24/2013,130,13-00761,426 K ST,5TH ST,,,,Side swipe,,,,,,,,,1,Other motor vehicle,,No pedestrians involved,No controls present/factor,
,,,,,,,,,,,,,,,,,,,,,,,,2/26/2013,1215,13-00792,1431 W COVELL BL,,,,,Other,,,,,,,TIRE RUB,,,Other object,,No pedestrians involved,No controls present/factor,
,,,1,,,,,,,,,,,1,,,,,,,,,,3/4/2013,1030,13-00866,COVELL BLVD,BIRCH LN,,,22350vc,Rear end,,,,,,0,,,1,Other motor vehicle,,No pedestrians involved,Controls functioning,
,1,,,,,,,,,,,,,,,,,,,,,,,3/6/2013,800,13-00906,771 POLE LINE RD,,,,21650.1 CVC,Other,1,1.0,1.0,,,,VEHICLE V BIKE,,,Bicycle,,No pedestrians involved,Controls functioning,
,,,,,,,,,,,,,,,,,,,1,,,,,3/6/2013,1430,13-00914,3RD ST,,JUST EAST OF D ST,,22107cvc,Rear end,,,,,,,,,1,Other motor vehicle,,No pedestrians involved,No controls present/factor,
,,,,,,,,,,,,,,,,,,,1,,,,,3/8/2013,1530,13-00949,234 G ST,3RD ST,,,VC 22107,Other,,,,,,,,,,Parked motor vehicle,,No pedestrians involved,No controls present/factor,
,,,,,,,,,,,,,,,,,,,,,,,,2/23/2013,200,13-00953,HAUSSLER DR,GREGORY PL,,,22100(B) VC,Rear end,,,,,,,,,,Parked motor vehicle,,No pedestrians involved,No controls present/factor,
,,,,,,1,,,,,,,,,,,,,1,1,1,,,3/9/2013,1121,13-00957,5TH ST,B ST,,,,Side swipe,,,,,,,,,1,Other motor vehicle,,No pedestrians involved,Controls functioning,
,,,,,,,,,,,,,,,,,,,,,,,,3/9/2013,1248,13-00958,RICHARDS BLVD,EB I-80 OFFRAMP X WITH  RICHARDS BLVD,,,,Head on,2,,,,,,,,1,Other motor vehicle,,No pedestrians involved,Controls functioning,
,,,,,,,,,,,,,,,,1,,,,,,,,3/14/2013,1655,13-01021,MOORE BL,,POLE LINE RD,,21802(a)VC,Head on,1,,,,,,,,1,Other motor vehicle,,No pedestrians involved,Controls functioning,
,,,,,,,,,,,,,,,,,,,,,,,,3/15/2013,1705,13-01042,4400 BLK OF CHILES RD,,,,Other Than Driver,Rear end,1,,,,,,,,1,Other motor vehicle,,No pedestrians involved,Controls functioning,
,,,,,,,,,,,,,,,,,,,1,,,,,3/16/2013,1045,13-01052,F ST. (300 BLOCK),,,,22107,Rear end,,,,,,,,,,Parked motor vehicle,,No pedestrians involved,Controls functioning,
,1,,,,,,,,,,,,,,,,,,,,,,,3/17/2013,1456,13-01060,GREENBELT,FRANCISCO PL,,,,Other,1,1.0,1.0,,,,SOLO BICYCLE,,,Non collision,,No pedestrians involved,No controls present/factor,
,,,,,,,,,1,,,,,,,,,,,,,,,3/19/2013,2223,13-01088,F ST,10TH ST,,,23152,Side swipe,,,,,,,,,,Parked motor vehicle,,No pedestrians involved,Controls functioning,
,,,,,,,,,,,,,,,,,,,,,,,,3/22/2013,1514,13-01128,CHILES RD,,I80 WB OFF-RAMP,,22350 cvc,Rear end,1,,,,,,,,1,Other motor vehicle,,No pedestrians involved,Controls functioning,
,,,,,,,,,,,,,,,,,,,1,,,,,3/22/2013,2005,13-01134,THIRD ST,,C ST,,22106 VC,Other,,,,,,,,,1,Motor vehicle on other roadway,,No pedestrians involved,Controls functioning,
,,,,,,,,,1,,,,,,,,,,,,,,,3/23/2013,313,13-01136,100 GRANDE AV,,F STREET,,23152 (a) cvc,Other,,,,,,,,,,Parked motor vehicle,FENCE,No pedestrians involved,No controls present/factor,
,,,,,,,,,,,,,,,,,,,,,,,,3/24/2013,1107,13-01148,9TH ST,H ST.,,,,Rear end,,,,,,,,,,Parked motor vehicle,,No pedestrians involved,Controls functioning,
,,,,,1,,,,,,,,,,,,,,,,,1,,3/24/2013,1510,13-01153,2ND ST,L ST,,,22350 CVC,Rear end,1,,,,,,,,1,Other motor vehicle,,No pedestrians involved,Controls functioning,
,,,,,,,,,,,,,,1,,,,,,,,,,3/24/2013,2102,13-01155,EAST COVELL BLVD,CO ROAD 104,,,22350 CVC,Hit object,,,,,,0,,,,Other object,COUCH,No pedestrians involved,Controls functioning,
,1,,,,,,,1,,,,,,,,,,,1,1,,,,3/25/2013,1906,13-01180,1ST ST,,B STREET,,22450a CVC,Other,1,1.0,1.0,,,,VEH VS BIKE,,,Bicycle,,No pedestrians involved,Controls functioning,
,,,,,,,,,,,,,,,,,,,,,,,,3/31/2013,250,13-01254,L ST,DUKE DR,,,22350 CVC,Broadside,,,,,,,,,1,Other motor vehicle,,No pedestrians involved,No controls present/factor,
,,,,,,,,,,,,,,,,,,,,,,,,3/31/2013,2229,13-01259,CABOT ST.,ARLINGTON BLVD.,,,23152(a) VC,Hit object,,,,,,,,,,Fixed object,"BRUSH, TREE, FENCE",No pedestrians involved,No controls present/factor,
,,,,,,,,,,,,,,,,,,,,,,,,4/1/2013,1055,13-01273,PARKING LOT FOR 23 RUSSELL BL,,,,22106,Rear end,,,,,,,,,1,Other motor vehicle,,No pedestrians involved,Controls functioning,
,,,,,,,,,,,,,,,,,,,,,,,,4/5/2013,2244,13-01339,REGIS DR,FIG LN,,,22106 ,Broadside,,,,,,,,,,Parked motor vehicle,,No pedestrians involved,No controls present/factor,
,1,,,,,,,,,,,,,1,,,,,,,,,,4/6/2013,900,13-01344,MONARCH LN,,COVELL BLVD,,21803(a) CVC,Broadside,1,1.0,1.0,,,,,,,Bicycle,,No pedestrians involved,Controls functioning,
,,,,,,,,,,,,,,,,,,,,,,,,4/9/2013,0,13-01392,GRANDE AV,CATALINA DR,,,22106,Broadside,1,,,,,,,,1,Other motor vehicle,,No pedestrians involved,No controls present/factor,
,,,1,,,,,,,,,,,,,,,,,,,,,4/9/2013,1804,13-01394,E 14TH ST, SEQUOIA PLACE,,,21801(a) CVC,Head on,1,,,,,,,,1,Other motor vehicle,,No pedestrians involved,Controls functioning,