Ped,Bike,Bike Loop,School Area,1st St,E 2nd St,5th St,8th St,B St,F St,J St N,North Sycamore,North Anderson,North Anderson,East Covell,Olive Drive,Pole Line,West Russell,Russell,Downtown,University Rice,Old North,Old East,A St,DATE,TIME,REPORT,STREET 1,STREET 2,DISTANCE,DIRECTION,PRIMARY CAUSE,COLLISION TYPE,INJURY,Bike,5 Year Bike,5 Year  Ped,Ped,FATAL,TYPE OF COLLISION,VEHICLE 1,VEHICLE 2,INVOLVED WITH,OBJECT HIT,PEDESTRIAN ACTION,TRAFFIC CONTROL DEVICES,NOTES
,,,,,,,,,,,,,,,,,,,,,,,,4/12/2013,1840,13-01446,EL CEMONTE AV,GLIDE DR.,,,21460.5 VC,Side swipe,,,,,,0,,,1,Other motor vehicle,,No pedestrians involved,No controls present/factor,
,,,,,,,,1,,,,,,,,,,,1,1,,,,4/13/2013,1119,13-01458,300 2ND ST,B STREET,,,22106 vc,Broadside,,,,,,,,,1,Other motor vehicle,,No pedestrians involved,Controls functioning,
,,,,,,,,,,,,,,,,,,,,,,,,4/15/2013,654,13-01480, MACE BL,,,,21453(a)VC,Broadside,,,,,,,,,1,Other motor vehicle,,No pedestrians involved,Controls functioning,
,,,,,,,,,,,,,,,,,,1,,,,,,4/16/2013,2000,13-01511,RUSSELL BL,,IN FRONT OF 445 RUSSELL BLVD,,22350,Rear end,2,,,,,,,,1,Other motor vehicle,,No pedestrians involved,Controls functioning,
,,,,1,,,,1,,,,,,,,,,,1,1,,,,4/17/2013,815,13-01529,B ST,,1ST ST,,22350vc,Rear end,1,,,,,,,,1,Other motor vehicle,,No pedestrians involved,Controls functioning,
,1,,,,,,,,,,,,,,,,,,1,,,,,4/17/2013,1717,13-01530,3RD ST,,E ST,,21802(a),Broadside,1,1.0,1.0,,,,,,,Bicycle,,No pedestrians involved,Controls functioning,
,,,,,,,,,,,,,,,,,,,,,,,,4/17/2013,700,13-01532,2035 LYNDELL TR,,,,22350 (a) CVC,Rear end,,,,,,,,,,Parked motor vehicle,,No pedestrians involved,No controls present/factor,
,1,1,1,,,,,,,,,,,,,,,,,,,,,4/19/2013,30,13-01553,B ST,,14TH STREET,,22350 (a) CVC,Other,1,1.0,1.0,,,,,,,Bicycle,,No pedestrians involved,Controls functioning,
,,,,,,,,,,,,,1,,,,,,,,,,,4/21/2013,810,13-01622,RUSSELL BL,,ANDERSON RD,,22350 CVC,Rear end,1,,,,,,,,1,Other motor vehicle,,No pedestrians involved,Controls functioning,
,,,,,,1,,,,,,,,,,,,,1,,1,,,4/23/2013,1200,13-01648,5TH ST,G ST,,,21801(a)VC,Broadside,2,,,,,,,,1,Other motor vehicle,,No pedestrians involved,No controls present/factor,
,,,,,,,,,,,,,,,,,,,,,,,,4/23/2013,1945,13-01657,DREW CI,COWELL BL,,,VC 22106,Side swipe,,,,,,,,,1,Other motor vehicle,,No pedestrians involved,No controls present/factor,
,,,,,,,,,,1,,,,,,,,,,,,,,4/25/2013,1500,13-01689,J ST,ALICE DR,,,,Side swipe,,,,,,0,,,,Other object,UNKNOWN OTHER OBJECT,No pedestrians involved,No controls present/factor,
,,,,,1,,,,,,,,,,,,,,,,,,,4/27/2013,1130,13-01700,MACE BL,,2ND ST,,22350 CVC,Rear end,,,,,,,,,1,Other motor vehicle,,No pedestrians involved,Controls functioning,
,,,,,,,,,,,,,,,,,,,1,,,,,4/28/2013,2340,13-01716,G STREET,3RD STREET,,,22350,Rear end,,,,,,,,,,Parked motor vehicle,,No pedestrians involved,Controls functioning,
,,,,,1,,,,,,,,,,,,,,,,,,,4/26/2013,1230,13-01727,4601 2ND ST,,,,,Side swipe,1,,,,,,,,,Parked motor vehicle,,Not in road,No controls present/factor,
,,,,,,1,,,,,,,,,,,,,1,,,,,5/1/2013,1412,13-01743,5TH ST,5TH ST,,,21804vc,Broadside,,,,,,0,,,1,Other motor vehicle,,No pedestrians involved,No controls present/factor,
,,,,,,,,,,,,,,,,,,,,,,,,5/1/2013,1709,13-01747,RUSSELL BL,,OAK AVE,,21801(a),Broadside,,,,,,,,,1,Other motor vehicle,,No pedestrians involved,Controls functioning,
,1,,,,,,,,,,,,,,,,,,,,,1,,5/3/2013,758,13-01763,L ST,,3RD ST,,21802a CVC,Other,1,1.0,1.0,,,,AUTO V BIKE,,,Bicycle,,No pedestrians involved,Controls functioning,
,1,,,,,,,,,,,,,,,,,,,,,,,5/3/2013,1000,13-01766,OAK AV,,8TH ST,,22107 cvc,Other,1,1.0,1.0,,,,AUTO V BIKE,,,Bicycle,,No pedestrians involved,Controls functioning,
,,,,,,,1,1,,,,,,,,,,,,,,,,5/3/2013,1840,13-01784,E 8TH STREET,,B STREET,,22350 VC,Rear end,1,,,,,,,,1,Other motor vehicle,,No pedestrians involved,Controls functioning,
,,,,,,,,,,,,,,,,,,,,,,1,,5/4/2013,227,13-01794,4TH ST,I ST,,,22350 VC,Head on,1,,,,,,,,,Parked motor vehicle,,No pedestrians involved,Controls functioning,
,,,,,,,,,,,,,,1,,1,,,,,,,,5/5/2013,1824,13-01809,POLE LINE RD,E COVELL BLVD,,,22350 VC,Rear end,2,,,,,,,,1,Other motor vehicle,,No pedestrians involved,Controls functioning,
,1,,,,,,,,,,,,,,,,,,,,,1,,5/4/2013,2115,13-01818,L ST,,3RD ST,,21802(a) vc,Broadside,1,1.0,1.0,,,,,,,Bicycle,,No pedestrians involved,Controls functioning,
,1,,,,,,,,,,,,,,,,,,,,,,,5/9/2013,830,13-01871,PARKING LOT OF 3100 5TH ST,,,,,Other,1,1.0,1.0,,,,VEH VS BIKE,,,Bicycle,,No pedestrians involved,No controls present/factor,
,,,,,,,,,,,,,,,,,,,,,,,,5/10/2013,1741,13-01912,COWELL BL,DREW AVE,,,CVC 22350,Rear end,2,,,,,,,,1,Other motor vehicle,,No pedestrians involved,Controls functioning,
,,,,,,,,,,,,,,,,,,,,,,,,5/11/2013,1700,13-01926,RESEARCH PARK DR,RICHARDS BL,,,vc 21801(a),Broadside,1,,,,,,,,1,Other motor vehicle,,No pedestrians involved,No controls present/factor,
,,,,,,,,,,,,1,,,,,,,,,,,,5/11/2013,100,13-01928,ANDERSON ROAD,BIANCO CT,,,,Side swipe,,,,,,,,,,Parked motor vehicle,,No pedestrians involved,No controls present/factor,
,,,,,,,,,,,,,,,,1,,,,,,,,5/15/2013,2022,13-01976,POLE LINE RD,5TH STREET,,,CVC 21201(a),Hit object,1,,,,,,SOLO,,,Fixed object,CEMENT SIDEWALK,No pedestrians involved,No controls present/factor,
,,,,,,,,,,,,,,,,,,,,,,,,5/15/2013,2206,13-01977,WEST COVELL,,HIGHWAY 113 SB ONRAMP,,,Broadside,1,,,,,,,,1,Other motor vehicle,,No pedestrians involved,Controls functioning,
,,,,,,,,,1,,,,,,,,,,,,,,,5/16/2013,1220,13-01987,WEST COVELL BOULEVARD,,F ST,,22350 CVC,Rear end,1,,,,,,,,1,Other motor vehicle,,No pedestrians involved,Controls functioning,
,,,,,,,,,,,,,,,1,,,,,,,,,5/17/2013,1120,13-02003,RICHARDS BL,OLIVE DR,,,22350 CVC,Rear end,,,,,,,,,1,Other motor vehicle,,No pedestrians involved,Controls functioning,
,,,,,,,,,,1,,,,1,,,,,,,,,,5/21/2013,1548,13-02067,E COVELL BL,J ST,,,22350 CVC,Rear end,,,,,,,,,1,Other motor vehicle,,No pedestrians involved,Controls functioning,
,1,,,,,,,,,,,,,,,,,,,,,,,5/21/2013,2226,13-02074,LAKE BLVD,ARLINGTON BLVD,,,22107 vc,Broadside,1,1.0,1.0,,,,,,,Bicycle,,No pedestrians involved,Controls functioning,
,1,,,,,,,,,,,,,,,,,,,,,1,,5/22/2013,820,13-02081,L ST,,3RD ST,,21800(a)VC,Other,1,1.0,1.0,,,,CAR VS BIKE,,,Bicycle,,No pedestrians involved,Controls functioning,
,1,,,,,1,,,,,,,,,,,,,,1,,,1,5/22/2013,850,13-02083,RUSSELL BL,,A ST,,21801(a)VC,Other,1,1.0,1.0,,,,VEH VS BIKE,,,Bicycle,,No pedestrians involved,Controls functioning,
,1,,,,,,,,,,,,,,,,,,,,,,,5/24/2013,137,13-02113,I ST,J ST,,,21650.1 VC,Other,1,1.0,1.0,,,,AUTO V. BIKE,,,Bicycle,,No pedestrians involved,No controls present/factor,
,,,,,,,,,,,,,,,,,,,,,,,,5/24/2013,802,13-02115,WEST COVELL BOULEVARD,,SR 113,,21453(a) CVC,Broadside,1,,,,,,,,1,Motor vehicle on other roadway,,No pedestrians involved,Controls functioning,
,,,,,,,,,,,,,,,,,,,,,,,,5/27/2013,416,13-02148,THE OFFRAMP FOR E/B I-80 AT MACE BLVD,CHILES RD,,,23152 VC,Hit object,,,,,,0,,,,Fixed object,CEMENT ISLAND,No pedestrians involved,Controls functioning,
,,,,,,,,,,,,,,,,,,,,,,,,5/29/2013,613,13-02187,OHLONE ST,,MIWOK PL,,23152(a) CVC,Rear end,1,,,,,,,,,Parked motor vehicle,,No pedestrians involved,Controls functioning,
,,,,,,,,,,,,,,,,,,,,,,,,5/29/2013,2150,13-02217,1212 ALVARADO AV,,,,22350VC,Rear end,,,,,,,,,1,Other motor vehicle,,No pedestrians involved,No controls present/factor,
,,,,,,,,,,,,1,,,,,,,,,,,,6/1/2013,322,13-02274,ALVARADO AV,ANDERSON RD,,,,Rear end,,,,,,,,,,Parked motor vehicle,,No pedestrians involved,No controls present/factor,
,1,,,,,,,,,,,,,,,,,,,,,,,5/28/2013,855,13-02319,W COVELL BL,,SR 113,,21201(a)VC,Other,1,1.0,1.0,,,,VEH VS BIKE,,,Bicycle,,No pedestrians involved,Controls functioning,
,,,,,,,,,1,,,,,1,,,,,,,,,,6/5/2013,1752,13-02351,F ST,,COVELL BLVD,,21453(a) VC,Broadside,1,,,,,,,,1,Other motor vehicle,,No pedestrians involved,Controls functioning,
,,,,,,,,,,,,,,,,,,,,,,,1,6/5/2013,2300,13-02353,MILLER DR,SEVENTH ST,,,22350 vc,Side swipe,,,,,,,,,,Parked motor vehicle,,No pedestrians involved,No controls present/factor,
,,,,,,,,,,,,,,,,,,,,,,,,6/7/2013,1822,13-02386,EL CEMONTE DR.,GLIDE DR.,,,21801(a) cvc,Broadside,2,,,,,,,,1,Other motor vehicle,,No pedestrians involved,No controls present/factor,
,,1,1,,,,,,,,,,1,,,,,,,,,,,6/10/2013,1343,13-02423,ANDERSON RD,,VILLANOVA DR,,VC 21453(a),Broadside,3,,,,,,,,1,Motor vehicle on other roadway,,No pedestrians involved,Controls functioning,
,,,,,,,,,1,,,,,1,,,,,,,,,,6/10/2013,1604,13-02428,E. COVELL BLVD,F ST,,,,Rear end,1,,,,,,,,1,Other motor vehicle,,In road - includes shoulder,Controls functioning,
,,,,,,,,,,,,,,,,,,,,,,,,6/10/2013,1945,13-02431,W COVELL BL,,SB OFF RAMP FROM HWY 113,,21453,Broadside,2,,,,,,,,1,Other motor vehicle,,No pedestrians involved,Controls functioning,
,,,,,,,,,,,,,,,,,,,1,,,,,6/12/2013,1315,13-02453,3RD ST,F ST,,,22107VC,Side swipe,,,,,,0,,,,Parked motor vehicle,,No pedestrians involved,No controls present/factor,
,,,,,,1,,,,,,,,,,,,,,,,1,,6/12/2013,1504,13-02457,5TH ST,L ST,,,22106 CVC,Side swipe,1,,,,,,,,1,Other motor vehicle,,No pedestrians involved,No controls present/factor,
,,1,,,,,,,,,,,,,,,,,,,,,,6/13/2013,1226,13-02473,W CHILES RD BIKE PATH,EAST CHILES RD,,,22350VC,Overturned,1,,,,,,,,,Other object,GROUND,No pedestrians involved,No controls present/factor,
,,,,,,,,,,,,,,,,,,,,,,1,,6/15/2013,346,13-02499,L ST,,4TH ST,,21650 vc,Hit object,,,,,,,,,,Fixed object,FENCE,No pedestrians involved,No controls present/factor,
1,,,,,,,1,,,,,,,,,,,,,,,,,6/19/2013,1841,13-02573,E 8TH ST,D ST,,,21954(a),Vehicle - pedestrian,1,,,,1.0,,,,,Pedestrian,,Crossing - not in crosswalk,No controls present/factor,
,,,,,,,,,,,,,,,,,,,,,,,,6/19/2013,2334,13-02577,W CHILES RD,,RESEARCH PARK DRIVE,,23152(a) VC,Hit object,,,,,,,,,,Fixed object,BUSHES,No pedestrians involved,Controls functioning,
,,,,,,,,,,,,,,,,,,,,,,,,6/20/2013,0,13-02589,2501 TEMPLE DRIVE,,,,22350VC,Hit object,1,,,,,,,,,Fixed object,TREE,No pedestrians involved,No controls present/factor,
,,,,,,,1,1,,,,,,,,,,,,,,,,6/24/2013,1130,13-02621,B ST,,8TH ST,,21453(a) CVC,Broadside,1,,,,,,,,1,Other motor vehicle,,No pedestrians involved,Controls functioning,
,,,,,,,,,,,,,,,,1,,,,,,,,6/24/2013,1725,13-02627,POLELINE RD,5TH ST,,,22350 CVC,Rear end,1,,,,,,,,1,Other motor vehicle,,No pedestrians involved,Controls functioning,
,,,,,,,,,,,,,,,,,,,,,,,,6/25/2013,1030,13-02638,300 MACE BL,I-80 WB ON RAMP AT MACE,,,22350VC,Rear end,,,,,,,,,1,Other motor vehicle,,No pedestrians involved,Controls functioning,
,,,,,,,1,,,,,,,,,,,,,,,,,6/27/2013,2347,13-02675,1427 E 8TH ST,,,,22350 VC,Head on,,,,,,,,,,Fixed object,TELEPHONE POLE,No pedestrians involved,Controls functioning,
,,,,,,,,,1,,,,,1,,,,,,,,,,6/29/2013,942,13-02690,W COVELL BL,F ST,,,22107 CVC,Side swipe,2,,,,,,,,1,Other motor vehicle,,No pedestrians involved,Controls functioning,
,,,,,,,,,1,,,,,,,,,,,,,,,6/30/2013,1358,13-02698,E COVELL BL,CR 104,,,23103(a)VC,Overturned,1,,,,,,,,,Non collision,,No pedestrians involved,Controls functioning,
,,,,,,1,,,,,,,,,,,,,,,,1,,7/1/2013,1800,13-02720,600 I ST,5TH ST,,,,Side swipe,,,,,,,,,,Parked motor vehicle,,No pedestrians involved,No controls present/factor,
,,,,,,,,,,,,,,,,,,,,,,1,,7/5/2013,1300,13-02752,3RD ST,I ST.,,,22107 CVC,Side swipe,,,,,,,,,,Parked motor vehicle,,No pedestrians involved,Controls functioning,
,,,,,,,,,,,,,,,,,,,,,,,,7/7/2013,1429,13-02777,W COVELL BL,,HWY 113,,21453,Broadside,3,,,,,,,,1,Other motor vehicle,,No pedestrians involved,Controls functioning,
,1,1,,,,,,,,,,,,,,,,,,,,,,7/8/2013,1120,13-02799,VILLANOVA DR,,CAROB PL,,22350,Other,1,1.0,1.0,,,,SOLO BIKE,,,Fixed object,CURB,No pedestrians involved,No controls present/factor,
,,,,,,,,,,,,,,1,,,,,,,,,,7/10/2013,745,13-02811,E COVELL BL,,L ST,,21801 (a) CVC,Head on,,,,,,,,,1,Other motor vehicle,,No pedestrians involved,No controls present/factor,
,1,,,,,,1,,,,,,,,,,,,,,,,,7/10/2013,1922,13-02837,E 8TH ST,,J ST,,21802(a) VC,Broadside,1,1.0,1.0,,,,,,,Bicycle,,No pedestrians involved,Controls functioning,
,1,,,,,,,,,,,,,,,,,,,,,1,,7/11/2013,1502,13-02850,3RD ST,,I ST.,,21801(a)VC,Other,1,1.0,1.0,,,,AUTO V BIKE,,,Bicycle,,No pedestrians involved,Controls functioning,
,,,,,,,,,,,,,,,,,,,1,,,,,7/11/2013,1854,13-02859,101 F ST PARKING STRUCTURE 2ND FLOOR,,,,22350 PC,Head on,2,,,,,,,,1,Other motor vehicle,,Not in road,No controls present/factor,
,,,,,,,,,,,,,,,,,,,,,,1,,7/14/2013,1627,13-02885,4TH ST,L ST.,,,22107 VC,Broadside,,,,,,,,,1,Other motor vehicle,,No pedestrians involved,No controls present/factor,
,,,,,,,,,,,1,,,,,,,,,,,,,7/17/2013,1311,13-02936,SYCAMORE LN,,COVELL BLVD,,,Broadside,1,,,,,,,,1,Other motor vehicle,,No pedestrians involved,Controls functioning,
,,,,,,,,,,,,,,,,,,,1,,,,,7/17/2013,1719,13-02941,4TH ST,,E STREET,,22106 cvc,Side swipe,,,,,,0,,,,Parked motor vehicle,,No pedestrians involved,Controls functioning,
,,,,,,,,,,,,,,,,,,,1,,,,,7/17/2013,1820,13-02944,C STREET,THIRD STREET,,,22107 VC,Side swipe,,,,,,,,,,Parked motor vehicle,,No pedestrians involved,No controls present/factor,
,,,,,,,,,,,,,,,,1,,,,,,,,7/18/2013,1446,13-02963,POLE LINE ROAD,,FIFTH STREET,,22350 CVC,Rear end,1,,,,,,,,1,Other motor vehicle,,No pedestrians involved,Controls functioning,
,,,,,,,,,,,,,,,,,,,,,,,,7/19/2013,839,13-02968,CHILES RD,,ENSENADA DR,,22350VC,Head on,2,,,,,,,,1,Other motor vehicle,,No pedestrians involved,No controls present/factor,
,1,,,,,,,,,,,,,,,,,,,,,,,7/22/2013,1034,13-03016,MACE BL,,EL MACERO DR,,21802(a)VC,Other,1,1.0,1.0,,,,VEHICLE VS BIKE,,,Bicycle,,No pedestrians involved,Controls functioning,
,,,,,,,,,,,,,,,,,,,,,,,,7/23/2013,226,13-03023,POLE LINE RD,LEHIGH DRIVE,,,22350 vc,Head on,,,,,,,,,,Fixed object,TREE,No pedestrians involved,Controls functioning,
,,,,,,,,,,,,,,,,,,,,,,,,7/25/2013,1250,13-03061,MACE BL,,I-80 (MACE BL OVERCROSSING),,CVC 22350,Rear end,,,,,,,,,1,Other motor vehicle,,No pedestrians involved,No controls present/factor,
,1,,,,,,,,1,,,,,1,,,,,,,,,,7/26/2013,2007,13-03072,F STREET,COVELL BLVD,,,22106 CVC,Other,1,1.0,1.0,,,,AUTO V. BIKE,,,Bicycle,,No pedestrians involved,No controls present/factor,
,,,,,,,,,,,,,,,,,,,,,,,,7/27/2013,1740,13-03086,DRAKE DR,SYCAMORE LN,,,CVC 22103,Broadside,,,,,,,,,1,Other motor vehicle,,No pedestrians involved,No controls present/factor,
,,,,,,,,,,,,,,,,,,,,,,,,8/3/2013,756,13-03185,CARICIA DRIVE,,VISTOSA COURT,,21800 (a) CVC,Broadside,1,,,,,,,,1,Other motor vehicle,,No pedestrians involved,No controls present/factor,
,,,,,,,,,1,,,,,,,,,,1,,,,,8/5/2013,50,13-03208,3RD ST,,F ST,,23152 vc,Broadside,1,,,,,,,,1,Other motor vehicle,,No pedestrians involved,Controls functioning,
,,,,,,,,,,,,,,,,,,,1,,,,,6/26/2013,1330,13-03215,4TH ST,E ST.,,,22106,Rear end,,,,,,,,,,Parked motor vehicle,,No pedestrians involved,No controls present/factor,
,,,,,,,,,1,,,,,,,,,,1,,,,,8/5/2013,1300,13-03236,3RD ST,F ST,,,,Side swipe,,,,,,,,,,Parked motor vehicle,,Not in road,No controls present/factor,
,1,,,,,,,,,,,,,,,,,,,1,,,1,8/6/2013,1614,13-03239,RUSSELL BL,,A ST,,21453(a) CVC,Other,1,1.0,1.0,,,,AUTO V BIKE,,,Bicycle,,No pedestrians involved,Controls functioning,
,1,,,,,,,,,,,,,,,1,,,,,,,,8/6/2013,1614,13-03240,5TH ST,POLE LINE RD,, ,,Other,1,1.0,1.0,,,,SOLO BIKE,,,Non collision,,No pedestrians involved,Controls functioning,
,,,,,,,,,,,,,,,,,,,,,,,,8/6/2013,1850,13-03243,MOORE BL,,ROCKWELL DRIVE,,22350 VC,Overturned,1,,,,,,,,,Non collision,,No pedestrians involved,Controls functioning,
,,,,,,,,,,,,,,,,,,,,,,,,8/7/2013,104,13-03246, REDWOOD LN,,APPROXIMATELY  45 FEET S OF RUTGERS DR,,23152 VC,Hit object,,,,,,0,,,,Fixed object,HOUSE,No pedestrians involved,Controls functioning,
,1,,,,,,,,,,,,,,,,,,1,,,,,8/8/2013,1355,13-03270,F STREET,4TH STREET,,,CVC 22107,Other,1,1.0,1.0,,,,,,,Bicycle,,No pedestrians involved,No controls present/factor,
,,,,,,,,,1,,,,,,,,,,,,,,,8/9/2013,252,13-03277,F ST,,GRANDE AV,,22350,Hit object,,,,,,,,,,Fixed object,HOUSE BEAM AND 2 TREES,No pedestrians involved,No controls present/factor,
,,,,,,,,,,,,,,1,,,,,,,,,,8/16/2013,1531,13-03369,1414 E COVELL BL,,.2 MILES WEST OF POLE LINE ROAD,,21804 (a) CVC,Broadside,,,,,,,,,1,Other motor vehicle,,No pedestrians involved,No controls present/factor,
,,,,,,,,,,,,,,,,,,,,,1,,,8/16/2013,1620,13-03370,D STREET,,6TH STREET,,21802(a) CVC,Broadside,3,,,,,,,,1,Other motor vehicle,,No pedestrians involved,Controls functioning,
,,,,,,,,,1,,,,,1,,,,,,,,,,8/19/2013,950,13-03393,F ST,COVELL BL,,,22350 CVC,Rear end,1,,,,,,,,1,Other motor vehicle,,Crossing in crosswalk not at intersection,Controls functioning,
,1,,,,,,,,,,,,,,,,,,,,,1,,8/19/2013,1429,13-03396,J ST,,4TH ST,,22350 CVC,Other,1,1.0,1.0,,,,SOLO BICYCLE,,,Non collision,,No pedestrians involved,Controls functioning,
1,,,,,,,,,,,,,,,,,,,,,,,,8/19/2013,1958,13-03400,COWELL BL,WASHOE STREET,,,21950(A) VC,Vehicle - pedestrian,1,,,,1.0,,,,,Pedestrian,,Crossing in crosswalk not at intersection,Controls functioning,
,1,,,,,,,,,,,,,,,,,,,,,1,,8/21/2013,1208,13-03418,I ST,,3RD ST,,21802(a)VC,Other,1,1.0,1.0,,,,BIKE VS BIKE,,,Bicycle,,No pedestrians involved,Controls functioning,
,,,,,,,,,,,,,,,,,,,1,,,,,8/21/2013,2200,13-03427,G ST,4TH ST,,,,Side swipe,,,,,,,,,,Parked motor vehicle,,No pedestrians involved,No controls present/factor,
,1,,,,,,,,,,,,,,,,1,,,,,,,8/22/2013,2110,13-03432,RUSSELL BL,,SR-113 (N/B OFFRAMP),,CVC 21461(a),Other,1,1.0,1.0,,,,AUTO V BIKE,,,Bicycle,,No pedestrians involved,Controls functioning,
,,,,,,,,,,,,,,,,,,,,1,,,,8/15/2013,1200,13-03466,3RD ST,A ST,,,,Other,,,,,,,UNK,,,Parked motor vehicle,,No pedestrians involved,No controls present/factor,
,,,,,1,,,,,,,,,,,,,,,,,1,,8/26/2013,339,13-03471,L ST,,2ND STREET,,23152(a) VC,Head on,1,,,,,,,,,Fixed object,BRICK WALL,No pedestrians involved,Controls functioning,
,,,,,,,1,,,,,,,,,,,,,,,,,8/2/2013,0,13-03472,801 D ST,E. 8TH STREET,,,,Other,,,,,,,UNKNOWN,,,Parked motor vehicle,,No pedestrians involved,No controls present/factor,
,,,1,,,,,,,,,,,,,,,,,,,,,8/28/2013,906,13-03499,CATALINA DR,,W COVELL BL,,21800(d)(1),Head on,1,,,,,,,,1,Other motor vehicle,,No pedestrians involved,Controls not functioning,
,,,,,,,,,,,,,,,,,,,,,,1,,8/28/2013,1443,13-03501,4TH STREET,,J STREET,,21802 (a) CVC,Broadside,,,,,,,,,1,Other motor vehicle,,No pedestrians involved,Controls functioning,
,,,,,,,,,,,,,,,,,,,,,,,,8/29/2013,715,13-03507,EL MACERO DR,PUMA CT,,,22350 CVC,Head on,,,,,,0,,,,Parked motor vehicle,,No pedestrians involved,No controls present/factor,
,,,,,,,,,,,,,,1,,1,,,,,,,,8/29/2013,1014,13-03509,POLE LINE RD,,COVELL BLVD,,,Head on,2,,,,,,,,,Fixed object,TELEPHONE POLE,No pedestrians involved,No controls present/factor,
,,,1,,,,,,,,,,,,,,,,,,,,,8/30/2013,1740,13-03541,ARLINGTON BL,,CALAVERAS AV,,CVC 22350,Rear end,,,,,,,,,1,Other motor vehicle,,No pedestrians involved,Controls functioning,
,,,,,,,1,,,,,,,,,1,,,,,,,,9/1/2013,205,13-03563,E 8TH ST,POLELINE RD,,,23152 VC,Side swipe,,,,,,,,,,Parked motor vehicle,,No pedestrians involved,Controls functioning,
,,,,,1,,,,,,,,,,,,,,,,,,,9/1/2013,1813,13-03569,MACE BLVD.,SECOND ST.,,,21804(a) VC,Side swipe,,,,,,,,,1,Other motor vehicle,,No pedestrians involved,No controls present/factor,
,1,,,,,,,,,,,,,,1,,,,,,,,,9/2/2013,1944,13-03580,RICHARDS BLVD.,OLIVE DR.,,,21804(A) CVC,Other,1,1.0,1.0,,,,AUTO V. BIKE,,,Bicycle,,No pedestrians involved,No controls present/factor,
,1,,,,,,,,,,,,,,,,,1,,,,,,9/10/2013,911,13-03698,RUSSELL BL,,CALIFORNIA DR,,21804(a)VC,Other,1,1.0,1.0,,,,VEH VS BIKE,,,Bicycle,,No pedestrians involved,No controls present/factor,
,,,,,,,,,,,,,,,,,1,,,,,,,9/12/2013,750,13-03726,RUSSELL BL,,AURTHER,,22350VC,Rear end,,,,,,0,,,1,Other motor vehicle,,No pedestrians involved,Controls functioning,
1,,1,1,,,,1,,,,,,,,,,,,,,,,,9/13/2013,752,13-03751,315 W 14TH ST,EUREKA ST,,,21950 cvc,Vehicle - pedestrian,1,,,,1.0,,,,,Pedestrian,,Crossing in crosswalk at intersection,No controls present/factor,
,,,,,,,,,,,,,,,,,,,,,,,,9/13/2013,1310,13-03753,CHILES RD,MACE BLVD,,,22350 CVC,Rear end,1,,,,,,,,1,Other motor vehicle,,No pedestrians involved,Controls functioning,
,1,,,,,,,,,,,,,,,,1,,,,,,,9/13/2013,2048,13-03761,RUSSELL BL,,N/B SR 113 OFFRAMP,,CVC 21461(a),Other,1,1.0,1.0,,,,BICYCLE VS VEHICLE,,,Bicycle,,No pedestrians involved,Controls functioning,
,,,,,,,,,,,,,,,,,,,,,,,,9/18/2013,1550,13-03820,STATE ROUTE 113 OFFRAMP,COVELL BLVD,,,,Rear end,,,,,,0,,,1,Other motor vehicle,,No pedestrians involved,Controls functioning,
,1,,,,,,1,1,,,,,,,,,,,,,,,,9/18/2013,1729,13-03823,E 8 TH ST,,B ST,,21801(a),Other,1,1.0,1.0,,,,VEH VS BICYCLE,,,Bicycle,,No pedestrians involved,Controls functioning,
,,,,,,,1,,,,,,,,,1,,,,,,,,9/18/2013,1726,13-03824,POLE LINE RD,,E. 8TH STREET,,22100(b),Other,,,,,,,,,1,Other motor vehicle,,No pedestrians involved,Controls functioning,
,,,1,,,,,,,,,,,1,,,,,,,,,,9/20/2013,820,13-03854,E COVELL BL,MATISSE ST,,,,Head on,,,,,,,,,,Fixed object,TREE BRANCH OVERHANGING ROADWA,No pedestrians involved,No controls present/factor,
,,,,,,,,,,,,,,1,,1,,,,,,,,9/20/2013,1427,13-03857,E COVELL BL,POLE LINE RD,,,22350VC,Hit object,,,,,,0,,,,Fixed object,TREE,No pedestrians involved,No controls present/factor,