Ped,Bike,Bike Loop,School Area,1st St,E 2nd St,5th St,8th St,B St,F St,J St N,North Sycamore,North Anderson,North Anderson,East Covell,Olive Drive,Pole Line,West Russell,Russell,Downtown,University Rice,Old North,Old East,A St,DATE,TIME,REPORT,STREET 1,STREET 2,DISTANCE,DIRECTION,PRIMARY CAUSE,COLLISION TYPE,INJURY,Bike,5 Year Bike,5 Year  Ped,Ped,FATAL,TYPE OF COLLISION,VEHICLE 1,VEHICLE 2,INVOLVED WITH,OBJECT HIT,PEDESTRIAN ACTION,TRAFFIC CONTROL DEVICES,NOTES
,,,,,,,,,,,,,,,,,,,,,,,,9/1/2013,0,13-03858,MACE BL,,CHILES RD,,22350vc,Hit object,,,,,,0,,,,Fixed object,PEDESTRIAN BUTTON,No pedestrians involved,Controls functioning,
,1,,,,,,,,,,,,,,,,,,,,1,,,9/21/2013,1056,13-03871,G STREET,,6TH STREET,,22517 cvc,Other,1,1.0,1.0,,,,VEHICLE VS BICYCLE,,,Bicycle,,No pedestrians involved,No controls present/factor,
,,,,,,,,,,,,,,,,,,,,,,,,9/26/2013,29,13-03920,CHILES RD,CR-105D,,,,Hit object,,,,,,,,,,Fixed object,,No pedestrians involved,No controls present/factor,
,,,,,,,,,,,,,,,,,1,,,,,,,9/23/2013,1800,13-03934,LAKE BL,RUSSELL BL,,,,Rear end,,,,,,,,,1,Other motor vehicle,,No pedestrians involved,No controls present/factor,
,,,,,1,,,,,,,,,,,,,,,,,,,9/26/2013,1850,13-03935,MACE BLVD,2ND STREET,,,22107,Side swipe,,,,,,,,,1,Other motor vehicle,,No pedestrians involved,No controls present/factor,
,,,,,,,,,,,,,,,,,,,1,,,,,9/27/2013,1531,13-03950,317 F ST,,,,22106 VC,Other,,,,,,,V-1 AND V-2 BACKING,,1,Other motor vehicle,,No pedestrians involved,No controls present/factor,
,1,,,,,,1,,,,,,,,,,,,,,,,,9/27/2013,1745,13-03952,W 8TH ST,,ELMWOOD,,VC 21801(a),Other,1,1.0,1.0,,,,BICYCLE VS AUTO,,,Bicycle,,No pedestrians involved,No controls present/factor,
,,,,,,,,,,,,,,,,,,,,,,,,9/27/2013,1924,13-03956,COWELL BL,,RESEARCH PARK DRIVE,,21453(A) CVC,Broadside,3,,,,,,,,1,Other motor vehicle,,No pedestrians involved,Controls functioning,
,,,,,,,,,,,,,,,,,,,,,,,,9/28/2013,1130,13-03967,CHILES RD,ENSENADA DR,,,22107 CVC,Hit object,,,,,,,,,,Fixed object,FIRE HYDRANT,No pedestrians involved,Controls functioning,
,,,,,,,,,,,,,,,,,,,,,1,,,9/30/2013,2207,13-03991,7TH ST,E ST,,,23152(a) CVC,Side swipe,,,,,,,,,,Parked motor vehicle,,No pedestrians involved,No controls present/factor,
,,,,,,,,,,,,,,,,,,,,,,,,10/1/2013,1553,13-03998,WEST PARKING LOT OF 717 ALVARADO AV,ALVARADO AVE,,,,Head on,,,,,,,,,1,Other motor vehicle,,No pedestrians involved,No controls present/factor,
,,,,,,,,1,,,,,,,,,,,1,1,,,,9/25/2013,1900,13-03999,B ST,,2ND ST,,22107vc,Head on,1,,,,,,,,1,Other motor vehicle,,No pedestrians involved,Controls functioning,
,1,,,,,,1,,1,,,,,,,,,,,,,,,10/1/2013,1752,13-04001,F STREET,EIGHTH STREET,,,21650.1 vc,Other,1,1.0,1.0,,,,AUTO V. BIKE,,,Bicycle,,No pedestrians involved,Controls functioning,
,,,1,,,,,,1,,,,,1,,,,,,,,,,10/1/2013,2024,13-04002,W COVELL BL,F STREET,,,22350 CVC,Rear end,,,,,,0,,,1,Other motor vehicle,,No pedestrians involved,Controls functioning,
,1,,,,,,1,,,,,,,,,,,,,,,,,10/2/2013,2122,13-04018,W 8TH ST,,OAK ST,,22107 VC,Other,1,1.0,1.0,,,,AUTO VS. BIKE,,,Bicycle,,In road - includes shoulder,Controls functioning,
,1,,,,,,,,,,,,,,1,,,,,,,,,10/3/2013,0,13-04028,OLIVE DR,,RICHARDS BLVD,,21453(a),Other,1,1.0,1.0,,,,VEH V. BIKE,,,Bicycle,,No pedestrians involved,Controls functioning,
,,,,,,,,,,,,,,,1,,,,,,,,,10/3/2013,0,13-04030,RICHARDS BL,OLIVE DR,,,22350 CVC,Hit object,,,,,,0,,,,Fixed object,METAL RAIL,No pedestrians involved,Controls functioning,
,,,,,,,,,,,,,,,,,1,,,,,,,10/3/2013,1607,13-04047,RUSSELL BL,,ARLINGTON BL,,VC 22350,Rear end,1,,,,,,,,1,Other motor vehicle,MOTORCYCLE,No pedestrians involved,No controls present/factor,
,,,,,,,,,,,,,,,,,,,,,,,,10/4/2013,1800,13-04069,DREW AV,GREEK CT,,,,Rear end,,,,,,,,,,Parked motor vehicle,,No pedestrians involved,No controls present/factor,
,,,,,,,,,,,,,,,,,,,,,,,,10/6/2013,2317,13-04081,SYCAMORE LN,STANFORD DRIVE,,,,Other,1,1.0,1.0,,,,BIKE V BIKE,,,Bicycle,,No pedestrians involved,No controls present/factor,
,,,,,,,,,,,,,1,,,,,,,,,,,10/7/2013,1326,13-04086,ANDERSON RD,,HANOVER DR,,21802,Broadside,1,,,,,,,,1,Other motor vehicle,,No pedestrians involved,Controls functioning,
,,,,,,,,1,,,,,,,,,,,,,1,,,10/9/2013,1920,13-04119,6TH ST,B ST,,,vc 22350,Side swipe,,,,,,,,,,Parked motor vehicle,,No pedestrians involved,No controls present/factor,
,1,,,,,,1,,,,,,,,,,,,,,,,1,10/10/2013,819,13-04124,W 8TH ST,,MILLER DR,,22350VC,Other,1,1.0,1.0,,,,SOLO BIKE,,,Non collision,,No pedestrians involved,No controls present/factor,
,,,,,,,,,,,,,,,,,,,,,,,,10/10/2013,1928,13-04138,MACE BL,,EL MACERO DR,,22350 VC,Rear end,1,,,,,,,,1,Other motor vehicle,,No pedestrians involved,Controls functioning,
,,,,,,,,1,,,,,,,,,,,,,,,,10/13/2013,1232,13-04179,B ST,,12TH ST,,22350 CVC,Hit object,1,,,,,,,,,Fixed object,CENTER MEDIAN,No pedestrians involved,No controls present/factor,
,,,,,,,,,,,,,,,,,,,,,,,,10/13/2013,1416,13-04180,COTTONWOOD DR,,REDBUD DR,,23152(a),Rear end,,,,,,,,,1,Other motor vehicle,,No pedestrians involved,No controls present/factor,
,,,,,,,,,1,,,,,1,,,,,,,,,,10/13/2013,1850,13-04181,W COVELL BL,,F ST,,23152 vc,Rear end,,,,,,,,,1,Other motor vehicle,,No pedestrians involved,Controls functioning,
,,,,,,,,,,,,,,,,,,,,,,,1,10/14/2013,1042,13-04192,RUSSELL BLVD,MILLER DRIVE,,,22350 vc,Rear end,2,,,,,,,,1,Other motor vehicle,,Crossing in crosswalk at intersection,No controls present/factor,
,,,,,,,,,,,,,,,,,,,,,,1,,10/15/2013,1300,13-04213,I ST,,4TH ST,,22450VC,Broadside,2,,,,,,,,1,Other motor vehicle,,No pedestrians involved,Controls functioning,
,,,,,,,,,,,,,,,,,,,,,,1,,10/15/2013,1551,13-04216,4TH ST,,J ST,,22450(a) CVC,Broadside,1,,,,,,,,1,Other motor vehicle,,No pedestrians involved,Controls functioning,
,,,,,,,,,,,,,,,,1,,,,,,,,10/15/2013,1819,13-04217,POLE LINE RD,5TH ST,,,21209(a) CVC,Broadside,1,,,,,,,,1,Other motor vehicle,,No pedestrians involved,Controls functioning,
,,,,,,,,,,,,,,,,,,,,,,,,10/18/2013,1900,13-04254,RUSSELL BL,OAK AVE,,,22350vc,Rear end,1,,,,,,,,1,Other motor vehicle,,No pedestrians involved,Controls functioning,
,1,,,,,,,,,,,,,,,,,,,,,,,10/18/2013,2100,13-04255,COLUSA DR,,ARTHUR DR,,21202(a) VC,Other,1,1.0,1.0,,,,VEH VS BIKE,,,Bicycle,,No pedestrians involved,No controls present/factor,
,1,,,,,,1,,,,,,,,,,,,,,,,,10/21/2013,1525,13-04280,SYCAMORE,EIGHTH,,,22350 vc,Other,1,1.0,1.0,,,,BIKE V AUTO,,,Parked motor vehicle,,No pedestrians involved,No controls present/factor,
,,,,,1,,,,,,,,,,,,,,,,,,,10/22/2013,830,13-04289,MACE BLVD,2ND ST,,,22350VC,Rear end,1,,,,,,,,1,Other motor vehicle,,No pedestrians involved,Controls functioning,
1,,,,,,,,,,,,,,,,,,,,,,,,10/22/2013,900,13-04301,5TH ST,,CANTRILL DR,,21950(b)VC,Vehicle - pedestrian,1,,,,1.0,,,,,Pedestrian,,Crossing in crosswalk at intersection,Controls functioning,
,1,,,,,,,,1,,,,,1,,,,,,,,,,10/22/2013,1900,13-04306,W COVELL BL,F STREET,,,,Other,1,1.0,1.0,,,,SOLO BIKE,,,Non collision,,No pedestrians involved,No controls present/factor,
,,,,,,,,,,,,,,,,,,,,1,,,,10/5/2013,1100,13-04327,A ST,3RD STREET,,,,Other,,,,,,,UNKNOWN,,,Other object,UNKNOWN,No pedestrians involved,No controls present/factor,
,,,,,1,,,,,,,,,,,,,,,,,,,10/31/2013,1119,13-04410,MACE BLVD,,2ND STREET,,22350 CVC,Rear end,1,,,,,,,,1,Other motor vehicle,,No pedestrians involved,Controls functioning,
,1,,,,,,1,,,,,,,,,,,,,,,,,10/31/2013,1300,13-04412,EUREKA AV,W 8TH ST,,,22350 CVC,Other,1,1.0,1.0,,,,SOLO BIKE,,,Non collision,,No pedestrians involved,No controls present/factor,
,,,,,,,,,,,,1,,,,,,,,,,,,10/31/2013,1410,13-04418,ALVARADO AVE,ANDERSON RD,,,21804(a)CVC,Head on,1,,,,,,,,1,Other motor vehicle,,No pedestrians involved,No controls present/factor,
,,,,,,,1,,,,,,,,,,,,,,,,,11/1/2013,1446,13-04439,E 8TH ST,,D STREET,,22350 cvc,Rear end,3,,,,,,,,1,Other motor vehicle,,No pedestrians involved,No controls present/factor,
,,,,,,,,,,,,,,,,,1,,,,,,,11/2/2013,258,13-04451,RUSSELL BL,,HWY 113,,22350 VC,Rear end,,,,,,,,,1,Motor vehicle on other roadway,,No pedestrians involved,Controls functioning,
,1,,,,,,1,,1,,,,,,,,,,,,,,,11/2/2013,952,13-04459,F ST,,E 8TH ST,,21800(a) CVC,Other,1,1.0,1.0,,,,VEHICLE VS BICYCLE,,,Bicycle,,No pedestrians involved,Controls functioning,
,1,,,,,,,,,,,,,,,,,,,,,,,11/2/2013,2350,13-04471,SYCAMORE LN,,WAKE FOREST DR,,,Head on,1,1.0,1.0,,,,,,,Bicycle,,No pedestrians involved,No controls present/factor,
,,,,,,,,,,,,,,,,,,,,,,,,11/3/2013,1422,13-04481,MACE BL,ALHAMBRA DR,,,,Hit object,1,,,,,,,,,Other object,POND/BERM,No pedestrians involved,Controls functioning,
,,,,,,1,,,,,,,,,,,,,,,,1,,11/4/2013,856,13-04487,L ST,,5 TH ST,,23153 (A) CVC,Rear end,1,,,,,,,,1,Other motor vehicle,,No pedestrians involved,Controls functioning,
,,,1,,,,,,1,,,,,1,,,,,,,,,,11/7/2013,813,13-04525,F STREET,14TH STREET,,,,Side swipe,,,,,,,,,,Parked motor vehicle,,No pedestrians involved,No controls present/factor,
,1,,,,,,,,,,,,1,,,,,,,,,,,11/7/2013,1207,13-04529,ANDERSON RD,RUSSELL BLVD,,,21804(a)VC,Other,1,1.0,1.0,,,,VEH VS BIKE,,,Bicycle,,No pedestrians involved,Controls functioning,
,1,,,,,,,,,,,,1,,,,,,,,,,,11/8/2013,940,13-04543,ANDERSON RD,RUSSELL BLVD,,,21804(A)vc,Other,1,1.0,1.0,,,,VEH VS BIKE,,,Bicycle,,No pedestrians involved,No controls present/factor,
,1,,,,,1,,,,,,,,,,,,,,,,1,,11/8/2013,1710,13-04547,I ST,,5TH ST,,21801(a),Other,1,1.0,1.0,,,,AUTO V BIKE,,,Bicycle,,No pedestrians involved,No controls present/factor,
,1,,,,,,,,,,,,,,,1,,,,,,,,11/8/2013,1800,13-04549,POLELINE ROAD,5TH STREET,,,,Hit object,1,1.0,1.0,,,,SOLO,,,Other object,CRACK IN SIDEWALK,No pedestrians involved,No controls present/factor,CRACK IN SIDEWALK
1,,1,1,,,,,,,,,,,,,,,,,,,,,11/8/2013,2314,13-04550,IN WEST PARKING LOT OF 315 W 14TH ST,,,,,Vehicle - pedestrian,1,,,,1.0,,,,,Pedestrian,,Not in road,No controls present/factor,
,,,,,,,,,,,,,,,,,,,,,,,,11/9/2013,252,13-04555,RADCLIFFE DR,ANDERSON RD,,,22106 VC,Rear end,,,,,,,,,,Parked motor vehicle,,No pedestrians involved,No controls present/factor,
,1,,,,,,,,,,,,,,,,,,,1,,,,11/13/2013,1005,13-04601,3RD ST,A ST,,,22517vc,Other,1,1.0,1.0,,,,VEH VS BIKE,,,Bicycle,,No pedestrians involved,No controls present/factor,
,,,,,,,,,,,,,,,,1,,,,,,,,11/13/2013,2014,13-04608,POLE LINE RD,,E COVELL BLVD,,VC 22350,Rear end,,,,,,,,,1,Other motor vehicle,,No pedestrians involved,Controls functioning,
,1,,,,,,,,1,,,,,1,,,,,,,,,,11/15/2013,745,13-04621,F ST,14TH ST,,,21804(a)VC,Other,1,1.0,1.0,,,,BICYCLE VS BICYCLE,,,Bicycle,,No pedestrians involved,No controls present/factor,
,1,,,,,,,,,,,,,,,,1,,,,,,,11/15/2013,1925,13-04625,ARTHUR ST,RUSSELL BLVD,,,21804(a) CVC,Other,1,1.0,1.0,,,,AUTO V. BIKE,,,Bicycle,,No pedestrians involved,No controls present/factor,
,,,,,,,,,,,,,,,1,,,,,,,,,11/17/2013,1640,13-04641,RICHARDS BLVD.,OLIVE DRIVE,,,22106 VC,Rear end,1,,,,,,,,1,Other motor vehicle,,No pedestrians involved,Controls functioning,
,,,,,,,,,,,,,,,,1,,,,,,,,11/20/2013,2033,13-04698,5TH ST,,POLELINE ROAD,,Unknown,Hit object,,,,,,,,,,Fixed object,,No pedestrians involved,Controls functioning,
,1,,,,,,,,1,,,,,,,,,,,1,,,,11/25/2013,1300,13-04750,F ST,,6TH ST,,21802(a)VC,Other,1,1.0,1.0,,,,VEH VS BIKE,,,Bicycle,,No pedestrians involved,Controls functioning,
,1,,,,,1,,,,,,,,,,,,,1,,1,,,11/26/2013,1330,13-04765,G ST,,5TH ST,,21453(A)vc,Other,1,1.0,1.0,,,,VEH VS BIKE,,,Bicycle,,No pedestrians involved,Controls functioning,
,,,,,,1,,,,,,,,,,,,,1,,1,,,11/29/2013,1615,13-04793,D ST,,5TH ST,,23152(a) CVC ,Broadside,2,,,,,,,,1,Other motor vehicle,,No pedestrians involved,Controls functioning,
,,,1,,,,,,,,,,,,,,,,,,,,,12/3/2013,2000,13-04836,LILLARD DRIVE,DANBURY STREET,,,22100(b) vc,Rear end,,,,,,,,,1,Other motor vehicle,,No pedestrians involved,No controls present/factor,
,1,,,,,,,,,,,,,,,,,,,,,,,12/6/2013,812,13-04854,ANGELA DR,COWELL BLVD,,,22350vc,Other,1,1.0,1.0,,,,SOLO BIKE,,,Other object,GROUND,No pedestrians involved,No controls present/factor,
1,,,,,,,1,,,,,,,,,,,,,,,,,12/6/2013,1645,13-04859,8TH STREET,,H STREET,,21950(a) CVC,Vehicle - pedestrian,1,,,,1.0,,,,,Pedestrian,,Crossing - not in crosswalk,No controls present/factor,
,,,,,,,,,,,,,,,,,,,,,,,,12/7/2013,1605,13-04870,SHASTA DR,,WEST COVELL BLVD,,22350 CVC,Rear end,,,,,,,,,1,Other motor vehicle,,No pedestrians involved,Controls functioning,
,,,,,,,,,,,,,,1,,1,,,,,,,,12/8/2013,1857,13-04881,1414 E COVELL BL,,FRONT OF THE NUGGET MARKET NORTH,,23152(b) C.V.C.,Hit object,,,,,,,,,,Fixed object,LARGE ROCK,No pedestrians involved,No controls present/factor,
,1,,,,,,,,,,,,,,,,,,,,,,,12/8/2013,1730,13-04883,ALVARADO AV,FORTUNA CT,,,,Other,1,1.0,1.0,,,,SOLO BICYCLE,,,Non collision,,No pedestrians involved,Controls functioning,
,1,,1,,,,1,,,,,,,,,,,,,,,,,12/13/2013,1535,13-04953,E 8TH STREET,CHESTNUT LANE,,,21801(A) CVC,Other,1,1.0,1.0,,,,,,,Bicycle,,No pedestrians involved,No controls present/factor,
,,,,,,,,,,,,,,,,,,,,,1,,,12/16/2013,1600,13-04981,G STREET,,SIXTH STREET,,21802,Head on,1,,,,,,,,1,Other motor vehicle,,No pedestrians involved,Controls functioning,
,1,,,,,,1,,,,,,,,,,,,,,,,,12/16/2013,1740,13-04986,OAK AV,,EIGHTH STREET,,21801(a),Other,1,1.0,1.0,,,,VEH VS BIKE,,,Bicycle,,No pedestrians involved,Controls functioning,
,1,,,,,,,,,,,,1,,,,,,,,,,,6/1/2013,1400,13-04993,ANDERSON RD,SUNSET CT,,,22517VC,Other,1,1.0,1.0,,,,VEH VS BIKE,,,Bicycle,,No pedestrians involved,No controls present/factor,
,,,,,,,,,,,,,,,,,,,,,,,,12/19/2013,2059,13-05024,MARDEN ST,ANGELA ST,,,VC 22350,Hit object,,,,,,,,,,Fixed object,BALLARDS AND TREE,No pedestrians involved,No controls present/factor,
,1,,,,,,1,,,,,,,,,,,,,,,,,12/21/2013,1543,13-05045,E 8TH ST,,H ST,,21801(a) CVC,Other,1,1.0,1.0,,,,VEHICLE VS. BIKE,,,Bicycle,,No pedestrians involved,No controls present/factor,
,,,,,,,,,,,,,,,,,,,,,,,,12/22/2013,1720,13-05059,ALHAMBRAH,,ATLANTIS,,21802(A),Broadside,1,,,,,,,,1,Other motor vehicle,,No pedestrians involved,Controls functioning,
,,,1,,,,,,,,,,,,,,,,,,,,,12/27/2013,2330,13-05119,1905 GLENN ST,,,,,Broadside,,,,,,,,,,Parked motor vehicle,,No pedestrians involved,No controls present/factor,
,,1,1,,,,,,,,,,,,,,,,,,,,,1/1/2014,1326,14-00008,SYCAMORE LN,VILLANOVA DR,,,,Other,1,,,,,,,,,Non-collision,,No pedestrians involved,No controls present/factor,
,,,,,,1,,,,,,,,,,,,,1,,1,,,1/7/2014,1443,14-00084,5TH ST,,E ST,,21802(a)VC,Broadside,1,,,,,,,,,Other motor vehicle,,No pedestrians involved,Controls functioning,
,,,,,,,,,,,,,,1,,,,,,,,,,1/8/2014,1808,14-00100,E COVELL BL,L ST,,,23153(b) CVC,Broadside,1,,,,,,,,,Other motor vehicle,,No pedestrians involved,Controls functioning,
,,,,,,,,,,,,,,,,,,,,,,,,1/9/2014,1051,14-00114,CATALINA DR,,ALVARADO AVE,,,Hit object,,,,,,,,,,Fixed object,FIRE HYDRANT,No pedestrians involved,No controls present/factor,
,,,,,,1,,,,,,,,,,,,,1,,1,,,1/10/2014,0,14-00128,5TH ST,,E ST,,21802(a) CVC,Broadside,1,,,,,,,,,Other motor vehicle,,No pedestrians involved,Controls functioning,
1,,,,,,,,,,,,,,,,,,,,1,,,,11/23/2013,130,14-00131,A ST,4TH ST,,,21954(a) CVC,Vehicle - pedestrian,1,,,,1.0,,,,,Pedestrian,,In road - includes shoulder,No controls present/factor,UNKNOWN
,,,,,,,,,,,,,,,,,,,,,,,,1/10/2014,1825,14-00135,1000 RICHARDS BL,E/B I-80 OFFRAMP/ONRAMP,,,VC 22350,Rear end,3,,,,,,,,,Other motor vehicle,,No pedestrians involved,Controls functioning,
,,,,,,,,,,,,,,,,,,,1,,,,,1/10/2014,1900,14-00139,230 E STREET,,,,,Rear end,,,,,,,,,,Parked motor vehicle,,No pedestrians involved,No controls present/factor,
,,,1,,,,,,1,,,,,1,,,,,,,,,,1/11/2014,1738,14-00150, COVELL BL,F ST,,,23152(e) CVC,Hit object,,,,,,,,,,Fixed object,STREET SIGN,No pedestrians involved,Controls functioning,
,,,1,,,,,,1,,,,,,,,,,,,,,,1/17/2014,1017,14-00212,F ST,,14TH ST,,,Head on,1,,,,,,,,,Other motor vehicle,,No pedestrians involved,Controls functioning,
,,,,,,,,,,,,,,,1,,,,,,,,,1/18/2014,1241,14-00224,RICHARDS BL,OLIVE DR,,,22350 CVC,Rear end,1,,,,,,,,,Other motor vehicle,,No pedestrians involved,Controls functioning,
,,,,,,,,,1,,,,,,,,,,,,,,,1/20/2014,700,14-00242,812 11TH ST,,,,,Side swipe,,,,,,,,,,Parked motor vehicle,,No pedestrians involved,No controls present/factor,
,,,,,,,,,,,,,,,,,,,,,,,,1/26/2014,2200,14-00333, SYCAMORE LN,WAKE FOREST DR.,,,,Side swipe,,,,,,,,,,Other motor vehicle,,No pedestrians involved,Controls functioning,
,,,,,,,,,,,,,,,,,,,,,,,,1/30/2014,2200,14-00366,SAN RAFAEL STREET,,5TH STREET,,21801 (a) cvc,Broadside,1,,,,,,,,,Other motor vehicle,,No pedestrians involved,Controls functioning,
,1,,,,,,,,,,,,1,,,,,,,,,,,1/31/2014,1810,14-00374,RUSSELL BL,,ANDERSON RD,,VC 21453(a),Other,1,1.0,1.0,,,,BICYCLE,,,Bicycle,,No pedestrians involved,Controls functioning,
,,,,,,,,,,,,,,1,,,,,,,,,,2/1/2014,1402,14-00383,E COVELL BL,BAYWOOD LN,,,22350 CVC,Rear end,1,,,,,1,,,,Other motor vehicle,,No pedestrians involved,No controls present/factor,
,,,,,,,,,,,,,,1,,1,,,,,,,,2/1/2014,1401,14-00384,E COVELL BL,,POLE LINE RD,,22350 VC,Rear end,2,,,,,,,,,Other motor vehicle,,No pedestrians involved,Controls functioning,
,,,,,,,,,,,,,1,,,,,,,,,,,2/2/2014,1304,14-00399,RUSSELL,,ANDERSON,,21453(c),Head on,1,,,,,,,,,Other motor vehicle,,No pedestrians involved,Controls functioning,
,,,,,,,,,,,,,,,,,,,,,,1,,2/4/2014,1452,14-00437,J ST,,4TH ST,,22450(a) CVC,Broadside,2,,,,,,,,,Other motor vehicle,,No pedestrians involved,Controls functioning,
1,,,,,,,,,,,,,,,,,,,1,,,,,2/7/2014,1918,14-00479, G ST,,4TH STREET,,21950(a) VC,Vehicle - pedestrian,1,,,,1.0,,,,,Pedestrian,,Crossing in crosswalk at intersection,Controls functioning,
,,,,,,,,,,,,,,,1,,,,,,,,,2/8/2014,1212,14-00488,RICHARDS BL,OLIVE DR,,,22350 CVC,Rear end,,,,,,,,,,Other motor vehicle,,No pedestrians involved,Controls functioning,
,1,,,,,,,,,,,,,,,,,,,,,,,2/8/2014,2138,14-00494,RUSSELL BLVD,,OAK AVENUE,,21453(a) VC,Other,1,1.0,1.0,,,,VEHICLE-BICYCLE,,,Bicycle,,No pedestrians involved,Controls functioning,
,,,,,,,,,,,,,,,,,,,,,,,,2/9/2014,642,14-00498,DREW AV,,COWELL BLVD,,23152 CVC,Hit object,,,,,,,,,,Fixed object,,No pedestrians involved,Controls functioning,22350 CVC
,,,,,,,1,,,,,,,,,,,,,,,,,2/8/2014,2100,14-00499,DOUGLASS AV,,8TH ST,,22350 CVC,Side swipe,,,,,,,,,,Other motor vehicle,,No pedestrians involved,No controls present/factor,
,,,,,,,,,1,,,,,1,,,,,,,,,,2/10/2014,1821,14-00521,W COVELL BL,WEST CURB LINE OF F STREET,,,21801 a VC,Broadside,1,,,,,,,,,Other motor vehicle,,No pedestrians involved,Controls functioning,
,1,,,,,,,,,,,1,1,,,,,,,,,,,2/9/2014,1400,14-00523,ANDERSON RD,SOUTHEAST CORNER OF W COVELL BL,,,21804 a VC,Other,1,1.0,1.0,,,,VEH VS BICYCLE,,,Bicycle,,No pedestrians involved,Controls functioning,
,1,,,,,,,,,,,,,,,,,,,1,,,,2/13/2014,2148,14-00563,A ST,,4TH ST,,21200.5 CVC,Other,1,1.0,1.0,,,,SOLO BIKE,,,Fixed object,CURB,No pedestrians involved,Controls functioning,
,,,,,,,,,,,,,,1,,1,,,,,,,,2/14/2014,710,14-00568,E COVELL BLVD,POLE LINE RD,,,21804(a) CVC,Broadside,1,,,,,,,,,Other motor vehicle,,No pedestrians involved,No controls present/factor,
,,,,1,,,,,,,,,,,,,,,1,,,,,2/14/2014,1347,14-00571,E ST,1ST STREET,,,22106 CVC,Rear end,,,,,,,,,,Other motor vehicle,,No pedestrians involved,No controls present/factor,
,,,,,,,,,,,,,,,,,,,,1,,,,2/15/2014,2100,14-00595,UNIVERSITY AV,,3RD ST,,22350 CVC,Side swipe,,,,,,,,,,Other motor vehicle,,No pedestrians involved,No controls present/factor,
,,,,,,,,,,,,,,,,,,,,,,,,2/17/2014,1252,14-00608,"PARKING LOT 200 BLOCK OF ""E"" ST.",,,,22106,Broadside,,,,,,,,,,Other motor vehicle,,No pedestrians involved,Controls functioning,
,1,,,,,,1,,1,,,,,,,,,,,,,,,2/17/2014,1645,14-00612,E 8TH ST,,F ST,,21801(a)VC,Other,1,1.0,1.0,,,,VEH VS BIKE,,,Bicycle,,No pedestrians involved,Controls functioning,
,,,,,1,,,,,,,,,,,,,,,,,,,2/18/2014,1213,14-00621,2ND ST,PENA,,,22350VC,Rear end,2,,,,,,,,,Other motor vehicle,,No pedestrians involved,No controls present/factor,
,,,,,,,,,,,,,,1,,,,,,,,,,2/21/2014,1700,14-00661,E COVELL BL,ALHAMBRA DRIVE,,,22350 CVC,Rear end,,,,,,,,,,Other motor vehicle,,No pedestrians involved,Controls functioning,
,,,,,,,,,,,,,,,,1,,,,,,,,2/21/2014,1910,14-00663, MOORE BL,POLE LINE RD.,,,23153(a) cvc,Rear end,1,,,,,,,,,Other motor vehicle,,No pedestrians involved,No controls present/factor,
,,,,,,,,,,,,,,,,1,,,,,,,,2/23/2014,955,14-00682,POLE LINE RD,CLAREMONT DR,,,,Rear end,,,,,,,,,,Parked motor vehicle,,No pedestrians involved,No controls present/factor,
,,,,,,,,,,,,,,,,,,,,,,,,2/23/2014,1659,14-00686,RUSSELL BLVD.,,OAK AVE.,,22350 CVC,Rear end,1,,,,,,,,,Other motor vehicle,,No pedestrians involved,Controls functioning,
,,,,,,,,,,,,,,,,,,,,,,,,2/24/2014,843,14-00694,COWELL BLVD,,MACE BLVD,,21453(a)VC,Broadside,1,,,,,,,,,Other motor vehicle,,No pedestrians involved,Controls functioning,
,,,,,,,,,,,,,,,,,1,,,,,,,2/26/2014,840,14-00709,RUSSELL BL,PORTAGE BAY EAST,,,22350vc,Hit object,2,,,,,,,,,Fixed object,TREE,No pedestrians involved,No controls present/factor,
,1,,,,,1,,,,,,,,,,,,,,1,,,1,2/26/2014,1900,14-00721,A ST,,RUSSELL BLVD,,21801(a)  CVC,Other,1,1.0,1.0,,,,VEHICLE V BIKE,,,Bicycle,,No pedestrians involved,Controls functioning,
,1,,,,,,,,,,,,,,,,,,,,,,1,2/27/2014,1630,14-00735,MILLER DR,,RUSSELL BL,,21802(b),Other,1,1.0,1.0,,,,VEH/BICYCLE,,,Bicycle,,No pedestrians involved,Controls functioning,
,,,,,,,,,,,,,,,,,1,,,,,,,2/28/2014,0,14-00743,RUSSELL BL,,HWY 113,,21453(c) CVC,Broadside,1,,,,,,,,,Other motor vehicle,,No pedestrians involved,Controls functioning,