Ped,Bike,Bike Loop,School Area,1st St,E 2nd St,5th St,8th St,B St,F St,J St N,North Sycamore,North Anderson,North Anderson,East Covell,Olive Drive,Pole Line,West Russell,Russell,Downtown,University Rice,Old North,Old East,A St,DATE,TIME,REPORT,STREET 1,STREET 2,DISTANCE,DIRECTION,PRIMARY CAUSE,COLLISION TYPE,INJURY,Bike,5 Year Bike,5 Year  Ped,Ped,FATAL,TYPE OF COLLISION,VEHICLE 1,VEHICLE 2,INVOLVED WITH,OBJECT HIT,PEDESTRIAN ACTION,TRAFFIC CONTROL DEVICES,NOTES
,,,,,,1,,,,,,,,,,,,,1,,1,,,2/28/2014,1818,14-00750,E ST,,5TH ST,,21802(a),Broadside,1,,,,,,,,,Other motor vehicle,,No pedestrians involved,Controls functioning,
,,,,,1,,,,,,,,,,,,,,,,,,,2/28/2014,2314,14-00752,2ND ST,,MACE BLVD,,21453(a) CVC,Broadside,4,,,,,,,,,Other motor vehicle,,No pedestrians involved,Controls functioning,
,,,,,,,,,,,,,,,,,,,,,,,,2/28/2014,1600,14-00760,LEHIGH DR,ADELINE PL,,,22107 CVC,Rear end,,,,,,,,,,Parked motor vehicle,,No pedestrians involved,No controls present/factor,
,,,,,,,,,1,,,,,1,,,,,,,,,,3/2/2014,250,14-00765,WEST COVELL BOULEVARD,F STREET,,,21658 CVC,Hit object,,,,,,,,,,Fixed object,PILLAR,No pedestrians involved,No controls present/factor,23152 CVC
,,,,,,,,,,,,,,,,1,,,,,,,,3/7/2014,1740,14-00831,POLE LINE ROAD,,5TH STREET,,CVC 22350,Rear end,,,,,,,,,,Other motor vehicle,,No pedestrians involved,Controls functioning,
,,,,,1,,,,,,,,,,,,,,,,,,,3/12/2014,124,14-00882,2ND STREET,MACE BOULEVARD,,,22350 vc,Head on,,,,,,,,,,Fixed object,,Not in road,Controls functioning,
,,,,,,1,,,,,,,,,,,,,1,,1,,,3/12/2014,1408,14-00887,5TH ST,,E STREET,,21801(a) CVC,Overturned,1,,,,,,,,,Other motor vehicle,,No pedestrians involved,No controls present/factor,
,1,,,,,,,,,,,,1,,,,,,,,,,,3/14/2014,1630,14-00908,ANDERSON RD,RUSSELL BLVD,,,VC 22107,Other,1,1.0,1.0,,,,VEHICLE VS BICYCLE,,,Bicycle,,No pedestrians involved,No controls present/factor,
,,,1,,,,,,,,,,,1,,,,,,,,,,3/14/2014,2316,14-00913,ALHAMBRA DR,COVELL BOULEVARD,,,22350 cvc,Hit object,,,,,,,,,,Fixed object,TREE,No pedestrians involved,No controls present/factor,
,,,1,,,,,,,,,,,,,1,,,,,,,,3/15/2014,1133,14-00921,POLE LINE RD,,COWELL BL,,21453(a) CVC,Broadside,2,,,,,,,,,Other motor vehicle,,No pedestrians involved,Controls functioning,
,,,,,,,,,,,,,,,,,,,,,,1,,3/18/2014,130,14-00946,3RD ST,I ST,,,22350 vc,Hit object,1,,,,,,,,,Fixed object,,No pedestrians involved,Controls functioning,
,,,,,,,,,,,,,,,,,,,,,,,,3/18/2014,748,14-00951,W COVELL BL,,HIGHWAY 113,,22350 cvc,Rear end,,,,,,,,,,Other motor vehicle,,No pedestrians involved,Controls functioning,
,,1,1,,,,,,,,,,,,,,,,,,,,,3/21/2014,2229,14-01003,VILLANOVA DR,OAK AVE,,,22107 VC,Hit object,1,,,,,,,,,Fixed object,TREE,No pedestrians involved,No controls present/factor,
,,,,,,,,,,,,,,,,1,,,,,,,,3/22/2014,109,14-01005,5TH ST,POLE LINE ROAD,,,23152,Rear end,,,,,,,,,,Other motor vehicle,,No pedestrians involved,Controls functioning,
,,,,,,,,,,,,,,,,,,,1,,,,,3/22/2014,1515,14-01014,2ND STREET,E STREET,,,22107 CVC,Side swipe,,,,,,,,,,Parked motor vehicle,,No pedestrians involved,No controls present/factor,
,,,,,,,,,,,,,,,,,,,,,,,,3/23/2014,1107,14-01023,2600 5TH ST,,CANTRILL DR,,23152(a)vc,Hit object,,,,,,,,,,Fixed object,CURB,No pedestrians involved,Controls functioning,
,,,,,,,,,,,,,,,,,,,,,,,,3/24/2014,1832,14-01039,RESEARCH PARK ALLEY DR,RICHARDS BLVD,,,22107 VC,Side swipe,,,,,,,,,,Other motor vehicle,,In road - includes shoulder,Controls functioning,
,1,,,,,,,,,,,,,,,,,,1,,,,,3/25/2014,2130,14-01061,4TH ST,,G ST,,,Other,1,1.0,1.0,,,,VEH VS BIKE,,,Bicycle,,No pedestrians involved,Controls functioning,
,,,,,,1,,,,,,,,,,,,,1,,1,,,3/20/2014,2251,14-01111,5TH STREET,D STREET,,,23152(a) VC,Head on,,,,,,,,,,Fixed object,TREE,No pedestrians involved,Controls functioning,
,,,,,,,,,,,,,,,,,,,,,,,,3/31/2014,1530,14-01121,5TH ST,,CANTRILL DR,,,Rear end,2,,,,,,,,,Other motor vehicle,,No pedestrians involved,Controls functioning,
,,,,,,,,,,,,,,,,1,,,,,,,,4/3/2014,1436,14-01168,POLE LINE RD,5TH ST,,,23152(a) PC,Hit object,1,,,,,,,,,Fixed object,RAISED CONCRETE DIVIDER,No pedestrians involved,No controls present/factor,
,,,,,,1,,,,,,,,,,,,,,,,1,,4/4/2014,1313,14-01183,5TH ST,,J ST,,21802(a) CVC,Broadside,4,,,,,,,,,Motor vehicle on other roadway,,No pedestrians involved,Controls functioning,
,,,,,,,,,,,,,,,,,,,,,,,,4/4/2014,2104,14-01189,RUSSELL BLVD,SYCAMORE LN,,,21453(b) CVC,Rear end,,,,,,,,,,Other motor vehicle,,No pedestrians involved,Controls functioning,
,1,,,,,,,,,,,1,,,,,,,,,,,,4/5/2014,1426,14-01193,ALVARADO AV,ANDERSON ROAD,,,22350 CVC,Other,1,1.0,1.0,,,,,,,Non-collision,SOLO BICYCLE COLLISION,No pedestrians involved,No controls present/factor,
,,,,,,,,,,,,,,,,,,,,,,,,4/8/2014,1143,14-01222,1111 RICHARDS BL,,,,22350VC,Broadside,1,,,,,,,,,Other motor vehicle,,No pedestrians involved,Controls functioning,21460.5(c)VC
,,,,,,,,,,,,,,,,,,,,,,,,4/9/2014,1510,14-01234,CHILES RD,EL CEMONTE DR,,,22350VC,Rear end,1,,,,,,,,,Other motor vehicle,,No pedestrians involved,No controls present/factor,
,1,,,,,,,,,,,,,,,,1,,,,,,,4/11/2014,1619,14-01257,RUSSELL BL,,STATE ROUTE HWY 113 N OFFRAMP,,21461(a),Other,,,,,,,VEHICLE VS BIKE,,,Bicycle,,No pedestrians involved,Controls functioning,
,,,,,,,1,,,,,,,,,,,,,,,,,4/14/2014,1316,14-01334,L ST,,8TH STREET,,21801(a),Broadside,1,,,,,,,,,Other motor vehicle,,No pedestrians involved,Controls functioning,
,,,,,,,,,,,,,,,,,,,1,,,,,4/14/2014,1650,14-01357,E STREET,3RD STREET,,,22107 vc,Side swipe,,,,,,,,,,Other motor vehicle,,No pedestrians involved,Controls functioning,
,1,1,,1,,,,,,,,,,,,,,,,1,,,,4/17/2014,1714,14-01389,1ST ST,,OLD DAVIS RD.,,21802(a) CVC,Other,1,1.0,1.0,,,,AUTO V BIKE,,,Bicycle,,No pedestrians involved,Controls functioning,
,1,1,1,,,,,,,,,,,,,,,,,,,,,4/18/2014,1421,14-01405,W 14TH ST,,BEECH LN,,,Other,1,1.0,1.0,,,,SOLO BIKE COLLISION,,,Non-collision,,No pedestrians involved,No controls present/factor,
,,,,,,,,,1,,,,,1,,,,,,,,,,4/21/2014,1541,14-01434,COVELLBLVD,F ST,,,22350 VC,Rear end,1,,,,,,,,,Other motor vehicle,,No pedestrians involved,No controls present/factor,
,,,,,,,,,,,,,,,,,,,,,,,,4/22/2014,1730,14-01455,VALDORA ST,,COWELL BLVD,,21453(a)VC,Broadside,1,,,,,,,,,Other motor vehicle,,No pedestrians involved,Controls functioning,
,,,1,,,,,,1,,,,,1,,,,,,,,,,1/24/2014,1235,14-01485,F ST,COVELL BLVD,,,22350VC,Hit object,1,,,,,,,,,Fixed object,GROUND,No pedestrians involved,No controls present/factor,
,1,,,,,,1,,,,,,,,,,,,,,,,,4/25/2014,2055,14-01504,E 8TH ST,,H ST,,21802(a),Other,1,1.0,1.0,,,,AUTO VS BIKE,,,Bicycle,,No pedestrians involved,Controls functioning,
,,,,,,,,,,,,,,,,,,1,,,,,,4/28/2014,1810,14-01542,RUSSELL BL,CALIFORNIA AVE,,,22350 VC,Rear end,,,,,,,,,,Other motor vehicle,,No pedestrians involved,Controls functioning,
,,,,,,,,,,,,,,,,,,,,,,1,,4/29/2014,1158,14-01548,L STREET,,4TH STREET,,,Other,1,,,,,,,,,Non-collision,,No pedestrians involved,No controls present/factor,Chain came off
,,,,,,,,,,,,,,,,,,,,,,,,4/29/2014,800,14-01549,P-LOT 2600 5TH ST,,,,,Side swipe,,,,,,,,,,Other motor vehicle,,No pedestrians involved,Controls functioning,
,1,,,,,,,,,,,,,,,,,,,,,,,4/30/2014,1030,14-01567,OAK AVE,,RUSSELL BLVD,,21451(a)VC,Other,1,1.0,1.0,,,,VEH VS BIKE,,,Bicycle,,No pedestrians involved,Controls functioning,
,,,,,,,,,1,,,,,,,,,,1,,,,,4/30/2014,1731,14-01574,2ND ST,F ST,,,22350VC,Side swipe,,,,,,,,,,Parked motor vehicle,,No pedestrians involved,No controls present/factor,
,,,,,,,,,,,,,,,,,,,,,,,,5/2/2014,2151,14-01609,MARINA CI,THE EAST CURBLINE OF 1222 MARINA,,,23152(a)/(b)VC,Side swipe,1,,,,,,,,,Parked motor vehicle,,No pedestrians involved,No controls present/factor,
,,,,,,,,,,,,,,,1,,,,,,,,,5/4/2014,1747,14-01632,RICHARDS BLVD,,OLIVE DR,,22350vc,Rear end,,,,,,,,,,Other motor vehicle,,No pedestrians involved,Controls functioning,
,,,,,,,,,,,,,,1,,,,,,,,,,5/7/2014,945,14-01652,E COVELL BL,,L ST,,21801(a) CVC,Broadside,,,,,,,,,,Other motor vehicle,,No pedestrians involved,No controls present/factor,
,1,,,,,,,,,,,,,,,,,,,,,,,5/8/2014,1350,14-01669,SYCAMORE LN,,RUSSELL BLVD,,,Other,1,1.0,1.0,,,,BIKE VS BIKE,,,Bicycle,,No pedestrians involved,Controls functioning,
,,,,,,1,,,,,,,,,,,,,,,,1,,5/9/2014,844,14-01685,5TH ST,,L ST,,21806(a)(1),Broadside,2,,,,,,,,,Other motor vehicle,,No pedestrians involved,Controls functioning,
1,,,1,,,,,,,,,,,,,,,,,,,,,5/12/2014,741,14-01717,14TH ST,CEDAR PL,,,21950(a)VC,Vehicle - pedestrian,1,,,,1.0,,,,,Pedestrian,,Crossing in crosswalk at intersection,Controls functioning,
,1,,1,,,,,,,,,,1,,,,,,,,,,,5/18/2014,143,14-01813,ANDERSON RD,,SOUTH OF RUTGERS DRIVE,,22107,Side swipe,1,1.0,1.0,,,,REAR END,,,Bicycle,,No pedestrians involved,No controls present/factor,
,,,,1,,,,,,,,,,,,,,,1,,,,,5/20/2014,845,14-01836,RICHARDS BLVD,1ST ST,,, 22106 CVC,Rear end,,,,,,,,,,Other motor vehicle,,No pedestrians involved,Controls functioning,
,,,,,,,,,,,,,,,,,,,,,,,,5/20/2014,1250,14-01838,W COVELL BL,DENALI DR,,,22350vc,Rear end,,,,,,,,,,Other motor vehicle,,No pedestrians involved,Controls functioning,
,,,,,,,,,,,,,,,,,1,,,,,,,5/22/2014,1042,14-01860,RUSSELL BL,PORTAGE BAY EAST,,,22350 CVC,Rear end,,,,,,,,,,Other motor vehicle,,No pedestrians involved,Controls functioning,
,1,,,,,,,,,,,,,,,1,,,,,,,,5/24/2014,1214,14-01886,POLE LINE RD,5TH ST,,,,Other,1,1.0,1.0,,,,BICYCLE,,,Non-collision,,No pedestrians involved,Controls functioning,UNSAFE OPERATION OF BRAKES
,,,,,,,,,,,,,,1,,,,,,,,,,5/24/2014,1956,14-01888,E COVELL BL,THE E ENTRANCE TO 4000 E COVELL BOULEVARD,,,22350,Hit object,1,,,,,,,,,Fixed object,ISLAND/SMALL TREE/SIGN,No pedestrians involved,No controls present/factor,
,,,1,,,,,,,,,,,1,,,,,,,,,,5/28/2014,714,14-01929,COVELL BLVD,ALHAMBRA DRIVE,,,21703 cvc,Rear end,1,,,,,,,,,Other motor vehicle,,No pedestrians involved,Controls functioning,22350(a)
,1,,,,,,,,,,,,,,,,,,,,,1,,5/28/2014,1801,14-01943,4TH ST,,J ST,,21802(a)CVC,Other,1,1.0,1.0,,,,AUTO V BIKE,,,Bicycle,,No pedestrians involved,Controls functioning,
,,,,,,,,,,,,,,,,,,,,,,,,5/30/2014,1645,14-01970,RICHARDS BL,INTERSTATE 80 ON RAMP,,,22350,Rear end,1,,,,,,,,,Other motor vehicle,,No pedestrians involved,Controls functioning,
,1,1,1,,,,,,,,,,1,,,,,,,,,,,5/31/2014,755,14-01978,ANDERSON RD,VILLANOVA DR,,,22350 VC,Other,1,1.0,1.0,,,,BIKE VS VEHICLE,,,Parked motor vehicle,,No pedestrians involved,No controls present/factor,
,,,,,,,,,,,,,,,,,,,,,,,,6/6/2014,330,14-02081,LEONARDO ST,MICHELANGELO PLACE,,,,Other,,,,,,,UNKNOWN,,,Parked motor vehicle,,No pedestrians involved,No controls present/factor,
,,,,,,,,1,,,,,,,,,,,1,1,,,,5/15/2014,1235,14-02086,2ND ST,B ST.,,,22107 cvc,Side swipe,,,,,,,,,,Other motor vehicle,,No pedestrians involved,Controls functioning,
,,,,,,,,,,,,,,,,,,,,,,1,,6/11/2014,1429,14-02132,4TH ST,J ST.,,,21804(A) CVC,Head on,,,,,,,,,,Other motor vehicle,,No pedestrians involved,Controls functioning,
,,,,,,1,,,,,,,,,,,,,,,,1,,6/12/2014,1300,14-02147,I ST,,5TH ST,,21802(a) CVC,Other,1,1.0,1.0,,,1,BIKE V. CAR,,,Bicycle,,No pedestrians involved,Controls functioning,
,,,,,,,,,,,,,,,,,,,,,,,,6/10/2014,0,14-02166, DOGWOOD PL,,EUCALYPTUS ST,,,Other,,,,,,,UNKNOWN,,,Parked motor vehicle,,No pedestrians involved,No controls present/factor,
,,,1,,,,,,,,,,,,,,,,,,,,,6/14/2014,550,14-02177,OCEANO AVE,ALHAMBRA AV,,,22350 CVC,Head on,1,,,,,,,,,Fixed object,RAISED CONCRETE CURB,No pedestrians involved,No controls present/factor,
,1,,1,,,,,,1,,,,,,,,,,,,,,,6/17/2014,1100,14-02214,COMMUNITY PARK,F ST,,,,Other,1,1.0,1.0,,,,SOLO BICYCLE,,,Non-collision,,No pedestrians involved,No controls present/factor,
,,,,,,,,,,,,,,,,,,,,,,,,6/18/2014,59,14-02227,MARINA CI,TRAWLER PL,,,22350 VC,Broadside,,,,,,,,,,Parked motor vehicle,,No pedestrians involved,Controls functioning,
,,,,,,,,,,,,,,,,,,,,,,,,6/18/2014,0,14-02232,PRIVATE PARKING LOT AT 2151 COWELL BL,,,,,Rear end,1,,,,,,,,,Parked motor vehicle,,No pedestrians involved,No controls present/factor,
,,,,,,,,,1,,,,,,,,,,1,,,,,6/19/2014,0,14-02263,F ST,3RD ST,,,22106 CVC,Rear end,,,,,,,,,,Other motor vehicle,,No pedestrians involved,No controls present/factor,
,,,,,,,,,,,,,,1,,,,,,,,,,6/21/2014,110,14-02288,E COVELL BL,N/W CURBLINE OF INTERSECTION,,,23152 (a) CVC,Hit object,,,,,,,,,,Fixed object,BUSHES,No pedestrians involved,Controls functioning,22350 CVC
,,,,,,,,,,,,,,,,,,,,,,,,6/21/2014,814,14-02292,PORTAGE BAY WEST,LAKE BL,,,,Rear end,,,,,,,,,,Parked motor vehicle,,No pedestrians involved,No controls present/factor,
,,,,,,,,,,,,,,,,,,,,,,,,6/21/2014,1252,14-02296,CHILES RD,EL CEMONTE  AVE,,,22350,Other,1,,,,,,,,,Fixed object,ROAD WAY,No pedestrians involved,No controls present/factor,
,,,,,,,,,,,,1,1,,,,,,,,,,,6/21/2014,0,14-02298,W COVELL BL,,ANDERSON ROAD,,22106,Other,,,,,,,UNSAFE BACKING,,,Other motor vehicle,,No pedestrians involved,Controls functioning,
,,,1,,,,,,,,,,,1,,,,,,,,,,6/22/2014,1221,14-02303,EAST COVELL,ALHAMBRA DRIVE,,,21703,Rear end,1,,,,,,,,,Other motor vehicle,,No pedestrians involved,Controls functioning,
,,,,,,,,,,,,,,,,,,,,,,,,6/23/2014,1730,14-02348,LAKE BL,,ARLINGTON BL,,22350 VC,Other,1,,,,,,,,,Bicycle,,No pedestrians involved,Controls functioning,
,,,,,,,,,,,,,,,,1,,,,,,,,6/28/2014,243,14-02387,5TH ST,E LIMIT LINE FOR POLE LINE ROAD,,,23152 (a) cvc,Hit object,,,,,,,,,,Fixed object,CENTER MEDIAN,No pedestrians involved,No controls present/factor,22350 CVC
,1,,,,,,,,,,,,,,,,,,1,,,,,6/26/2014,1418,14-02389,G ST,4TH STREET,,,24002(a) CVC,Other,1,1.0,1.0,,,,SINGLE BICYCLE,,,Non-collision,,No pedestrians involved,No controls present/factor,
,,,,1,,,,,,,,,,,,,,,1,,,,,6/28/2014,1808,14-02392,1ST ST,E ST,,,22350,Hit object,,,,,,,,,,Fixed object,LIGHT POLE,No pedestrians involved,Controls functioning,
,,,,,,,,,,,,,,,,,,,,,,,,6/29/2014,355,14-02400,TIBER,LAKE,,,22350VC,Side swipe,,,,,,,,,,Parked motor vehicle,,No pedestrians involved,No controls present/factor,
,,,,,,,,,,,,,,,,,,,,,,,,6/29/2014,2307,14-02403,MOORE BOULEVARD,,SLOAN STREET,,,Head on,,,,,,,,,,Fixed object,SIGN POLE,No pedestrians involved,No controls present/factor,
,,1,1,,,,,,,,,,,,,,,,,,,,,7/1/2014,930,14-02418,DREXEL DR,PACIFIC DR,,,22350,Hit object,1,,,,,,,,,Animal,DOG,No pedestrians involved,No controls present/factor,
,,,,,,,,,,,,,,,,,1,,,,,,,7/2/2014,1153,14-02431,RUSSELL BLVD,,SR 113 N/B ON RAMP,,,Broadside,1,,,,,,,,,Other motor vehicle,,No pedestrians involved,Controls functioning,
1,,,,,,,,1,,,,,,,,,,,1,1,,,,7/2/2014,0,14-02444,B ST,,4TH ST,,21954(a) C.V.C.,Vehicle - pedestrian,1,,,,1.0,,,,,Pedestrian,,Crossing - not in crosswalk,Controls functioning,
,1,,,1,,,,,,,,,,,,,,,1,,,,,7/4/2014,125,14-02455,1ST STREET,"""C"" STREET",,,22350 VC,Other,1,1.0,1.0,,,,AUTO V BIKE,,,Bicycle,,No pedestrians involved,No controls present/factor,
,,,,,,,,,,1,,,,,,,,,,,,,,7/5/2014,2149,14-02475,J ST,MENLO DR.,,,22350 CVC,Rear end,2,,,,,,,,,Other motor vehicle,,No pedestrians involved,Controls functioning,
,1,,,,,,,,,,,,,1,,,,,,,,,,7/8/2014,1609,14-02510,E COVELL BLVD,,MANZANITA LN,,21802 VC,Other,,,,,,,BIKE VS VEH,,,Bicycle,,No pedestrians involved,Controls functioning,
,,,,,,,,,,,,,,,,,,,,,,,,7/9/2014,1800,14-02522,GRINNELL DR,MONARCH,,,22350VC,Broadside,,,,,,,,,,Parked motor vehicle,,No pedestrians involved,No controls present/factor,
,,,,,,1,,,,,,,,,,,,,1,,1,,,7/11/2014,1400,14-02550,5TH STREET,,E STREET,,22350 VC,Rear end,1,,,,,,,,,Other motor vehicle,,No pedestrians involved,No controls present/factor,
,,,,,,,,,,1,,,,,,,,,,,,,,7/11/2014,2029,14-02558,CRANBROOK CT,"""J"" STREET",,,22350,Other,,,,,,1,PASS. FELL FROM VEHICLE,,,Non-collision,,No pedestrians involved,Controls functioning,
,,,,,,,1,,1,,,,,,,,,,,,,,,7/11/2014,2137,14-02559,E 8TH STREET,,F STREET,,21801(a) CVC,Head on,1,,,,,,,,,Other motor vehicle,,No pedestrians involved,Controls functioning,
,,,,,,,,,,,,,,,,,,,,,,,,7/15/2014,1825,14-02614,POINT REYES PLACE,EL CAPITAN STREET,,,22106,Broadside,1,,,,,,,,,Bicycle,,No pedestrians involved,No controls present/factor,
,,,1,,,,,,,,,,,,,,,,,,,,,7/20/2014,1331,14-02680,CATALINA DR,,W. COVELL BL,,21453(a) VC,Broadside,,,,,,,,,,Other motor vehicle,,No pedestrians involved,Controls functioning,
,,,,,,,,,1,,,,,,,,,,,,1,,,7/22/2014,1153,14-02713,SIXTH STREET,,F STREET,,22450(a) cvc,Broadside,1,,,,,,,,,Other motor vehicle,,No pedestrians involved,Controls functioning,
,1,,,,,,,,,,,,,,,,,,,,,,,7/23/2014,820,14-02726,ARTHUR ST,,COLUSA AVE (SOUTH END),,22017 CVC,Broadside,,,,,,1,,,,Bicycle,,No pedestrians involved,No controls present/factor,
,,,,,,,,,,,,,,,,,,,,,,,,7/23/2014,1709,14-02729,SAN MARINO DRIVE,SANTA PAULA WAY,,,22350 cvc,Rear end,,,,,,,,,,Parked motor vehicle,,No pedestrians involved,No controls present/factor,
,,,,,,,,,,,,,,1,,1,,,,,,,,7/24/2014,1435,14-02735,E COVELL BLVD,POLE LINE RD,,,21804(a) CVC,Broadside,,,,,,,,,,Other motor vehicle,,No pedestrians involved,No controls present/factor,
,,,,,,,,,,,,,,,,,,,,,,,,7/25/2014,1302,14-02745,MACE BL,CHILES RD,,,21804(a) CVC,Broadside,4,,,,,,,,,Other motor vehicle,,No pedestrians involved,Controls functioning,
,,,1,,,,,,,,,,,,,,,,,,,,,7/27/2014,1915,14-02768, BROWN DR,SYCAMORE LANE,,,22350,Rear end,,,,,,,,,,Parked motor vehicle,,No pedestrians involved,No controls present/factor,
,,,,,,,,,,,,,,1,,1,,,,,,,,7/31/2014,1205,14-02813,E COVELL BL,,POLE LINE RD,,21453(a) CVC,Broadside,,,,,,,,,,Other motor vehicle,,No pedestrians involved,Controls functioning,
,,,,1,,,,,,,,,,,,,,,1,,,,,8/1/2014,213,14-02829,RICHARDS BL,,FIRST ST,,22106 VC,Hit object,,,,,,,,,,Fixed object,STREET LIGHT POST,No pedestrians involved,Controls functioning,
,,,,,,,,,,,,,,,,,,,,,,,,8/3/2014,330,14-02848,CHESTNUT PARK,,,,23152(a)(b)VC,Hit object,,,,,,,,,,Fixed object,PILE OF BARK,No pedestrians involved,No controls present/factor,
,1,,,,,,,,,,,,,,,,,,,,,,,8/3/2014,1733,14-02851,E COVELL BL,,INTERSTATE 113 NB,,22450(A) CVC,Other,1,1.0,1.0,,,,VEHICLE-BICYCLE,,,Bicycle,,No pedestrians involved,Controls functioning,
,,,,,,,,,,,,,,,,,,,,,,,,8/4/2014,556,14-02854,DONNER AV,1925 DONNER AV,,,23152(a) cvc,Side swipe,,,,,,,,,,Parked motor vehicle,,No pedestrians involved,No controls present/factor,
,,,,,,,,,,,,,,,,,,,1,,,,,8/12/2014,1145,14-02966,D ST,THIRD ST,,,22350 VC,Side swipe,,,,,,,,,,Parked motor vehicle,,No pedestrians involved,Controls functioning,
,,,,,,1,,,,,,,,,,,,,,,,1,,8/12/2014,1823,14-02973,5TH ST, L STREET,,,22350 VC,Rear end,1,,,,,,,,,Other motor vehicle,,No pedestrians involved,Controls functioning,
,,,,,,,,,,,,,,,,,,,,,,1,,8/13/2014,41,14-02978,3RD ST,J ST,,,22350 vc,Other,1,,,,,,,,,Other object,,No pedestrians involved,Controls functioning,
,,,1,,,,,,,,,,,,,,,,,,,,,8/16/2014,1910,14-03036,ALHAMBRA DR,SAN MIGUEL AVE,,,22350 CVC,Hit object,1,,,,,,,,,Fixed object,EAST CURB OF ALHAMBRA/ TREE,No pedestrians involved,No controls present/factor,
,,,,,,,1,,,,,,,,,1,,,,,,,,8/3/2014,330,14-03039,E. 8TH STREET,,POLE LINE ROAD,,23152(a)(b)vc,Hit object,,,,,,,,,,Fixed object,PEDESTRIAN CROSSWALK POLE,No pedestrians involved,Controls functioning,
,,,,,,,,,,,,,,,,,,,,,,,,8/18/2014,957,14-03053,PARKING LOT OF 409 MACE BL,,,,,Broadside,,,,,,,,,,Other motor vehicle,,No pedestrians involved,No controls present/factor,See report narrative.
,1,,,,1,,,,,,,,,,,,,,,,,,,8/18/2014,1700,14-03060,2ND ST,CANTRILL DR,,,22107 VC,Other,1,1.0,1.0,,,,BICYCLE VS BICYCLE,,,Bicycle,,No pedestrians involved,Controls functioning,
,1,,,,,,,,,,,,,,,,,,,,,,,8/20/2014,1600,14-03085,CHILES RD,EB 80 MACE BLVD OFF RAMP,,,21801(a) CVC,Other,1,1.0,1.0,,,,P-2 FELL OFF BICYCLE,,,Bicycle,,No pedestrians involved,No controls present/factor,
,,,,,,1,,,,,,,,,,,,,1,,1,,,8/22/2014,840,14-03107,5TH ST,,E ST,,21802(a) CVC,Broadside,1,,,,,,,,,Motor vehicle on other roadway,,No pedestrians involved,Controls functioning,
,,,,,,,,,,,,,,,,,,,,,,,,8/18/2014,1325,14-03132,CHILES RD,EL CEMONTE AVE,,,22350,Hit object,,,,,,,,,,Fixed object,35 MPH SPEED LIMIT SIGN,No pedestrians involved,No controls present/factor,
,,,,,,,,,,,1,,,,,,,,,,,,,8/22/2014,1600,14-03147,2222 SYCAMORE LN,,ALVARADO AVENUE,,,Other,,,,,,,UNKNOWN,,,Parked motor vehicle,,No pedestrians involved,No controls present/factor,
,,,,,,,,,,,,,,,,,,,,,,,,8/27/2014,1017,14-03183,W COVELL BL,SHASTA DR,,,22106 CVC,Rear end,1,,,,,,,,,Other motor vehicle,,No pedestrians involved,Controls functioning,
,1,,,,,1,,,1,,,,,,,,,,1,,1,,,8/27/2014,1748,14-03188,F ST,,5TH ST,,22107,Side swipe,1,1.0,1.0,,,,,,,Bicycle,,No pedestrians involved,Controls functioning,
,,,,,,,1,,,,,,,,,,,,,,,,,8/28/2014,2347,14-03216,PENSYLVANIA PLACE,J ST,,,22350 cvc,Hit object,1,,,,,,,,,Fixed object,TREE,No pedestrians involved,No controls present/factor,
,,,,,,,,,,,,,,,,,,,,,,,,8/29/2014,330,14-03219,WESTBOUND I80 OFFRAMP,,MACE BLVD,,22350 VC,Hit object,,,,,,,,,,Fixed object,TRAFFIC SIGN,No pedestrians involved,Controls functioning,
1,,,,,,,,,,,,,,,,,,,,,,,,8/25/2014,800,14-03223,1930 LAKE BL,,,,unknown,Vehicle - pedestrian,1,,,,1.0,,,,,Pedestrian,,Not in road,No controls present/factor,
1,,,,1,,,,,,,,,,,,,,,1,,,,,9/1/2014,2143,14-03262,1ST ST,,E ST,,21950(b) VC,Head on,1,,,,1.0,,,,,Pedestrian,,Crossing in crosswalk at intersection,Controls functioning,