Ped,Bike,Bike Loop,School Area,1st St,E 2nd St,5th St,8th St,B St,F St,J St N,North Sycamore,North Anderson,North Anderson,East Covell,Olive Drive,Pole Line,West Russell,Russell,Downtown,University Rice,Old North,Old East,A St,DATE,TIME,REPORT,STREET 1,STREET 2,DISTANCE,DIRECTION,PRIMARY CAUSE,COLLISION TYPE,INJURY,Bike,5 Year Bike,5 Year  Ped,Ped,FATAL,TYPE OF COLLISION,VEHICLE 1,VEHICLE 2,INVOLVED WITH,OBJECT HIT,PEDESTRIAN ACTION,TRAFFIC CONTROL DEVICES,NOTES
,,,1,,,,,,,,,,,,,,,,,,,,,8/31/2014,0,14-03284,1310 ASPEN PL,EAST FOURTEENTH,,,22107,Other,,,,,,,UNKNOWN,,,Parked motor vehicle,,No pedestrians involved,No controls present/factor,
,,,,,,,,,,,,,,1,,,,,,,,,,9/4/2014,1630,14-03302,E COVELL BLVD,E CURB PROLONGATION FROM DRIVEWAY TO  4000 E COVELL BLVD,,,22350VC,Rear end,1,,,,,,,,,Other motor vehicle,,No pedestrians involved,Controls functioning,
,,,,,,1,,,,,,,,,,,,,1,,1,,,9/6/2014,1704,14-03336,G ST,,5TH ST.,,,Other,1,,,,,,,,,Non-collision,,No pedestrians involved,Controls functioning,
1,1,,,,,,,,,,,,,,,,,,,,,,,9/11/2014,1620,14-03409,RUSSELL BL,,OAK AV,,21451(c) CVC,Other,1,0.5,0.5,,0.5,,BIKE-PED,,,,,Crossing in crosswalk at intersection,Controls functioning,
,,,,,,,,,,,,,,,,,,,,,,,,9/11/2014,1810,14-03411,L ST,,DUKE DR.,,,Other,1,,,,,,,,,Non-collision,,No pedestrians involved,No controls present/factor,
,,,,,,,,,,,,,,,,,,,,,,,,9/13/2014,946,14-03438,CHILES RD,,MACE BL,,22350,Hit object,,,,,,,,,,Fixed object,PED SIGNAL & POLE,No pedestrians involved,Controls functioning,
,1,,1,,,,,,,,,,,,,,,,,,,,,9/17/2014,1652,14-03497,COVELL BL,,CATALINA DR,,,Other,1,1.0,1.0,,,,,,,Bicycle,,No pedestrians involved,Controls functioning,
,,,,,,,,,,,,1,,,,,,,,,,,,9/17/2014,2043,14-03502,ANDERSON RD,ALVARADO AV,,,22350(a) CVC,Hit object,2,,,,,,,,,Fixed object,CEMENT MEDIAN,No pedestrians involved,No controls present/factor,
,,,,,,,,,,,,,,,,,,,,,,,,9/18/2014,1513,14-03510,JOHN JONES RD,W COVELL BL,,,23152(a) CVC,Head on,1,,,,,,,,,Other motor vehicle,,No pedestrians involved,No controls present/factor,
,,,,,,,,,,,,,,,,,,,1,,,,,9/18/2014,1915,14-03514,805 2ND ST,G ST,,,22350,Side swipe,,,,,,,,,,Parked motor vehicle,,No pedestrians involved,No controls present/factor,
,,,1,,,,,,,,,,,,,,,,,,,,,9/20/2014,900,14-03538,W COVELL BL,,OAK AVE,,23152(a),Hit object,1,,,,,,,,,Fixed object,CROSSWALK BUTTON / POLE,No pedestrians involved,Controls functioning,
,1,,,,,,,,,,,,,,1,,,,,,,,,9/25/2014,745,14-03587,RICHARDS BL,OLIVE DRIVE,,,22350,Side swipe,1,1.0,1.0,,,,,,,Bicycle,,No pedestrians involved,No controls present/factor,
,1,,,,,,,1,,,,,,,,,,,1,1,,,,9/27/2014,2350,14-03618,3RD ST,,B ST,,,Broadside,,,,,,,,,,Other motor vehicle,,No pedestrians involved,Controls functioning,
,,,,,,,1,,1,,,,,,,,,,,,,,,9/29/2014,1312,14-03632,E 8TH ST,F ST,,,22350 cvc,Rear end,1,,,,,,,,,Other motor vehicle,,No pedestrians involved,Controls functioning,
,,,,,,,,,,,,,,,,,,,,,,,,10/1/2014,1729,14-03674,COWELL BL,,VALDORA ST,,22350 CVC,Other,,,,,,0,,,,Non-collision,,No pedestrians involved,Controls functioning,
1,,,,,,,,,,,,,,,,,,,,,,,,10/1/2014,2014,14-03676,2135 COWELL BL (PARKING LOT),,,,,Vehicle - pedestrian,1,,,,1.0,,,,,Pedestrian,,In road - includes shoulder,No controls present/factor,
,,,,,,1,,1,,,,,,,,,,,1,1,1,,,10/2/2014,150,14-03678,5TH ST,,B ST,,22350,Hit object,1,,,,,,,,,Fixed object,,Not in road,No controls present/factor,
,,,,,,,,,,,,,1,,,,,,,,,,,10/3/2014,2330,14-03708,RUSSELL BL,,ANDERSON RD,,21801 CVC,Broadside,,,,,,,,,,Other motor vehicle,,No pedestrians involved,Controls functioning,
,,,,,,,,,,,,,,,,,,,,,,,,10/4/2014,1817,14-03722,COWELL BL,VALDORA ST,,,22350 CVC,Rear end,1,,,,,,,,,Parked motor vehicle,,No pedestrians involved,No controls present/factor,
,,,,1,,,,,1,,,,,,,,,,1,,,,,10/7/2014,1930,14-03770,101 F ST,,,,,Other,,,,,,,UNKNOWN,,,Parked motor vehicle,,No pedestrians involved,No controls present/factor,
,,,,,,1,,1,,,,,,,,,,,1,1,1,,,10/9/2014,1210,14-03803,RUSSELL BL,B ST,,,22350,Rear end,,,,,,,,,,Other motor vehicle,,Not in road,Controls functioning,
,,,,,,,1,,,,,,,,,,,,,,,,,10/9/2014,1840,14-03809,E 8TH ST,,L ST,,21801(a) CVC,Broadside,2,,,,,,,,,Other motor vehicle,,No pedestrians involved,Controls functioning,
1,,,,,,,,,,,,,,,1,,,,,,,,,10/11/2014,1135,14-03833,RICHARDS BL,OLIVE DR,,,21804,Vehicle - pedestrian,1,,,,1.0,,,,,Pedestrian,,In road - includes shoulder,No controls present/factor,
,,,,,,,,,,,,,,,,,,,,,,,,10/11/2014,0,14-03835,RUSSELL BL,COLLEGE PARK DRIVE,,,22107,Rear end,1,,,,,,,,,Other motor vehicle,,No pedestrians involved,Controls functioning,
,,,,,1,,,,,,,,,,,,,,,,,1,,10/11/2014,1423,14-03836,2ND ST,L ST,,,22350,Hit object,,,,,,,,,,Fixed object,CURB,No pedestrians involved,No controls present/factor,
,,,,,,,,,,,,,,,,,,,,,,1,,10/11/2014,2347,14-03847,J ST,YALE,,,22350(a) CVC,Side swipe,,,,,,,,,,Other motor vehicle,,No pedestrians involved,No controls present/factor,
,1,,,,,,1,,1,,,,,,,,,,,,,,,10/12/2014,1611,14-03855,E 8TH ST,,F STREET,,21007 PC,Head on,1,1.0,1.0,,,,,,,Bicycle,,No pedestrians involved,Controls functioning,
,1,,,1,,,,,,,,,,,,,,,1,,,,,10/12/2014,1808,14-03858,1ST ST,D ST,,,22107 CVC,Rear end,1,1.0,1.0,,,,,,,Bicycle,VEH VS. BIKE,No pedestrians involved,No controls present/factor,
,,,,,,1,,,,,,,,,,,,,,1,,,1,10/14/2014,1024,14-03880,RUSSELL BL,,A STREET,,22107 PC,Rear end,1,,,,,,,,,Other motor vehicle,,No pedestrians involved,Controls functioning,
,,,,,,,1,,,,,,,,,,,,,,,,,10/14/2014,2102,14-03893,L ST,EAST 8TH ST,,,22106,Rear end,,,,,,,,,,Other motor vehicle,,No pedestrians involved,Controls functioning,
,1,,,,,,,,,,,1,1,,,,,,,,,,,10/15/2014,1940,14-03905, ANDERSON RD,COVELL,,,21801(a) VC,Other,1,1.0,1.0,,,,AUTO VS BIKE,,,Bicycle,,No pedestrians involved,Controls functioning,
,1,,,,,,,,1,,,,,,,,,,,,,,,10/16/2014,1740,14-03928,11 STREET,F SREET,,,22350 vc,Other,,,,,,,AUTO V. BIKE,,,Bicycle,,No pedestrians involved,Controls functioning,
1,,,,1,,,,,1,,,,,,,,,,1,,,,,10/17/2014,240,14-03936,FIRST STREET,F STREET,,,23152(a) VC,Vehicle - pedestrian,1,,,,1.0,,,,,Pedestrian,,Crossing - not in crosswalk,No controls present/factor,
1,,,,,,,,,,,,,1,,,,,,,,,,,10/15/2014,0,14-03940,ANDERSON RD,RADCLIFF ROAD,,,22107,Vehicle - pedestrian,1,,,,1.0,,,,,Pedestrian,,Not in road,No controls present/factor,
,,,,,,,,,,,,,1,,,,,,,,,,,10/15/2014,0,14-03942,ANDERSON RD,RADCLIFF DRIVE,,,22350,Head on,1,,,,,,,,,Fixed object,SIDEWALK CURB,No pedestrians involved,Controls functioning,
,,,,,,,,,,,,,,1,,,,,,,,,,10/17/2014,1347,14-03944,E COVELL BL,L STREET,,,22350,Hit object,,,,,,,,,,Fixed object,RAISED MEDIAN,No pedestrians involved,No controls present/factor,
,1,,,,,,,,,,,,1,,,,,,,,,,,10/17/2014,1415,14-03945,RUSSELL BL,ANDERSON ROAD,,,21453 (A) CVC,Broadside,1,1.0,1.0,,,,,,,Bicycle,,No pedestrians involved,Controls functioning,
,,,,,,,,,,,,,,,,,,,1,,,1,,10/18/2014,1940,14-03962,BETWEEN 3RD / 4TH ST,,RR TRACKS,,23152(b) CVC,Hit object,1,,,,,,,,,Fixed object,RR TRACKS,No pedestrians involved,No controls present/factor,
,,,,,,,,,,,,,,,,,,,,1,,,,10/17/2014,700,14-03971,A ST,RICE LANE,,,22350 VC,Rear end,,,,,,,,,,Other motor vehicle,,No pedestrians involved,No controls present/factor,
,,,1,,,,,,,,,,,,,,,,,,,,,10/19/2014,1645,14-03973,DRUMMOND AV,LILLARD DR,,,22350 CVC,Rear end,,,,,,,,,,Other motor vehicle,,No pedestrians involved,No controls present/factor,
,,,,,1,,,,,,,,,,,,,,,,,,,10/21/2014,1608,14-03989,2ND STREET,MACE BOULEVARD,,,22350 VC,Rear end,2,,,,,,,,,Other motor vehicle,,No pedestrians involved,Controls not functioning,
,1,,,,,,,,,,,,1,,,,,,,,,,,10/23/2014,1800,14-04053,RUSSELL BL,,ANDERSON RD,,uninvolved party,Hit object,1,1.0,1.0,,,,SOLO BICYCLE,,,Fixed object,METAL POLE,No pedestrians involved,Controls functioning,
,1,,,,,,,,1,,,,,,,,,,1,,,,,10/24/2014,945,14-04056,3RD ST,,F ST,,21802(a) vc,Broadside,1,1.0,1.0,,,,,,,Bicycle,,No pedestrians involved,Controls functioning,
,,,,,,,,,,,,,,1,,,,,,,,,,10/27/2014,1618,14-04069,E COVELL BL,L STREET,,,22107 VC,Broadside,2,,,,,,,,,Other motor vehicle,,No pedestrians involved,Controls functioning,
,1,,,,,1,,,,,,,,,,,,,1,,1,,,10/29/2014,1356,14-04097,5TH ST,G STREET,,,27801(a)vc,Other,1,1.0,1.0,,,,VEH VS BIKE,,,Bicycle,,No pedestrians involved,Controls functioning,
,1,,,,,1,,,,,,,,,,,,,1,,1,,,10/29/2014,2105,14-04102,5TH ST,,D ST,,21201(d) VC,Other,1,1.0,1.0,,,,AUTO VS BICYCLE,,,Bicycle,,No pedestrians involved,Controls functioning,
,,,,,,,,,,,,,,,,,1,,,,,,,11/2/2014,1620,14-04153,ARTHUR ST,RUSSELL BOULEVARD,,,22350 CVC,Hit object,,,,,,,,,,Fixed object,PEDESTRIAN SIGNAL POLE/FENCE,No pedestrians involved,Controls functioning,
,,,,,,,,,,,,,,,,,,,,,,,,11/1/2014,1800,14-04155,H STREET,9TH STREET,,,,Side swipe,,,,,,,,,,Parked motor vehicle,,No pedestrians involved,Controls functioning,
,,,,,,,,,1,,,,,1,,,,,,,,,,11/5/2014,850,14-04185,COVELL BLVD,"""F"" STREET",,,22350,Rear end,1,,,,,,,,,Other motor vehicle,,No pedestrians involved,Controls functioning,
,,,,,,,,,,,,,,,,,,,,1,,,,11/5/2014,1205,14-04187, A ST,3RD STREET,,,22350,Other,1,,,,,,LOST CONTROL HIT GROUND,,,Fixed object,STREET,No pedestrians involved,Controls functioning,
,,,,,,1,,,1,,,,,,,,,,1,,1,,,11/5/2014,1555,14-04194,5TH ST,F ST,,,22350,Rear end,2,,,,,,,,,Other motor vehicle,,No pedestrians involved,Controls functioning,
,,,,,,,,,,,,,,,,,,,1,,,,,11/6/2014,1930,14-04219,G ST,4TH STREET,4TH ST,,,Rear end,,,,,,,,,,Parked motor vehicle,,No pedestrians involved,No controls present/factor,
,,,1,,,,,,,,,,,,,,,,,,,,,11/7/2014,840,14-04223,W COVELL BL,,CATALINA DR,,21451(a) CVC,Broadside,1,,,,,,,,,Bicycle,,No pedestrians involved,Controls functioning,
,,,,,,1,,,,,,,,,,,,,1,,1,,,11/7/2014,844,14-04224,5TH ST,,E ST,,,Hit object,,,,,,,,,,Fixed object,CURB AND TREE,No pedestrians involved,Controls functioning,
,1,,,,,,,,,,,,,,,,1,,,,,,,11/7/2014,1938,14-04231,RUSSELL BL,,ARLINGTON BL,,21801(a) vc,Other,1,1.0,1.0,,,,,,,Bicycle,,No pedestrians involved,No controls present/factor,
1,1,,,,,,,,,,,,,,,,,,,,,,,11/8/2014,1757,14-04242,(N SIDEWALK) RUSSELL BL,COLLEGE PK,,,22350 CVC,Other,1,0.5,0.5,,0.5,,BIKE VS PED,,,Pedestrian,,Not in road,No controls present/factor,
,,,,,,1,,,,,,,,,,,,,1,,1,,,11/8/2014,2236,14-04246,D ST,,5TH STREET,,21802(a) CVC,Broadside,1,,,,,,,,,Other motor vehicle,,No pedestrians involved,Controls functioning,
,,,,,,,,,,,,,,,,,,,,,,,,11/10/2014,1114,14-04262,SYCAMORE LN,DRAKE DR,,,22350 CVC,Hit object,,,,,,,,,,Other object,PARKED VEHCILE/ HOUSE,No pedestrians involved,Controls functioning,
,1,,,,,,,,,,,,,,,,,1,,,,,,11/10/2014,1615,14-04271,RUSSELL BL,,CALIFORNIA AVE,,21800 CVC,Other,1,1.0,1.0,,,,VEH VS BIKE,,,Bicycle,,No pedestrians involved,Controls functioning,
,1,,,,,,,,,,,,,,,,,,,,,,,11/13/2014,850,14-04302,RICHARDS BL,RESEARCH PARK RD,,,22107 CVC,Other,1,1.0,1.0,,,,VEH VS BICYCLE,,,Bicycle,,No pedestrians involved,No controls present/factor,
,,,,,,,,,,,,,,,,,,,,,,,,11/13/2014,925,14-04307,LAKE BL,,W COVELL BL,,22450(a),Broadside,1,,,,,,,,,Other motor vehicle,,No pedestrians involved,Controls functioning,
,,,,,,,,,,,,,,,,,,,,,,,,11/14/2014,2109,14-04335,MACE BLVD,,WESTBOUND I-80 OFF RAMP,,21453(A) VC,Broadside,1,,,,,,,,,Other motor vehicle,,No pedestrians involved,Controls functioning,
,,,,,,,,,,,,,,,,,,,,,,,,11/14/2014,2316,14-04337,MACE BL,,ON RAMP TO I-80 WEST,,23152(a)(b)VC,Hit object,1,,,,,,,,,Fixed object,CEMENT BARRIER,No pedestrians involved,Controls functioning,
,,,,,,,,,,,,,,,,,,,,,,,,11/15/2014,1200,14-04341,MACE BLVD,,1-80 W/B OFF RAMP,,21453(a),Overturned,1,,,,,,,,,Non-collision,,No pedestrians involved,Controls functioning,
,1,,,,,,,,,,1,,,,,,,,,,,,,11/15/2014,1255,14-04344,SYCAMORE LN,,W COVELL BL,,21451(a) CVC,Broadside,1,1.0,1.0,,,,,,,Bicycle,,No pedestrians involved,Controls functioning,
,,,,,,,,,,,,,,,,,,,,,,,,11/17/2014,1256,14-04372,MACE BLVD,BLUE OAKS,,,22350,Hit object,,,,,,,,,,Fixed object,,No pedestrians involved,Controls functioning,
,,,1,,,,,,,,,,,1,,,,,,,,,,11/17/2014,1718,14-04382,E COVELL BL,BIRCH LANE,BIRCH LANE,,22350,Rear end,1,,,,,,,,,Other motor vehicle,,No pedestrians involved,Controls functioning,
,,,,,,,,,,,,,,,,,,,,,,,,11/18/2014,1532,14-04398,ROGERS ST,,ROOS ST,,22350(a) CVC,Hit object,1,,,,,,,,,Fixed object,,No pedestrians involved,No controls present/factor,
,,,,,1,,,,,,,,,,,,,,,,,,,10/31/2014,1606,14-04400,2ND STREET,,MACE BLVD,,22350VC,Rear end,,,,,,,,,,Other motor vehicle,,No pedestrians involved,Controls functioning,
,1,,,,,,,,,,,,,1,,,,,,,,,,11/20/2014,742,14-04418,E COVELL BL,,MONARCH LN,,22450(a) CVC,Other,1,1.0,1.0,,,,,,,Bicycle,,No pedestrians involved,Controls functioning,
,,,,,,,,,,,,,,,1,,,,,,,,,11/26/2014,1443,14-04499,RICHARDS BLVD,OLIVE DR,,,22107 CVC,Side swipe,,,,,,,MINOR DAMAGE,,,Other motor vehicle,,No pedestrians involved,Controls functioning,
,,,,,,,,,,,,,,,,,1,,,,,,,11/29/2014,415,14-04521,ARTHUR ST,RUSSELL BLVD,,,22350 CVC,Head on,,,,,,,,,,Parked motor vehicle,,No pedestrians involved,No controls present/factor,21650 CVC
,,,,1,,,,,,,,,,,,,,,1,,,,,11/30/2014,1605,14-04532,1ST STREET,D STREET,,,21460(a) CVC,Side swipe,,,,,,,,,,Other motor vehicle,,No pedestrians involved,Controls functioning,
1,,,,,,1,,,,,,,,,,,,,,,,1,,12/1/2014,2146,14-04551,J ST,,5TH ST,,21950(A) CVC,Vehicle - pedestrian,1,,,,1.0,,,,,Pedestrian,,Crossing in crosswalk at intersection,No controls present/factor,There is a flashing beacon
,,,,,,,,,1,,,,,1,,,,,,,,,,12/3/2014,858,14-04574,W COVELL BLVD,F ST,,,22350 CVC,Rear end,2,,,,,,,,,Other motor vehicle,,No pedestrians involved,Controls functioning,
,,,,,,,1,,1,,,,,,,,,,,,,,,12/7/2014,0,14-04652,F ST,8TH STREET,,,,Hit object,1,,,,,,,,,Fixed object,TREE,No pedestrians involved,Controls functioning,
,1,,,,,,,,,,,,,,,,1,,,,,,,12/8/2014,2209,14-04664,RUSSELL BL,,ARTHUR STREET,,,Other,1,1.0,1.0,,,,,,,Bicycle,,No pedestrians involved,Controls functioning,
,,,,,,,,1,,,,,,,,,,,1,1,,,,12/9/2014,134,14-04666,B STREET,,2ND STREET,,22450(a) VC,Broadside,1,,,,,,,,,Other motor vehicle,,No pedestrians involved,Controls functioning,
1,,,1,,,,,,,,,,,,,,,,,,,,,12/9/2014,822,14-04667,ALHAMBRA AVE,,5TH STREET,,22350 cvc,Vehicle - pedestrian,1,,,,1.0,,VEH VS PED,,,Pedestrian,,Crossing in crosswalk at intersection,Controls functioning,
,1,,,,,1,,,,,,,,,,,,,,,,1,,12/9/2014,1716,14-04680,5TH ST,,K STREET,,21804(A) vc,Other,1,1.0,1.0,,,,VEH VS BIKE,,,Bicycle,,No pedestrians involved,Controls functioning,21201(d) VC
,,,,,,,,,,,,,,,,,,,,,,,,12/10/2014,100,14-04689,COLUSA AV,,,,,Other,,,,,,,PARKED VEHICLE,,,Other motor vehicle,,No pedestrians involved,No controls present/factor,
,,,,,,,,,,,,,,,,1,,,,,,,,12/11/2014,1135,14-04697,5TH ST,POLE LINE RD,,,22350 cvc,Rear end,,,,,,,,,,Other motor vehicle,,No pedestrians involved,Controls functioning,
,,,,1,,,,,,,,,,,,,,,1,,,,,12/12/2014,2215,14-04707,D STREET,,FIRST ST,,23152(a),Broadside,,,,,,,,,,Other motor vehicle,,No pedestrians involved,Controls functioning,
,,,,,,,,,,,,,,,,,,,,,,,,12/12/2014,1730,14-04714,616 OHLONE ST,MONO PLACE,,,,Side swipe,,,,,,,,,,Parked motor vehicle,,No pedestrians involved,No controls present/factor,
,1,,,,,,,,,,,,,,,,,,,,,,,12/16/2014,1858,14-04758,RUSSELL BL,,OAK AV,,22350 CVC,Other,1,1.0,1.0,,,,T-COLLISION,,,Bicycle,,No pedestrians involved,Controls functioning,
1,,,,,,,,1,,,,,,,,,,,1,1,,,,12/17/2014,1746,14-04768,2ND ST,,B ST,,21950(a),Vehicle - pedestrian,1,,,,1.0,,,,,Pedestrian,,Crossing in crosswalk at intersection,No controls present/factor,
,,,,,,,,,,,,,,,,,,,,,,,,12/17/2014,2338,14-04772,CHILES RD,VISTOSA WAY,,,22107 VC,Broadside,1,,,,,,,,,Other motor vehicle,,No pedestrians involved,No controls present/factor,
,,,1,,,,,,1,,,,,,,,,,,,,,,12/18/2014,1800,14-04787,F ST,E 14TH ST,,,22350 VC,Rear end,1,,,,,,,,,Other motor vehicle,,No pedestrians involved,Controls functioning,
,,,,,,,,,1,,,,,,,,,,,,,,,12/22/2014,1939,14-04837,NORTH F ST PARKING LOT,,,,22107 vc,Side swipe,,,,,,,,,,Parked motor vehicle,,No pedestrians involved,Controls functioning,
,,,,,,,,,1,,,,,1,,,,,,,,,,12/30/2014,1220,14-04920,WEST COVELL BOULEVARD,F STREET WB COVELL BOULEVARD,,,22107 CVC,Side swipe,1,,,,,,,,,Other motor vehicle,,No pedestrians involved,Controls functioning,
,1,,,,,,,,,1,,,,1,,,,,,,,,,12/31/2014,811,14-04929,E. COVELL BLVD,J STREET,,,22350 vc,Other,1,1.0,1.0,,,,,,,Bicycle,,No pedestrians involved,Controls functioning,
,,,,,,,,,,,,,,,,,,,,,,,,12/31/2014,912,14-04932,RUSSELL BL,SYCAMORE LN,,,22350(a) CVC,Hit object,,,,,,,,,,Fixed object,LIGHT POLE,No pedestrians involved,Controls functioning,
,,,,,,,,,,,,,,,,,,,,,,,,12/31/2014,2227,14-04939,ROCKWELL DR,MOORE BLVD,,,21650,Hit object,,,,,,,,,,Fixed object,ROAD SIGN - MEDIAN APPROACHING,No pedestrians involved,No controls present/factor,
,,,,,,,,,,1,,,,,,,,,,,,,,1/2/15,3,15-00012,J ST,KENNEDY PLACE,,,23152(B) VC,REAR END,,,,,,,PARKED MOTOR VEHICLE,,,,,NO PEDESTRIANS INVOLVED,NO CONTROLS PRESENT/FACTOR,
,,,,,,,,,,,,,,1,,,,,,,,,,1/4/15,1540,15-00031,E COVELL BL,L STREET/ COVELL BOULEVARD,,,22350 CVC,HIT OBJECT,,,,,,,FIXED OBJECT,,,,TREE IN CENTER MEDIAN,NO PEDESTRIANS INVOLVED,NO CONTROLS PRESENT/FACTOR,
,,,,,,,,,,,,,,,,,1,,,,,,,1/5/15,1551,15-00041,RUSSELL BL,EISENHOWER ST,,,22350 CVC,REAR END,1,,,,,,OTHER MOTOR VEHICLE,,,,,NO PEDESTRIANS INVOLVED,NO CONTROLS PRESENT/FACTOR,
,,,,,1,,,,,,,,,,,,,,,,,,,1/6/15,1125,15-00055,MACE BL,,2ND STREET,,22350 vc,Rear end,1,,,,,,,,,Other motor vehicle,,No pedestrians involved,Controls functioning,
,1,,,,,1,,,,,,,,,,,,,1,,1,,,1/7/15,853,15-00073,5TH ST,D ST,,,22350,OTHER,1,1.0,1.0,,,,BICYCLE,,,BICYCLE VS BICYCLE,,NO PEDESTRIANS INVOLVED,NO CONTROLS PRESENT/FACTOR,
,1,,1,,,,,,,,,,,,,,,,,,,,,1/7/15,1039,15-00075,COVELL BLVD,,OAK AVE,,21451(a) CVC,BROADSIDE,1,1.0,1.0,,,,BICYCLE,,,,,NO PEDESTRIANS INVOLVED,CONTROLS FUNCTIONING,
,,,,,,,,,,,,,,,,,,,,,,,,1/8/15,647,15-00093,MACE BL,COWELL BLVD,,,22350 CVC,REAR END,,,,,,,OTHER MOTOR VEHICLE,,,,,NO PEDESTRIANS INVOLVED,CONTROLS FUNCTIONING,
,1,,,,,,,,,,,,,,,,,,,,,,,1/8/15,1815,15-00106,CHILES RD,,ENSENADA DRIVE,,21801(a)VC,OTHER,1,1.0,1.0,,,,BICYCLE,,,,,NO PEDESTRIANS INVOLVED,NO CONTROLS PRESENT/FACTOR,
,1,,,,,,,,,,,,1,,,,,,,,,,,1/10/15,1736,15-00137,ANDERSON RD,RUSSELL BLVD.,,,21804(a) CVC,OTHER,1,1.0,1.0,,,,BICYCLE,,,,,NO PEDESTRIANS INVOLVED,NO CONTROLS PRESENT/FACTOR,
,,,,,,,,,,,,,,,,,,,,,,,,1/10/15,1720,15-00138,TULIP LN,JAVIER PL,,,vc 22350,OTHER,2,,,,,,,,,,,NO PEDESTRIANS INVOLVED,NO CONTROLS PRESENT/FACTOR,
,,,,,,,,,,,,,,,,,,,,,,,,1/13/15,712,15-00166,ARLINGTON BLVD,CABOT ST,,,22350vc,HIT OBJECT,,,,,,,FIXED OBJECT,,,,CURB,NO PEDESTRIANS INVOLVED,CONTROLS FUNCTIONING,
,1,,,,,,,,,,,,,,1,,,,,,,,,1/12/15,2000,15-00252,OLIVE DR,,RICHARDS BLVD,,21801(a) CVC,OTHER,,,,,,,BICYCLE,,,,,NO PEDESTRIANS INVOLVED,CONTROLS FUNCTIONING,
,,,,,1,,,,,,,,,,,,,,,,,,,1/16/15,1228,15-00271,MACE BLVD,2ND ST,,,22107 CVC,REAR END,,,,,,,OTHER MOTOR VEHICLE,,,,,NO PEDESTRIANS INVOLVED,NO CONTROLS PRESENT/FACTOR,
,,,,,,,,,,,,,,,,,,,,,,,,1/7/15,746,15-00278,I-80 WEST OFFRAMP,,MACE BOULEVARD,,23152 (a) CVC,REAR END,,,,,,,OTHER MOTOR VEHICLE,,,,,NO PEDESTRIANS INVOLVED,CONTROLS FUNCTIONING,
,,,,1,,,,,,,,,,,,,,,1,,,,,1/17/15,1845,15-00284,1ST ST,D STREET,,,22350 VC,REAR END,3,,,,,,OTHER MOTOR VEHICLE,,,,,CROSSING IN CROSSWALK AT INTERSECTION,CONTROLS FUNCTIONING,
,1,,,,,,,,,,,,,,,,,,,,,,,1/18/15,50,15-00304,RICHARDS BLVD,,I-80 EAST ON RAMP,,21650.1 CVC,OTHER,1,1.0,1.0,,,,BICYCLE,,,,,NO PEDESTRIANS INVOLVED,CONTROLS FUNCTIONING,
,,,1,,,,,,,,,,,,,,,,,,,,,1/20/15,2237,15-00331,COOLIDGE ST,AMADOR AVE,,,23152 VC,SIDE SWIPE,,,,,,,PARKED MOTOR VEHICLE,,,,,NO PEDESTRIANS INVOLVED,CONTROLS FUNCTIONING,22350 VC
,,,,,,,,,,,,,,,,,,,,,,,,1/21/15,852,15-00335,MACE BL,,REDBUD DR,,21802(a) CVC,BROADSIDE,,,,,,,MOTOR VEHICLE ON OTHER RDWAY,,,,,NO PEDESTRIANS INVOLVED,CONTROLS FUNCTIONING,
,,,,,,,,,,,,,,,1,,,,,,,,,1/22/15,2105,15-00378,RICHARDS BLVD,OLIVE DRIVE,,,23152 (b) CVC,REAR END,1,,,,,,OTHER MOTOR VEHICLE,,,,,NO PEDESTRIANS INVOLVED,CONTROLS FUNCTIONING,
,,,,,,,,,,,,,,,1,,,,,,,,,1/24/15,1308,15-00401,RICHARDS BLVD,,OLIVE DRIVE,,22107 CVC,BROADSIDE,,,,,,,OTHER MOTOR VEHICLE,,,,,NO PEDESTRIANS INVOLVED,CONTROLS FUNCTIONING,
,1,,,,1,,,,,,,,,,,,,,,,,,,1/27/15,1650,15-00442,CANTRILL DR,,2ND ST,,21802a CVC,OTHER,1,1.0,1.0,,,,BICYCLE,,,BICYCLE,,NO PEDESTRIANS INVOLVED,NO CONTROLS PRESENT/FACTOR,
,,,,,1,,,,,,,,,,,,,,,,,,,1/29/15,1155,15-00478,2ND ST,,CANTRILL DR,,22350vc,HIT OBJECT,1,,,,,,OTHER OBJECT,,,,,NO PEDESTRIANS INVOLVED,CONTROLS FUNCTIONING,
,,,,,1,,,,,,,,,,,,,,,,,,,1/30/15,1145,15-00499,2ND ST,PENA ST,,,22350 CVC,REAR END,1,,,,,,OTHER MOTOR VEHICLE,,,,,NO PEDESTRIANS INVOLVED,NO CONTROLS PRESENT/FACTOR,
,1,1,,,,,,,,,,,,,,,1,,,,,,,2/3/15,1945,15-00562,BIKE PATH SOUTH OF RUSSELL BL,ARTHUR,,,,OTHER,1,1.0,1.0,,,,NON-COLLISION,,,BICYCLE,,NO PEDESTRIANS INVOLVED,NO CONTROLS PRESENT/FACTOR,
,,,,,,,,,,,,,,,,,,,,,,,,1/14/15,917,15-00569,KOSO ST,,,,,,,,,,,,,,,,,,,
,,,,,,,,,,,,,,,,,,,,,,,,2/6/15,1520,15-00604,RUSSELL BLVD,OAK,,,22350 vc,OVERTURNED,1,,,,,,FIXED OBJECT,,,SOLO MOTOR,ROADWAY,NO PEDESTRIANS INVOLVED,CONTROLS FUNCTIONING,
,1,1,1,,,,,,,,,,,,,,,,,,,,,2/6/15,1845,15-00606,SYCAMORE LN,VILLANOVA DRIVE,,,21801(a) CVC,HEAD-ON,1,1.0,1.0,,,,BICYCLE,,,,,NO PEDESTRIANS INVOLVED,NO CONTROLS PRESENT/FACTOR,