Ped,Bike,Bike Loop,School Area,1st St,E 2nd St,5th St,8th St,B St,F St,J St N,North Sycamore,North Anderson,North Anderson,East Covell,Olive Drive,Pole Line,West Russell,Russell,Downtown,University Rice,Old North,Old East,A St,DATE,TIME,REPORT,STREET 1,STREET 2,DISTANCE,DIRECTION,PRIMARY CAUSE,COLLISION TYPE,INJURY,Bike,5 Year Bike,5 Year  Ped,Ped,FATAL,TYPE OF COLLISION,VEHICLE 1,VEHICLE 2,INVOLVED WITH,OBJECT HIT,PEDESTRIAN ACTION,TRAFFIC CONTROL DEVICES,NOTES
,,,,,,,,,,,,,,,,,,,,,,,,2/8/15,1847,15-00636,ARROYO AV,VALEROSA WAY,,,22350  VC,REAR END,1,,,,,,PARKED MOTOR VEHICLE,,,,,NO PEDESTRIANS INVOLVED,CONTROLS FUNCTIONING,
,,,,,,,,1,,,,,,,,,,,,,1,,,2/10/15,1510,15-00662,B ST,,7TH STREET,,21802(a)vc,BROADSIDE,1,,,,,,OTHER MOTOR VEHICLE,,,,,NO PEDESTRIANS INVOLVED,CONTROLS FUNCTIONING,
1,,,,1,,,,,,,,,,,,,,,1,,,,,2/12/15,1930,15-00701,1ST ST,,E ST,,21453(b) ,VEHICLE-PEDESTRIAN,1,,,,1.0,,PEDESTRIAN,,,,,CROSSING IN CROSSWALK AT INTERSECTION,CONTROLS FUNCTIONING,
,1,1,1,,,,,,,,,,1,,,,,,,,,,,2/13/15,1645,15-00722,ANDERSON RD,,VILLANOVA DR,,21453(a) CVC,OTHER,1,1.0,1.0,,,,BICYCLE,,,,,NO PEDESTRIANS INVOLVED,CONTROLS FUNCTIONING,
,,,,,,,,,,,,,,,,,,,,,,,,2/14/15,148,15-00729,RUSSELL BL,,COLLEGE PARK,,23152(a) CVC,HIT OBJECT,,,,,,,FIXED OBJECT,,,,TRAFFIC SIGN,NO PEDESTRIANS INVOLVED,CONTROLS FUNCTIONING,
,,,,,1,,,,,,,,,,,,,,,,,1,,2/21/15,0,15-00823,2ND ST,,L ST,,23152(A),HIT OBJECT,,,,,,,FIXED OBJECT,,,,,NO PEDESTRIANS INVOLVED,CONTROLS FUNCTIONING,
,,,,,,,,,,,,,,,,,,,1,,,,,2/19/15,1700,15-00832,C ST,4TH ST,,,22106,REAR END,,,,,,,PARKED MOTOR VEHICLE,,,,,NO PEDESTRIANS INVOLVED,NO CONTROLS PRESENT/FACTOR,
,,,,,,,,,,,,,,,,,,,1,,,,,2/21/15,1843,15-00834,4TH ST,,F ST,,23152(a) VC,BROADSIDE,1,,,,,,OTHER MOTOR VEHICLE,,,,,NO PEDESTRIANS INVOLVED,CONTROLS FUNCTIONING,
,,,,,,,,,,,,,,,,,,,,,,,,2/25/15,1700,15-00883,PRIVATE PROPERTY,,,,,HIT OBJECT,1,,,,,,FIXED OBJECT,,,VEH INTO BUSINESS,,NO PEDESTRIANS INVOLVED,CONTROLS FUNCTIONING,
,,,,,,1,,,,,,,,,,,,,,1,,,1,2/27/15,156,15-00902,RUSSELL BL/A STREET,NORTH CURBLINE OF RUSSELL BOULEVARD,,,23152,HIT OBJECT,,,,,,,FIXED OBJECT,,,,,NO PEDESTRIANS INVOLVED,CONTROLS FUNCTIONING,
,,,,,,,,,,,,,,,,1,,,,,,,,3/2/15,227,15-00934,POLE LINE RD,COWELL BLVD,,,23152(a) VC,HIT OBJECT,1,,,,,,FIXED OBJECT,,,,"TREE, WALL",NO PEDESTRIANS INVOLVED,CONTROLS FUNCTIONING,
,1,,,,,,,,,,,,,,,1,,,,,,,,3/3/15,1622,15-00973,POLE LINE RD,,CLAREMONT DR,,22350,OTHER,1,1.0,1.0,,,,BICYCLE,,,VEHICLE VS BIKE,,NO PEDESTRIANS INVOLVED,CONTROLS FUNCTIONING,
,,,,,,,1,,,,,,,,,,,,,,,,,3/5/15,1846,15-00998,W 8TH ST,,OAK AVE,,21801(a) VC,HEAD-ON,2,,,,,,OTHER MOTOR VEHICLE,,,,,NO PEDESTRIANS INVOLVED,CONTROLS FUNCTIONING,
,,,1,,,,,,,,,,,,,,,,,,,,,3/6/15,2020,15-01013,CATALINA DR,COVELL BL,,,22350,REAR END,,,,,,,OTHER MOTOR VEHICLE,,,,,NO PEDESTRIANS INVOLVED,CONTROLS FUNCTIONING,
,,,,,,,,1,,,,,,,,,,,,,,,,3/7/15,119,15-01017,302 11TH ST,SOUTH CURBLINE OF 11TH STREET,,,23152(a),REAR END,,,,,,,PARKED MOTOR VEHICLE,,,,,NO PEDESTRIANS INVOLVED,NO CONTROLS PRESENT/FACTOR,
,1,,,,,,,,,,,,,,,,,,,,,,,3/8/15,326,15-01026,L ST,DUKE DR,,,21209(a) CVC,OTHER,1,1.0,1.0,,,,BICYCLE,,,AUTO VS BIKE,,NO PEDESTRIANS INVOLVED,NO CONTROLS PRESENT/FACTOR,
,,,,,,,,,,,,,,,,,,,,,,,,3/8/15,1553,15-01035,2121 COWELL BL,,,,,,,,,,,,,,,,,,,
,,,1,,,,,,,,,,,,,,,,,,,,,3/11/15,849,15-01076,W COVELL BL,CATALINA DR,,,22350 VC,REAR END,,,,,,,OTHER MOTOR VEHICLE,,,,,NO PEDESTRIANS INVOLVED,CONTROLS FUNCTIONING,
,,,,,,,,,,,,,,,,,,,,,,,,3/11/15,1434,15-01080,LAKE BL,ARLINGTON BL,,,22350,REAR END,1,,,,,,PARKED MOTOR VEHICLE,,,,,NO PEDESTRIANS INVOLVED,NO CONTROLS PRESENT/FACTOR,
,1,,,,,,,,,,,,,,,,,1,,,,,,3/14/15,1453,15-01101,RUSSELL BOULEVARD,,CALIFORNIA AVENUE,,21650.1 CVC,OTHER,1,1.0,1.0,,,,BICYCLE,,,,,NO PEDESTRIANS INVOLVED,CONTROLS FUNCTIONING,
,,,,,,,,,,,,,,,,,1,,,,,,,3/17/15,1215,15-01147,RUSSELL BLVD,HWY 113 NORTH ON RAMP,,,22106 CVC,SIDE SWIPE,1,,,,,,OTHER MOTOR VEHICLE,,,,,NO PEDESTRIANS INVOLVED,NO CONTROLS PRESENT/FACTOR,
,1,,,,,,,1,,,,,,,,,,,1,1,,,,3/19/15,1500,15-01185,3RD ST,B ST,,,21703 CVC,OTHER,1,1.0,1.0,,,,BICYCLE,,,BICYCLE,,NO PEDESTRIANS INVOLVED,CONTROLS FUNCTIONING,
,1,,1,,,,1,,,,,,1,,,,,,,,,,,3/20/15,756,15-01197,ANDERSON RD,8TH ST,,,,OTHER,1,1.0,1.0,,,,NON-COLLISION,,,SOLO BICYCLE,,NO PEDESTRIANS INVOLVED,NO CONTROLS PRESENT/FACTOR,
,,,,,,,,,,,,,,,,1,,,,,,,,3/18/15,1015,15-01202,POLE LINE RD,,,,,,,,,,,,,,,,,,,
,,,,,,,,,,,,,,,,,,,,,,,,3/20/15,1730,15-01231,COWELL BL,,MACE BL,,,,,,,,,,,,,,,,,
,,,,,,,,,,,,,,,,1,,,,,,,,3/27/15,59,15-01279,POLE LINE RD,LEHIGH DRIVE,,,22350 cvc,HIT OBJECT,,,,,,,FIXED OBJECT,,,,CENTER DIVIDE/ TREE / SIGN,NO PEDESTRIANS INVOLVED,NO CONTROLS PRESENT/FACTOR,
,,,1,,,,,,,,,,,,,,,,,,,,,4/5/15,1257,15-01421,ALHAMBRA DR,LOYOLA DR,,,22350 CVC,HIT OBJECT,,,,,,,FIXED OBJECT,,,,,NO PEDESTRIANS INVOLVED,CONTROLS FUNCTIONING,
,,,,,,,,,,,,,,1,,1,,,,,,,,4/5/15,1455,15-01422,E COVELL BL,POLELINE RD,,,22350 VC,REAR END,2,,,,,,OTHER MOTOR VEHICLE,,,,,NO PEDESTRIANS INVOLVED,CONTROLS FUNCTIONING,
,,,,,,,,,,,,,,,,,,,,,,,,4/8/15,246,15-01457,OFF RAMP FROM W/B I-80,MACE BLVD,,,22350,HIT OBJECT,,,,,,,FIXED OBJECT,,,CENTER ISLAND,CURBING AND ISLAND,NO PEDESTRIANS INVOLVED,CONTROLS FUNCTIONING,
,,,,1,,,,,,,,,,,,,,,1,,,,,4/9/15,1438,15-01489,1ST ST,,C ST,,22350,REAR END,,,,,,,OTHER MOTOR VEHICLE,,,,,NO PEDESTRIANS INVOLVED,NO CONTROLS PRESENT/FACTOR,
,1,,,,,,,,,,,,,,1,,,,,,,,,4/10/15,810,15-01509,RICHARDS BOULEVARD,OLIVE DRIVE,APPROX,,22350 cvc,OTHER,1,1.0,1.0,,,,BICYCLE,,,,,NO PEDESTRIANS INVOLVED,NO CONTROLS PRESENT/FACTOR,
,1,,,,,,1,,,,,,,,,,,,,,,,,4/10/15,1822,15-01512,E 8TH ST,,L ST,,21801(a) CVC,OTHER,1,1.0,1.0,,,,BICYCLE,,,AUTO VS BIKE,,NO PEDESTRIANS INVOLVED,CONTROLS FUNCTIONING,
,,1,1,,,,,,,,,,,,,,,,,,,,,4/11/15,1616,15-01520,1415 OAK AV,14TH STREET,,,22107 CVC,SIDE SWIPE,1,,,,,,OTHER MOTOR VEHICLE,,,,,NO PEDESTRIANS INVOLVED,NO CONTROLS PRESENT/FACTOR,
,,,,,,,,,,,,,,,,,,,,,,,,4/14/15,1547,15-01552,PORTAGE BAY WEST,LAKE BLVD,,,22350 vc,HEAD-ON,,,,,,,PARKED MOTOR VEHICLE,,,,,NO PEDESTRIANS INVOLVED,NO CONTROLS PRESENT/FACTOR,
,,,,,,,,,,,,,,,,1,,,,,,,,4/17/15,203,15-01584,POLE LINE RD,LOYOLA DR,,,22350 CVC,REAR END,,,,,,,PARKED MOTOR VEHICLE,,,,,NO PEDESTRIANS INVOLVED,NO CONTROLS PRESENT/FACTOR,
,,1,1,,,,,,,,,,,,,,,,,,,,,4/17/15,2100,15-01613,BROWN DR,SYCAMORE LN,,,,SIDE SWIPE,,,,,,,PARKED MOTOR VEHICLE,,,,,NO PEDESTRIANS INVOLVED,NO CONTROLS PRESENT/FACTOR,
,1,,,,,,,,,,,,,,,,,,,,,,,4/21/15,840,15-01688,SPAFFORD ST,PENA,,,,OTHER,1,1.0,1.0,,,,BICYCLE,,,VEHICLE VS BIKE,,NO PEDESTRIANS INVOLVED,CONTROLS FUNCTIONING,
,,,,,,,,,,,,,,,,,,,,,,,,4/21/15,2212,15-01712,CUMBERLAND PL,HUDSON STREET,,,23152(a) CVC,HIT OBJECT,,,,,,,FIXED OBJECT,,,,WOOD FENCE,NO PEDESTRIANS INVOLVED,NO CONTROLS PRESENT/FACTOR,
,,,,,,1,,,,,,,,,,,,,,1,,,1,4/22/15,450,15-01713,RUSSELL BL,A STREET,,,§22350 CVC,SIDE SWIPE,,,,,,,FIXED OBJECT,,,,,NO PEDESTRIANS INVOLVED,NO CONTROLS PRESENT/FACTOR,
,,,,,,,,,,,,,,,,,1,,,,,,,4/27/15,1816,15-01790,RUSSELL BLVD,,HIGHWAY 113,,21453(a) VC,BROADSIDE,,,,,,,OTHER MOTOR VEHICLE,,,,,NO PEDESTRIANS INVOLVED,CONTROLS FUNCTIONING,
,,,,,,,,,1,,,,,1,,,,,,,,,,4/28/15,1445,15-01807,F ST,14TH ST,,,22350(a) CVC,REAR END,1,,,,,,OTHER MOTOR VEHICLE,,,,,NO PEDESTRIANS INVOLVED,NO CONTROLS PRESENT/FACTOR,
,,,,,,,,,,,,,,,,,,,,,,,,4/29/15,2111,15-01824,ARLINGTON BL,CABOT STREET,,,22350 VC,HIT OBJECT,1,,,,,,FIXED OBJECT,,,,TREE,NO PEDESTRIANS INVOLVED,CONTROLS FUNCTIONING,
,1,,,,,,,,,,,,,,,,,,,,,,,4/30/15,1338,15-01832,COWELL BLVD,MACE BLVD,,,21804(a) CVC,OTHER,1,1.0,1.0,,,,BICYCLE,,,,,NO PEDESTRIANS INVOLVED,NO CONTROLS PRESENT/FACTOR,
,1,,,,,,,,,,,1,1,,,,,,,,,,,5/1/15,1334,15-01850,ANDERSON RD,,COVELL BLVD,,21451(a) CVC,OTHER,1,1.0,1.0,,,,BICYCLE,,,,,NO PEDESTRIANS INVOLVED,CONTROLS FUNCTIONING,
,,,,,,,,,,,,,,,,1,,,,,,,,5/1/15,1958,15-01856,POLE LINE RD,MOORE ROAD,,,22350VC,REAR END,1,,,,,,OTHER MOTOR VEHICLE,,,,,NO PEDESTRIANS INVOLVED,CONTROLS FUNCTIONING,
,1,,1,,,,1,,,,,,,,,,,,,,,,,5/2/15,901,15-01863,E 8TH ST,,CHESTNUT LN,,21650.1,OTHER,1,1.0,1.0,,,,BICYCLE,,,,,NO PEDESTRIANS INVOLVED,NO CONTROLS PRESENT/FACTOR,
,,,,,,,,,1,,,,,1,,,,,,,,,,5/5/15,1601,15-01911,COVELL BLVD,F ST,,,22350(a) CVC,REAR END,1,,,,,,OTHER MOTOR VEHICLE,,,,,NO PEDESTRIANS INVOLVED,CONTROLS FUNCTIONING,
,,,,,,,,,,,,,,,,,,,,,,,,5/5/15,1800,15-01919,PORTAGE BAY WEST,LAKE BLVD,,,22106 VC,OTHER,,,,,,,PARKED MOTOR VEHICLE,,,,,NO PEDESTRIANS INVOLVED,NO CONTROLS PRESENT/FACTOR,
,,,,,,,,,,,,,,,,,1,,,,,,,5/4/15,755,15-01920,RUSSELL BL,,ARTHUR ST,,22350,REAR END,,,,,,,OTHER MOTOR VEHICLE,,,,,NO PEDESTRIANS INVOLVED,CONTROLS FUNCTIONING,
,1,,,,,,1,1,,,,,,,,,,,,,,,,5/11/15,1113,15-01990,B ST,,8TH STREET,,22350 vc,OTHER,1,1.0,1.0,,,,BICYCLE,,,BIKE V VEHICLE,,NO PEDESTRIANS INVOLVED,CONTROLS FUNCTIONING,
,,,1,,,,,,,,,,,,,,,,,,,,,5/12/15,2114,15-02015,OAK AV,,COVELL BLVD,,21453(a) VC,BROADSIDE,2,,,,,,OTHER MOTOR VEHICLE,,,,,NO PEDESTRIANS INVOLVED,CONTROLS FUNCTIONING,
,,,,,,1,,,,,,,,,,,,,1,,1,,,5/12/15,2137,15-02016,5TH ST,,F STREET,,21453(a) VC,HEAD-ON,,,,,,,OTHER MOTOR VEHICLE,,,,,NO PEDESTRIANS INVOLVED,CONTROLS FUNCTIONING,
,,,,,1,,,,,,,,,,,,,,,,,,,5/14/15,1331,15-02039,MACE BL,,2ND ST,,,REAR END,,,,,,,OTHER MOTOR VEHICLE,,,,,NO PEDESTRIANS INVOLVED,CONTROLS FUNCTIONING,
,,,,,,,1,,,,,,,,,,,,,,,,,5/15/15,1220,15-02048,OESTE DR,,W 8TH ST,,§21802(a) CVC,BROADSIDE,1,,,,,,OTHER MOTOR VEHICLE,,,,,NO PEDESTRIANS INVOLVED,CONTROLS FUNCTIONING,
,1,1,,,,,,,,,,,,,,,,,,,,,,5/15/15,1621,15-02053,ARLINGTON BLVD(BIKE PATH ADJACENT),CABOT,,,21801(a),OTHER,1,1.0,1.0,,,,BICYCLE,,,AUTO VS BIKE,,NO PEDESTRIANS INVOLVED,CONTROLS FUNCTIONING,
,,,,,,,,,,,,,,,,,,,,,,,,5/15/15,1722,15-02055,CHILES RD,I80 OFF RAMP TO CHILES RD,,,22350 vc,REAR END,1,,,,,,OTHER MOTOR VEHICLE,,,,,NO PEDESTRIANS INVOLVED,CONTROLS FUNCTIONING,
,,,,,,,,,,,,,,,,,,,1,,,,,5/20/15,1230,15-02117,330 E ST,,,,22106,REAR END,,,,,,,OTHER MOTOR VEHICLE,,,,,NO PEDESTRIANS INVOLVED,,
,,,1,,,,,,,,,,,,,,,,,,,,,5/21/15,724,15-02120,ARLINGTON BL,,CALAVERA AV,,§21801(a) CVC,BROADSIDE,1,,,,,,OTHER MOTOR VEHICLE,,,,,NO PEDESTRIANS INVOLVED,CONTROLS FUNCTIONING,
,,,,,1,,,,,,,,,,,,,,,,,1,,5/16/15,1428,15-02125,L ST,,2ND ST,,23152 CVC,HIT OBJECT,,,,,,,FIXED OBJECT,,,,RAILROAD TRACKS,NO PEDESTRIANS INVOLVED,CONTROLS FUNCTIONING,
,,,,,,,,,,,,,,,,,,,,,,,,5/21/15,1222,15-02132,HANOVER DR,W COVELL BL,,,22350,REAR END,1,,,,,,PARKED MOTOR VEHICLE,,,,,IN ROAD - INCLUDES SHOULDER,NO CONTROLS PRESENT/FACTOR,
,,,,,,1,,,,,,,,,,,,,1,,1,,,5/22/15,228,15-02139,5TH ST,,C ST,,23152(a) VC,HIT OBJECT,,,,,,,FIXED OBJECT,,,,LIGHT POLE,NO PEDESTRIANS INVOLVED,CONTROLS FUNCTIONING,
,1,,,,,,,,,,,,,,,,,,,,,,,5/18/15,1700,15-02151,RUSSELL BLVD,,SYCAMORE LN,,21451(a) CVC,BROADSIDE,1,1.0,1.0,,,,BICYCLE,,,,,NO PEDESTRIANS INVOLVED,CONTROLS FUNCTIONING,
,,,,,,,,,,,,,,,,,1,,,,,,,5/27/15,1511,15-02213,RUSSELL BLVD,HWY 113,,,,REAR END,,,,,,,OTHER MOTOR VEHICLE,,,,,NO PEDESTRIANS INVOLVED,CONTROLS FUNCTIONING,On Duty Emergency Vehicle
,1,,,,,,,,,,,,,,,,,,,,,,,5/27/15,1200,15-02217,RICHARDS BLVD,,RESEARCH PARK,,22350,OTHER,1,1.0,1.0,,,,BICYCLE,,,,,NO PEDESTRIANS INVOLVED,CONTROLS FUNCTIONING,
,,,,,,,,,,,,,,,,,,,,,,,,5/29/15,811,15-02254,4810 CHILES RD,,,,,REAR END,,,,,,,PARKED MOTOR VEHICLE,,,,,NO PEDESTRIANS INVOLVED,NO CONTROLS PRESENT/FACTOR,
,1,,,,,,,,1,,,,,,,,,,1,,,,,5/29/15,1316,15-02259,3RD ST,,F ST.,,22107 CVC,OTHER,,,,,,,BICYCLE,,,AUTO V. BIKE,,NO PEDESTRIANS INVOLVED,CONTROLS FUNCTIONING,
,,,,,,,,,,,,,,,,,1,,,,,,,5/29/15,1736,15-02265,RUSSELL BL,ARLINGTON BLVD,,,22350,REAR END,,,,,,,OTHER MOTOR VEHICLE,,,,,CROSSING IN CROSSWALK - NOT IN INTERSECTION,NO CONTROLS PRESENT/FACTOR,
,,,,,,,,,,,,,,,,1,,,,,,,,5/30/15,153,15-02269,POLE LINE RD,CHESTNUT PLACE,CHESTNUT PLACE,,23152(a) CVC,HIT OBJECT,2,,,,,,FIXED OBJECT,,,,PEDESTRAIN SAFETY ISLAND,NO PEDESTRIANS INVOLVED,NO CONTROLS PRESENT/FACTOR,
,,,,,,,,,,,,,,,,1,,,,,,,,5/30/15,458,15-02271,COWELL BLVD,,POLE LINE RD,,23152(a) CVC,HIT OBJECT,1,,,,,,OTHER OBJECT,,,CENTER MEDIA,CENTER MEDIAN/ STREET SIGN,NO PEDESTRIANS INVOLVED,CONTROLS FUNCTIONING,
,1,1,1,,,,,,,1,,,,,,,,,,,,,,6/1/15,1316,15-02300,J ST,DREXEL DR,,,22450vc,OTHER,1,1.0,1.0,,,,BICYCLE,,,,,NO PEDESTRIANS INVOLVED,CONTROLS FUNCTIONING,
,,,,,,,,,,,,,,,,,,,1,,,,,5/28/15,1500,15-02308,4TH ST,,,,21802,BROADSIDE,,,,,,,OTHER MOTOR VEHICLE,,,,,NO PEDESTRIANS INVOLVED,CONTROLS FUNCTIONING,
,1,,1,,,,,,,,,,1,,,,,,,,,,,6/2/15,1021,15-02312,W 8TH ST,,ANDERSON RD,,22107,OTHER,2,2.0,2.0,,,,BICYCLE,,,BIKE VS BIKE,BIKE VS BIKE,NO PEDESTRIANS INVOLVED,CONTROLS FUNCTIONING,
,,,,,,,,,,,,,,,,,,,,,,,,6/3/15,0,15-02338,4926 COWELL BL,EL CEMONTE AVE,,,22350 CVC,REAR END,1,,,,,,PARKED MOTOR VEHICLE,,,,,NO PEDESTRIANS INVOLVED,NO CONTROLS PRESENT/FACTOR,
,,,,,,,,,,,,,,,,,,,,,1,,,6/5/15,142,15-02362,E STREET,6TH STREET,,,23152 (a) CVC,REAR END,,,,,,,PARKED MOTOR VEHICLE,,,,,NO PEDESTRIANS INVOLVED,CONTROLS FUNCTIONING,
,,,,,,,,,,,,,,,,,,,,,,,,6/5/15,1749,15-02373,CHILES RD,5200 CHILES ROAD,,,21804 CVC,HEAD-ON,1,,,,,,MOTOR VEHICLE ON OTHER RDWAY,,,,,NO PEDESTRIANS INVOLVED,NO CONTROLS PRESENT/FACTOR,
,,,,,,,,,,,,,,,,,,,,,,,,6/6/15,1500,15-02389,COWELL BL,OHLONE STREET,,,21460 (A) CVC,HEAD-ON,3,,,,,,OTHER MOTOR VEHICLE,,,,,NO PEDESTRIANS INVOLVED,NO CONTROLS PRESENT/FACTOR,
,,,,,,,,,,,,,,,,,,,,,,,,6/6/15,1230,15-02390,655 RUSSELL BL,,,,,HIT OBJECT,,,,,,,FIXED OBJECT,,,BUILDING,BUILDING,NO PEDESTRIANS INVOLVED,,
,,,1,,,,,,,,,,,1,,,,,,,,,,6/7/15,704,15-02395,E COVELL BL,ALHAMBRA DR,,,22107 VC,HIT OBJECT,,,,,,,FIXED OBJECT,,,,CEMENT CENTER MEDIAN,NO PEDESTRIANS INVOLVED,NO CONTROLS PRESENT/FACTOR,
,1,1,,,,,,,,,,,,,,,,,,,,,,6/8/15,1517,15-02424,VILLANOVA DR,,REED DR,,22350 cvc,OTHER,1,1.0,1.0,,,,BICYCLE,,,BICYCLE/PARKED CAR,,NO PEDESTRIANS INVOLVED,NO CONTROLS PRESENT/FACTOR,
1,,,,,,,,,,,,,,,,,,,,,,,,6/8/15,1713,15-02426,CHILES ROAD,MACE BLVD,,,21804(a) CVC,VEHICLE-PEDESTRIAN,1,,,,1.0,,PEDESTRIAN,,,,,CROSSING - NOT IN CROSSWALK,NO CONTROLS PRESENT/FACTOR,
,,,,,,,,,,,,,,,,,,,,,,,,6/10/15,1830,15-02460,L ST,DUKE DR,,,22107 VC,HEAD-ON,,,,,,,OTHER MOTOR VEHICLE,,,,,NO PEDESTRIANS INVOLVED,NO CONTROLS PRESENT/FACTOR,
,1,,,,,,1,,1,,,,,,,,,,,,,,,6/12/15,715,15-02489,E 8TH ST,,F ST,,21451(a),BROADSIDE,1,1.0,1.0,,,,BICYCLE,,,,,NO PEDESTRIANS INVOLVED,CONTROLS FUNCTIONING,
,,,,,,,,,,,,,,,1,,,,,,,,,6/12/15,1130,15-02494,RICHARDS BL,OLIVE DRIVE,,,22106 CVC,REAR END,,,,,,,OTHER MOTOR VEHICLE,,,,,NO PEDESTRIANS INVOLVED,CONTROLS FUNCTIONING,
,,,1,,,,,,,,,,,1,,,,,,,,,,6/12/15,1900,15-02496,E COVELL BL,ALHAMBRA BLVD,,,23152(a) VC,HIT OBJECT,,,,,,,FIXED OBJECT,,,,CENTER MEDIAN,NO PEDESTRIANS INVOLVED,NO CONTROLS PRESENT/FACTOR,
,,,,,,,,,,,,,,,,,,,,,,,,6/13/15,0,15-02504,LOYOLA DR,NUTMEG DR,,,23152(a) vc,SIDE SWIPE,,,,,,,PARKED MOTOR VEHICLE,,,,,NO PEDESTRIANS INVOLVED,NO CONTROLS PRESENT/FACTOR,
1,,,,,,,,,,,,,,1,,,,,,,,,,6/14/15,900,15-02514,CLAREMONT DR.,,L ST,,22350 CVC,BROADSIDE,1,,,,1.0,,PEDESTRIAN,,,,,CROSSING IN CROSSWALK AT INTERSECTION,CONTROLS FUNCTIONING,
,,,,,,,,,,,,,,,,,,,,,,,,6/16/15,1955,15-02554,1405 FARRAGUT CI,,,,22350 VC,HIT OBJECT,1,,,,,,FIXED OBJECT,,,,BUSHES/POST,NO PEDESTRIANS INVOLVED,CONTROLS FUNCTIONING,
,,,,,1,,,,,,,,,,,,,,,,,1,,6/17/15,1540,15-02572,2ND ST,L STREET,,,22350vc,REAR END,1,,,,,,OTHER MOTOR VEHICLE,,,,,NO PEDESTRIANS INVOLVED,CONTROLS FUNCTIONING,
,,,,,,,1,,,,,,,,,1,,,,,,,,6/19/15,1130,15-02598,POLE LINE RD,,E 8TH ST,,VC 22350,REAR END,,,,,,,OTHER MOTOR VEHICLE,,,,,NO PEDESTRIANS INVOLVED,CONTROLS FUNCTIONING,
,,,,1,,,,,,,,,,,,,,,1,,,,,6/22/15,1330,15-02637,1ST ST,E STREET,,,22107,SIDE SWIPE,,,,,,,OTHER MOTOR VEHICLE,,,,,NO PEDESTRIANS INVOLVED,CONTROLS FUNCTIONING,
,,,,,,,,,,,,,,,,1,,,,,,,,6/24/15,1150,15-02682,5TH ST,,POLE LINE ROAD,,22350,REAR END,,,,,,,OTHER MOTOR VEHICLE,,,,,NO PEDESTRIANS INVOLVED,CONTROLS FUNCTIONING,
,,,1,,,,,,,,,,,,,,,,,,,,,6/24/15,2200,15-02687,1503 BROWN DR,,,,22350,REAR END,,,,,,,OTHER MOTOR VEHICLE,,,,,NO PEDESTRIANS INVOLVED,NO CONTROLS PRESENT/FACTOR,
,,,1,,,,,,,,,,,,,,,,,,,,,6/26/15,700,15-02699,DRUMMOND AV,LILLARD DRIVE,,,22350 cvc,REAR END,,,,,,,MOTOR VEHICLE ON OTHER RDWAY,,,,,NO PEDESTRIANS INVOLVED,NO CONTROLS PRESENT/FACTOR,
,,,,,,,,,1,,,,,,,,,,,,1,,,6/28/15,2321,15-02720,F ST,,6TH ST,,21752(d)vc,BROADSIDE,1,,,,,,OTHER MOTOR VEHICLE,,,,,NO PEDESTRIANS INVOLVED,CONTROLS FUNCTIONING,
,,,,,,,,,,,,,,,,,,,,,,1,,6/29/15,1709,15-02732,4TH ST,,J ST,,21802(a) CVC,BROADSIDE,1,,,,,,MOTOR VEHICLE ON OTHER RDWAY,,,,,NO PEDESTRIANS INVOLVED,CONTROLS FUNCTIONING,
1,,,,,,,,,,,,,,,,,,,1,,,,,7/1/15,1555,15-02761,320 G STREET- PARKING LOT,,,,22106 CVC,VEHICLE-PEDESTRIAN,1,,,,1.0,,PEDESTRIAN,,,,,NOT IN ROAD,NO CONTROLS PRESENT/FACTOR,
,,,,,,,,,,,,,,,,,,,,,,,,7/2/15,1113,15-02771,1361 W COVELL BL,,,,22352,HIT OBJECT,,,,,,,FIXED OBJECT,,,,PLANTER BOXES,NO PEDESTRIANS INVOLVED,NO CONTROLS PRESENT/FACTOR,
,,,,,1,,,,,,,,,,,,,,,,,,,7/2/15,1412,15-02773,3600 2ND ST,,,,,,1,,,,,,,,,,,,,
1,,,1,,,,,,,,,,,,,,,,,,,,,7/3/15,1216,15-02781,CALAVERAS AVE,,,,22350vc,VEHICLE-PEDESTRIAN,1,,,,1.0,,PEDESTRIAN,,,,,IN ROAD - INCLUDES SHOULDER,CONTROLS FUNCTIONING,
,,,,,,,,,,,,,,,,,,,,,,,,7/3/15,2127,15-02787,BERMUDA AV,HUBBLE  ST,,,22107 CVC,SIDE SWIPE,,,,,,,PARKED MOTOR VEHICLE,,,,,NO PEDESTRIANS INVOLVED,NO CONTROLS PRESENT/FACTOR,
,,,,,,,,,,,,,,,,,,,,,,,,7/3/15,2303,15-02789,RICHARDS BLVD,,I-80 EAST BOUND,,21451(b),BROADSIDE,3,,,,,,OTHER MOTOR VEHICLE,,,,,NO PEDESTRIANS INVOLVED,CONTROLS FUNCTIONING,
,,,,,,,1,,,,,,,,,,,,,,,,,7/4/15,1906,15-02795,E 8TH ST,,D STREET,,23152(a),BROADSIDE,,,,,,,OTHER MOTOR VEHICLE,,,,,NO PEDESTRIANS INVOLVED,CONTROLS FUNCTIONING,
,1,,1,,,,,,1,,,,,1,,,,,,,,,,7/6/15,730,15-02816,F ST,COVELL BLVD,,,21950(a) P.C.,BROADSIDE,1,1.0,1.0,,,,BICYCLE,,,,,NO PEDESTRIANS INVOLVED,CONTROLS FUNCTIONING,
,,,,,,,,,,,,,,,,,,,,,,1,,7/7/15,848,15-02822,4TH ST,,I ST,,21802(a) CVC,BROADSIDE,1,,,,,,OTHER MOTOR VEHICLE,,,,,NO PEDESTRIANS INVOLVED,CONTROLS FUNCTIONING,
,,,,,,,,,,,,,,,,,,,1,,,,,7/8/15,1824,15-02847,3RD ST,,H ST,,22100(b),SIDE SWIPE,,,,,,,OTHER MOTOR VEHICLE,,,,,NO PEDESTRIANS INVOLVED,NO CONTROLS PRESENT/FACTOR,
,1,,1,,,,,,,,,,1,,,,,,,,,,,7/8/15,1825,15-02848,ANDERSON RD,AMHERST,,,22517VCV,OTHER,1,1.0,1.0,,,,BICYCLE,,,,,NO PEDESTRIANS INVOLVED,NO CONTROLS PRESENT/FACTOR,
,,,,,,,,,,,,,,,,,,,,,,,,7/10/15,214,15-02883,PICASSO AV,RENOIR AV,,,23152(A) VC,SIDE SWIPE,,,,,,,PARKED MOTOR VEHICLE,,,,,NO PEDESTRIANS INVOLVED,NO CONTROLS PRESENT/FACTOR,22107 VC
,,,1,,,,,,,,,,,,,,,,,,,,,7/11/15,1411,15-02900,M ST,COLGATE DR,,,22107 VC,SIDE SWIPE,,,,,,,PARKED MOTOR VEHICLE,,,,,NO PEDESTRIANS INVOLVED,NO CONTROLS PRESENT/FACTOR,
,,,,,,1,,,,,,,,,,,,,,,,,,7/12/15,1729,15-02906,5TH ST,,,,,,,,,,,,,,,,,,,
,,,,,,,,,,,,,,,,,1,,,,,,,7/5/15,347,15-02940,RUSSELL BL,LAKE BLVD,,,,HIT OBJECT,1,,,,,,FIXED OBJECT,,,,TREE,NO PEDESTRIANS INVOLVED,NO CONTROLS PRESENT/FACTOR,
,,,,,,,,,,,,,,,,,,,,,,,,7/16/15,0,15-02965,2701 BIDWELL ST,,,,,,,,,,,,,,,,,,,
,,,,,,,,,,,,,,,,,,,,,,,,7/16/15,1500,15-02972,PRADO LN,,SAN SEBASTIAN ST,,22107 ,BROADSIDE,,,,,,,PARKED MOTOR VEHICLE,,,,,NO PEDESTRIANS INVOLVED,NO CONTROLS PRESENT/FACTOR,
,,,,,,,,,,,,,,,,,,,,,,,,7/16/15,1330,15-02973,ARTHUR ST,ADAMS STREET,,,22106VC,REAR END,,,,,,,PARKED MOTOR VEHICLE,,,,,NO PEDESTRIANS INVOLVED,NO CONTROLS PRESENT/FACTOR,
,,,,,1,,,,,,,,,,,,,,,,,,,7/18/15,1153,15-03001,2ND ST,CANTRILL DR,,,21460.5(c) VC,SIDE SWIPE,3,,,,,,OTHER MOTOR VEHICLE,,,,,NO PEDESTRIANS INVOLVED,NO CONTROLS PRESENT/FACTOR,
,,,,,,1,,,,,,,,,,,,,,,,1,,7/20/15,1044,15-03012,L ST,5TH STREET,,,21804(a) vc,BROADSIDE,2,,,,,,OTHER MOTOR VEHICLE,,,,,NO PEDESTRIANS INVOLVED,NO CONTROLS PRESENT/FACTOR,
,,,,,,,,,,,,,,,,,,,,,,,,7/21/15,1911,15-03028,RICHARDS BL,,E/B I-80 OFF RAMP AT RICHARDS BLVD,,21804(a) VC,SIDE SWIPE,1,,,,,,OTHER MOTOR VEHICLE,,,,,NO PEDESTRIANS INVOLVED,CONTROLS FUNCTIONING,
,,,,,,,,,,,,,,,,,,,,,,,,7/21/15,2300,15-03047,POMONA DR,,N ST,,22107,SIDE SWIPE,,,,,,,PARKED MOTOR VEHICLE,,,,,NO PEDESTRIANS INVOLVED,NO CONTROLS PRESENT/FACTOR,
,,,1,,,,,,,,,,,,,,,,,,,,,7/24/15,920,15-03081,1811 RENOIR AV,,,,22107,SIDE SWIPE,,,,,,,OTHER MOTOR VEHICLE,,,,,NO PEDESTRIANS INVOLVED,NO CONTROLS PRESENT/FACTOR,
,1,,1,,,,,,,,,,,,,,,,,,,,,7/27/15,1750,15-03104,SHASTA DRIVE,,EL CAPITAN SREET,,22450(a),BROADSIDE,1,1.0,1.0,,,,BICYCLE,,,,,NO PEDESTRIANS INVOLVED,CONTROLS FUNCTIONING,
,,,,,,,,,,,,,,,,,,,,,,,,7/28/15,528,15-03107,COWELL BL,,DREW CIRCLE,,,HEAD-ON,,,,,,,FIXED OBJECT,,,,TRAFFIC LIGHT POLE,NO PEDESTRIANS INVOLVED,CONTROLS FUNCTIONING,knocked down traffic light pole
,1,,,,,,,,,,,1,,,,,,,,,,,,7/28/15,1716,15-03128,ALVARADO AVE,,ANDERSON RD,,21200.5VC,OTHER,1,1.0,1.0,,,,BICYCLE,,,SOLO BIKE,SOLO BIKE,NO PEDESTRIANS INVOLVED,CONTROLS FUNCTIONING,
,,,,,,,,,,,,,,,,1,,,,,,,,7/28/15,1943,15-03129,POLE LINE RD,WAHL WAY,,,22350 vc,HIT OBJECT,1,,,,,,FIXED OBJECT,,,,CURB,NO PEDESTRIANS INVOLVED,CONTROLS FUNCTIONING,
,,,,,,,,,,,,,,,,,,,,,,1,,7/30/15,1717,15-03156,3RD ST,,J ST,,21802(a) CVC,BROADSIDE,1,,,,,,OTHER MOTOR VEHICLE,,,,,NO PEDESTRIANS INVOLVED,CONTROLS FUNCTIONING,
,,,,,,,,,,,,,,,,,,,,,,,,7/25/15,2500,15-03410,819 CHRISTIE CT,,,,22107,SIDE SWIPE,,,,,,,PARKED MOTOR VEHICLE,,,,,NO PEDESTRIANS INVOLVED,NO CONTROLS PRESENT/FACTOR,